ecc,N,gammaG,Esoil,Econc,Dbot,H1,H2,H3,Mr_t,Mt_t,Mr_c,Mt_c
0,2000,0.9,25,30000,17,0.8,1.0,0.8,0.0821004914,0.0556484142,0.0821004914,0.0556484142
10,2000,0.9,25,30000,17,0.8,1.0,0.8,-0.5970842178,-0.2334701897,1.1606478732,0.6050156247
18,2000,0.9,25,30000,17,0.8,1.0,0.8,-1.0941964342,-0.5661296668,1.9081881459,0.947769781
26,2000,0.9,25,30000,17,0.8,1.0,0.8,-1.416485458,-0.8650391282,2.8447058803,1.3105453343
0,2000,0.9,25,37000,17,0.8,1.0,0.8,0.079570208,0.0542127634,0.079570208,0.0542127634
10,2000,0.9,25,37000,17,0.8,1.0,0.8,-0.5979929374,-0.2334586346,1.158564094,0.6039841603
18,2000,0.9,25,37000,17,0.8,1.0,0.8,-1.0899199546,-0.5636598764,1.9112391104,0.9487038466
26,2000,0.9,25,37000,17,0.8,1.0,0.8,-1.4147972181,-0.86509723,2.850225624,1.3115681922
0,2000,0.9,75,30000,17,0.8,1.0,0.8,0.0643767735,0.0419633725,0.0643767735,0.0419633725
10,2000,0.9,75,30000,17,0.8,1.0,0.8,-0.5983892647,-0.2422602358,0.9619109161,0.5823220816
18,2000,0.9,75,30000,17,0.8,1.0,0.8,-1.0712338081,-0.5606186535,1.6970581747,0.9168537425
26,2000,0.9,75,30000,17,0.8,1.0,0.8,-1.3384576222,-0.8671442991,2.7416505264,1.270945759
0,2000,0.9,75,37000,17,0.8,1.0,0.8,0.0594786179,0.0387275288,0.0594786179,0.0387275288
10,2000,0.9,75,37000,17,0.8,1.0,0.8,-0.6203842962,-0.2443438834,0.9164149322,0.5786365722
18,2000,0.9,75,37000,17,0.8,1.0,0.8,-1.0690206716,-0.5613707987,1.6713118668,0.9152122796
26,2000,0.9,75,37000,17,0.8,1.0,0.8,-1.3295373919,-0.8657388105,2.7477594552,1.274386167
0,2000,1.1,25,30000,17,0.8,1.0,0.8,0.0342945722,0.021557888,0.0342945722,0.021557888
10,2000,1.1,25,30000,17,0.8,1.0,0.8,-0.5435112955,-0.2250573312,1.0646110475,0.6015861907
18,2000,1.1,25,30000,17,0.8,1.0,0.8,-1.1368862564,-0.5557451116,1.7923310376,0.9469135114
26,2000,1.1,25,30000,17,0.8,1.0,0.8,-1.4519915153,-0.8571232941,2.7329346942,1.3102700089
0,2000,1.1,25,37000,17,0.8,1.0,0.8,0.0244144575,0.0140799234,0.0244144575,0.0140799234
10,2000,1.1,25,37000,17,0.8,1.0,0.8,-0.5495566738,-0.222874045,1.005693886,0.6056641674
18,2000,1.1,25,37000,17,0.8,1.0,0.8,-1.1494879903,-0.5555384944,1.7463590045,0.9521496117
26,2000,1.1,25,37000,17,0.8,1.0,0.8,-1.4518843443,-0.8567012716,2.7149605776,1.3176206487
0,2000,1.1,75,30000,17,0.8,1.0,0.8,0.0323432268,0.0203015429,0.0323432268,0.0203015429
10,2000,1.1,75,30000,17,0.8,1.0,0.8,-0.5448043606,-0.2290456029,0.9276068339,0.5858228687
18,2000,1.1,75,30000,17,0.8,1.0,0.8,-1.1437978563,-0.5565725174,1.6247698929,0.9179391184
26,2000,1.1,75,30000,17,0.8,1.0,0.8,-1.3868935654,-0.8581223917,2.6405482005,1.2722199861
0,2000,1.1,75,37000,17,0.8,1.0,0.8,0.0324030477,0.0203413039,0.0324030477,0.0203413039
10,2000,1.1,75,37000,17,0.8,1.0,0.8,-0.5454237017,-0.2286095537,0.9285386574,0.5871619227
18,2000,1.1,75,37000,17,0.8,1.0,0.8,-1.1443456603,-0.5565131948,1.6280074812,0.9202024789
26,2000,1.1,75,37000,17,0.8,1.0,0.8,-1.3840392195,-0.8574315982,2.6498771375,1.2756648854
0,5000,0.9,25,30000,17,0.8,1.0,0.8,0.0821004914,0.0556484142,0.0821004914,0.0556484142
10,5000,0.9,25,30000,17,0.8,1.0,0.8,-1.2208292355,-0.6290335517,2.8651885574,1.4932767292
18,5000,0.9,25,30000,17,0.8,1.0,0.8,-2.1559213364,-1.402416122,5.4733147681,2.4060890774
26,5000,0.9,25,30000,17,0.8,1.0,0.8,-3.1275094638,-2.1862915745,8.3024971212,3.3268842281
0,5000,0.9,25,37000,17,0.8,1.0,0.8,0.079570208,0.0542127634,0.079570208,0.0542127634
10,5000,0.9,25,37000,17,0.8,1.0,0.8,-1.226037354,-0.6287315685,2.8596787221,1.4972648738
18,5000,0.9,25,37000,17,0.8,1.0,0.8,-2.1512904706,-1.4019727599,5.4912242357,2.4103439874
26,5000,0.9,25,37000,17,0.8,1.0,0.8,-3.1232241594,-2.1857857878,8.3309271445,3.3326106753
0,5000,0.9,75,30000,17,0.8,1.0,0.8,0.0643767735,0.0419633725,0.0643767735,0.0419633725
10,5000,0.9,75,30000,17,0.8,1.0,0.8,-1.1812705196,-0.6332102548,2.6103200369,1.4163757718
18,5000,0.9,75,30000,17,0.8,1.0,0.8,-1.957485966,-1.4096725774,5.7426445429,2.3435253044
26,5000,0.9,75,30000,17,0.8,1.0,0.8,-2.9038794186,-2.1891991158,8.9346853219,3.258198217
0,5000,0.9,75,37000,17,0.8,1.0,0.8,0.0594786179,0.0387275288,0.0594786179,0.0387275288
10,5000,0.9,75,37000,17,0.8,1.0,0.8,-1.1879190427,-0.6361474725,2.6201940452,1.4154601738
18,5000,0.9,75,37000,17,0.8,1.0,0.8,-1.9497421953,-1.4084770534,5.7734512369,2.3497137401
26,5000,0.9,75,37000,17,0.8,1.0,0.8,-2.8827769821,-2.1890824724,9.0212119431,3.255681951
0,5000,1.1,25,30000,17,0.8,1.0,0.8,0.0342945722,0.021557888,0.0342945722,0.021557888
10,5000,1.1,25,30000,17,0.8,1.0,0.8,-1.2101503722,-0.5769126192,2.8952743741,1.5310116588
18,5000,1.1,25,30000,17,0.8,1.0,0.8,-2.1264452725,-1.3476042127,5.4061673647,2.4452278292
26,5000,1.1,25,30000,17,0.8,1.0,0.8,-3.1308120116,-2.1288878431,8.1930433533,3.3746687846
0,5000,1.1,25,37000,17,0.8,1.0,0.8,0.0244144575,0.0140799234,0.0244144575,0.0140799234
10,5000,1.1,25,37000,17,0.8,1.0,0.8,-1.223241944,-0.571496944,2.8739793364,1.5537952639
18,5000,1.1,25,37000,17,0.8,1.0,0.8,-2.1203552346,-1.3456832585,5.4235323095,2.4602723739
26,5000,1.1,25,37000,17,0.8,1.0,0.8,-3.1248254295,-2.1279860818,8.2142621639,3.3830412248
0,5000,1.1,75,30000,17,0.8,1.0,0.8,0.0323432268,0.0203015429,0.0323432268,0.0203015429
10,5000,1.1,75,30000,17,0.8,1.0,0.8,-1.1885870717,-0.5884786854,2.6462664398,1.4629576412
18,5000,1.1,75,30000,17,0.8,1.0,0.8,-1.931718576,-1.3531134395,5.5871782116,2.3861662007
26,5000,1.1,75,30000,17,0.8,1.0,0.8,-2.8463366361,-2.1305181128,8.8450024753,3.3179693437
0,5000,1.1,75,37000,17,0.8,1.0,0.8,0.0324030477,0.0203413039,0.0324030477,0.0203413039
10,5000,1.1,75,37000,17,0.8,1.0,0.8,-1.1881276642,-0.5872641047,2.6544833689,1.4684943292
18,5000,1.1,75,37000,17,0.8,1.0,0.8,-1.9207529304,-1.3515339662,5.6217747609,2.3940757524
26,5000,1.1,75,37000,17,0.8,1.0,0.8,-2.8287471634,-2.1293933775,8.9068343278,3.3252442664
0,2000,0.9,25,30000,17,0.8,1.0,1.2,0.1095202815,0.0680900062,0.1095202815,0.0680900062
10,2000,0.9,25,30000,17,0.8,1.0,1.2,-0.6671471809,-0.2496106421,1.0615800373,0.5910305004
18,2000,0.9,25,30000,17,0.8,1.0,1.2,-1.143701037,-0.5709335862,1.8294135427,0.9420712917
26,2000,0.9,25,30000,17,0.8,1.0,1.2,-1.4524861718,-0.851523726,2.7507482671,1.3182717353
0,2000,0.9,25,37000,17,0.8,1.0,1.2,0.1105566937,0.0689065096,0.1105566937,0.0689065096
10,2000,0.9,25,37000,17,0.8,1.0,1.2,-0.6681168915,-0.2493362198,1.0605263577,0.5919367086
18,2000,0.9,25,37000,17,0.8,1.0,1.2,-1.1431055081,-0.5716811166,1.832400271,0.9437376958
26,2000,0.9,25,37000,17,0.8,1.0,1.2,-1.4508465694,-0.8513887496,2.7569701921,1.3204910823
0,2000,0.9,75,30000,17,0.8,1.0,1.2,0.0598426295,0.0373913111,0.0598426295,0.0373913111
10,2000,0.9,75,30000,17,0.8,1.0,1.2,-0.6632063992,-0.2604742349,0.8563709381,0.5880178301
18,2000,0.9,75,30000,17,0.8,1.0,1.2,-1.2022474671,-0.5788295597,1.5889939946,0.9232907698
26,2000,0.9,75,30000,17,0.8,1.0,1.2,-1.3834442301,-0.846833412,2.6166850302,1.3008237622
0,2000,0.9,75,37000,17,0.8,1.0,1.2,0.0599821835,0.0374799995,0.0599821835,0.0374799995
10,2000,0.9,75,37000,17,0.8,1.0,1.2,-0.5924800262,-0.249052878,1.0162086715,0.6209566376
18,2000,0.9,75,37000,17,0.8,1.0,1.2,-1.1475214074,-0.5689550367,1.7363423295,0.9557401633
26,2000,0.9,75,37000,17,0.8,1.0,1.2,-1.3588715798,-0.8431106589,2.7062089231,1.3246381724
0,2000,1.1,25,30000,17,0.8,1.0,1.2,0.0402488163,0.0238241613,0.0402488163,0.0238241613
10,2000,1.1,25,30000,17,0.8,1.0,1.2,-0.5665992825,-0.2425177746,0.971897902,0.5832938661
18,2000,1.1,25,30000,17,0.8,1.0,1.2,-1.1897778594,-0.5720938204,1.704595324,0.9305654219
26,2000,1.1,25,30000,17,0.8,1.0,1.2,-1.5083050151,-0.8578417084,2.6311439445,1.3075503479
0,2000,1.1,25,37000,17,0.8,1.0,1.2,0.0403194769,0.0238690209,0.0403194769,0.0238690209
10,2000,1.1,25,37000,17,0.8,1.0,1.2,-0.5669598224,-0.2424351563,0.9728930848,0.5841977293
18,2000,1.1,25,37000,17,0.8,1.0,1.2,-1.1899484733,-0.5722278532,1.7073104572,0.9321437354
26,2000,1.1,25,37000,17,0.8,1.0,1.2,-1.5071854313,-0.8579508436,2.6378963708,1.3098960041
0,2000,1.1,75,30000,17,0.8,1.0,1.2,0.0380841176,0.0224981929,0.0380841176,0.0224981929
10,2000,1.1,75,30000,17,0.8,1.0,1.2,-0.582396991,-0.2502416224,0.8611981517,0.5580231666
18,2000,1.1,75,30000,17,0.8,1.0,1.2,-1.2077809805,-0.5757099801,1.5521068047,0.8910347007
26,2000,1.1,75,30000,17,0.8,1.0,1.2,-1.452717592,-0.8527592964,2.5126639034,1.2633658972
0,2000,1.1,75,37000,17,0.8,1.0,1.2,0.0381605374,0.0225467853,0.0381605374,0.0225467853
10,2000,1.1,75,37000,17,0.8,1.0,1.2,-0.5837311699,-0.2500428633,0.8614620118,0.5591462808
18,2000,1.1,75,37000,17,0.8,1.0,1.2,-1.2087968449,-0.5758012723,1.5545634789,0.893157717
26,2000,1.1,75,37000,17,0.8,1.0,1.2,-1.4507513874,-0.8522767331,2.5207098248,1.2668366342
0,5000,0.9,25,30000,17,0.8,1.0,1.2,0.1095202815,0.0680900062,0.1095202815,0.0680900062
10,5000,0.9,25,30000,17,0.8,1.0,1.2,-1.2825910692,-0.647985902,2.8539886759,1.4505848549
18,5000,0.9,25,30000,17,0.8,1.0,1.2,-2.1401804976,-1.3598996981,5.4146882275,2.4276541427
26,5000,0.9,25,30000,17,0.8,1.0,1.2,-3.1038225256,-2.0869987178,8.2409312474,3.4119667873
0,5000,0.9,25,37000,17,0.8,1.0,1.2,0.1105566937,0.0689065096,0.1105566937,0.0689065096
10,5000,0.9,25,37000,17,0.8,1.0,1.2,-1.2792039127,-0.6475547606,2.8700506415,1.4536086271
18,5000,0.9,25,37000,17,0.8,1.0,1.2,-2.1342236166,-1.3586685629,5.4296239427,2.4326195242
26,5000,0.9,25,37000,17,0.8,1.0,1.2,-3.0980073942,-2.085918475,8.2653863525,3.4170110719
0,5000,0.9,75,30000,17,0.8,1.0,1.2,0.0598426295,0.0373913111,0.0598426295,0.0373913111
10,5000,0.9,75,30000,17,0.8,1.0,1.2,-1.2977696299,-0.6499135678,2.552193041,1.4367579419
18,5000,0.9,75,30000,17,0.8,1.0,1.2,-1.9705760254,-1.3409376858,5.5803106861,2.4199527514
26,5000,0.9,75,30000,17,0.8,1.0,1.2,-2.8212714128,-2.0522218189,8.9318109959,3.4096005531
0,5000,0.9,75,37000,17,0.8,1.0,1.2,0.0599821835,0.0374799995,0.0599821835,0.0374799995
10,5000,0.9,75,37000,17,0.8,1.0,1.2,-1.2811164581,-0.6415289416,2.6357908296,1.4820548837
18,5000,0.9,75,37000,17,0.8,1.0,1.2,-1.9506598538,-1.3341659252,5.6395226893,2.4509325129
26,5000,0.9,75,37000,17,0.8,1.0,1.2,-2.7998063252,-2.0471754773,8.9950921877,3.4359750994
0,5000,1.1,25,30000,17,0.8,1.0,1.2,0.0402488163,0.0238241613,0.0402488163,0.0238241613
10,5000,1.1,25,30000,17,0.8,1.0,1.2,-1.26690596,-0.6021141387,2.8320627734,1.4904289159
18,5000,1.1,25,30000,17,0.8,1.0,1.2,-2.1294646538,-1.3212357997,5.3098420907,2.4490451706
26,5000,1.1,25,30000,17,0.8,1.0,1.2,-3.1024952048,-2.0439822075,8.1043303881,3.4426829904
0,5000,1.1,25,37000,17,0.8,1.0,1.2,0.0403194769,0.0238690209,0.0403194769,0.0238690209
10,5000,1.1,25,37000,17,0.8,1.0,1.2,-1.2636350912,-0.6009813759,2.8455054838,1.4962662669
18,5000,1.1,25,37000,17,0.8,1.0,1.2,-2.1240989728,-1.3201835188,5.325799518,2.4542228053
26,5000,1.1,25,37000,17,0.8,1.0,1.2,-3.0929136565,-2.0422464928,8.1400949858,3.4485159598
0,5000,1.1,75,30000,17,0.8,1.0,1.2,0.0380841176,0.0224981929,0.0380841176,0.0224981929
10,5000,1.1,75,30000,17,0.8,1.0,1.2,-1.2783474686,-0.6153720826,2.6420361845,1.4650154832
18,5000,1.1,75,30000,17,0.8,1.0,1.2,-1.9436664807,-1.3053880103,5.4393433617,2.4349114871
26,5000,1.1,75,30000,17,0.8,1.0,1.2,-2.7732094893,-2.0095973056,8.7636652493,3.4489780175
0,5000,1.1,75,37000,17,0.8,1.0,1.2,0.0381605374,0.0225467853,0.0381605374,0.0225467853
10,5000,1.1,75,37000,17,0.8,1.0,1.2,-1.2809501052,-0.6156141286,2.6772536587,1.4560488522
18,5000,1.1,75,37000,17,0.8,1.0,1.2,-1.93484808,-1.3032101725,5.4847005815,2.4337175007
26,5000,1.1,75,37000,17,0.8,1.0,1.2,-2.7553570324,-2.0070675845,8.8353181284,3.4522134589
0,2000,0.9,25,30000,17,0.8,1.0,1.6,0.1084385021,0.0659419962,0.1084385021,0.0659419962
10,2000,0.9,25,30000,17,0.8,1.0,1.6,-0.6614641932,-0.2562360502,1.0996347303,0.5900937552
18,2000,0.9,25,30000,17,0.8,1.0,1.6,-1.1851446807,-0.5839427831,1.8272476629,0.9433361991
26,2000,0.9,25,30000,17,0.8,1.0,1.6,-1.502017154,-0.8619084348,2.7152379777,1.3276673551
0,2000,0.9,25,37000,17,0.8,1.0,1.6,0.1082311979,0.0659130167,0.1082311979,0.0659130167
10,2000,0.9,25,37000,17,0.8,1.0,1.6,-0.6610561251,-0.2557649363,1.1030633614,0.5909335846
18,2000,0.9,25,37000,17,0.8,1.0,1.6,-1.1840765481,-0.5839690751,1.8324318508,0.9449560563
26,2000,0.9,25,37000,17,0.8,1.0,1.6,-1.5006947298,-0.8618294525,2.7230310636,1.3300373606
0,2000,0.9,75,30000,17,0.8,1.0,1.6,0.1104102207,0.0671316279,0.1104102207,0.0671316279
10,2000,0.9,75,30000,17,0.8,1.0,1.6,-0.6611943896,-0.2578824379,1.1515624269,0.5746991739
18,2000,0.9,75,30000,17,0.8,1.0,1.6,-1.1910131293,-0.5799346535,1.8532401612,0.9167068025
26,2000,0.9,75,30000,17,0.8,1.0,1.6,-1.4388359141,-0.8523363523,2.7269752591,1.2911206891
0,2000,0.9,75,37000,17,0.8,1.0,1.6,0.1095016068,0.0678779512,0.1095016068,0.0678779512
10,2000,0.9,75,37000,17,0.8,1.0,1.6,-0.5491517953,-0.2396771757,1.3450274447,0.5946248601
18,2000,0.9,75,37000,17,0.8,1.0,1.6,-1.1770693876,-0.5703019612,1.9814278177,0.9287260252
26,2000,0.9,75,37000,17,0.8,1.0,1.6,-1.4093774591,-0.8466455011,2.8392694027,1.3028306627
0,2000,1.1,25,30000,17,0.8,1.0,1.6,0.0462705566,0.0267135562,0.0462705566,0.0267135562
10,2000,1.1,25,30000,17,0.8,1.0,1.6,-0.5757547746,-0.2567785633,0.9652250627,0.5772933637
18,2000,1.1,25,30000,17,0.8,1.0,1.6,-1.2026323121,-0.5870936808,1.6958223846,0.9277917632
26,2000,1.1,25,30000,17,0.8,1.0,1.6,-1.5835344774,-0.8813242598,2.5794489769,1.308616398
0,2000,1.1,25,37000,17,0.8,1.0,1.6,0.0463587171,0.0267685743,0.0463587171,0.0267685743
10,2000,1.1,25,37000,17,0.8,1.0,1.6,-0.5735524684,-0.2564817613,0.966626793,0.5782939886
18,2000,1.1,25,37000,17,0.8,1.0,1.6,-1.2012603878,-0.587056321,1.6987016964,0.9294216405
26,2000,1.1,25,37000,17,0.8,1.0,1.6,-1.5809801225,-0.878700872,2.5853735518,1.3116027664
0,2000,1.1,75,30000,17,0.8,1.0,1.6,0.0438405125,0.0252503574,0.0438405125,0.0252503574
10,2000,1.1,75,30000,17,0.8,1.0,1.6,-0.6332125014,-0.2728748596,0.8324575758,0.5439550185
18,2000,1.1,75,30000,17,0.8,1.0,1.6,-1.2705275817,-0.6003689267,1.5211752558,0.8804086132
26,2000,1.1,75,30000,17,0.8,1.0,1.6,-1.5498919971,-0.8791919013,2.425846324,1.2568901024
0,2000,1.1,75,37000,17,0.8,1.0,1.6,0.0439437477,0.0253148698,0.0439437477,0.0253148698
10,2000,1.1,75,37000,17,0.8,1.0,1.6,-0.6349730224,-0.2727221482,0.8325298433,0.5450299388
18,2000,1.1,75,37000,17,0.8,1.0,1.6,-1.2723107113,-0.6004929929,1.5231856188,0.8824562881
26,2000,1.1,75,37000,17,0.8,1.0,1.6,-1.5502057792,-0.8804915475,2.4360971379,1.2601820044
0,5000,0.9,25,30000,17,0.8,1.0,1.6,0.1084385021,0.0659419962,0.1084385021,0.0659419962
10,5000,0.9,25,30000,17,0.8,1.0,1.6,-1.3099841246,-0.6654698172,2.9422067362,1.4706540636
18,5000,0.9,25,30000,17,0.8,1.0,1.6,-2.1429448984,-1.352630931,5.3924423531,2.4650405682
26,5000,0.9,25,30000,17,0.8,1.0,1.6,-3.1065020889,-2.0533663312,8.1919221802,3.493655889
0,5000,0.9,25,37000,17,0.8,1.0,1.6,0.1082311979,0.0659130167,0.1082311979,0.0659130167
10,5000,0.9,25,37000,17,0.8,1.0,1.6,-1.3094729483,-0.6654013762,2.9468524484,1.4729887128
18,5000,0.9,25,37000,17,0.8,1.0,1.6,-2.1368286172,-1.3513518226,5.4084486046,2.4698311485
26,5000,0.9,25,37000,17,0.8,1.0,1.6,-3.0981326703,-2.0514053061,8.221964417,3.5002103477
0,5000,0.9,75,30000,17,0.8,1.0,1.6,0.1104102207,0.0671316279,0.1104102207,0.0671316279
10,5000,0.9,75,30000,17,0.8,1.0,1.6,-1.3078161361,-0.6729684499,2.7498912683,1.4079055607
18,5000,0.9,75,30000,17,0.8,1.0,1.6,-1.9520059641,-1.3296711572,5.5548500704,2.434170834
26,5000,0.9,75,30000,17,0.8,1.0,1.6,-2.7838373759,-2.0020726373,8.8716777117,3.4979890986
0,5000,0.9,75,37000,17,0.8,1.0,1.6,0.1095016068,0.0678779512,0.1095016068,0.0678779512
10,5000,0.9,75,37000,17,0.8,1.0,1.6,-1.2937569839,-0.664454805,2.8045345347,1.4785100432
18,5000,0.9,75,37000,17,0.8,1.0,1.6,-1.9289519822,-1.3220413044,5.6041748232,2.487051301
26,5000,0.9,75,37000,17,0.8,1.0,1.6,-2.7554184492,-1.9944025865,8.9401525712,3.542369594
0,5000,1.1,25,30000,17,0.8,1.0,1.6,0.0462705566,0.0267135562,0.0462705566,0.0267135562
10,5000,1.1,25,30000,17,0.8,1.0,1.6,-1.3734639588,-0.6496582039,2.6307480528,1.4844192791
18,5000,1.1,25,30000,17,0.8,1.0,1.6,-2.1835890174,-1.3322300468,5.1600462077,2.484388174
26,5000,1.1,25,30000,17,0.8,1.0,1.6,-3.1123223792,-2.0221204848,8.0006522919,3.5180374363
0,5000,1.1,25,37000,17,0.8,1.0,1.6,0.0463587171,0.0267685743,0.0463587171,0.0267685743
10,5000,1.1,25,37000,17,0.8,1.0,1.6,-1.3720970364,-0.6490268263,2.6376921403,1.4882603572
18,5000,1.1,25,37000,17,0.8,1.0,1.6,-2.1784781334,-1.3306935133,5.1761948544,2.490306461
26,5000,1.1,25,37000,17,0.8,1.0,1.6,-3.1023354538,-2.0199221181,8.0298414805,3.5254170225
0,5000,1.1,75,30000,17,0.8,1.0,1.6,0.0438405125,0.0252503574,0.0438405125,0.0252503574
10,5000,1.1,75,30000,17,0.8,1.0,1.6,-1.5211943946,-0.6866189451,2.3170522117,1.3690695701
18,5000,1.1,75,30000,17,0.8,1.0,1.6,-2.030485457,-1.3148809862,5.2172940687,2.4196884689
26,5000,1.1,75,30000,17,0.8,1.0,1.6,-2.7783560425,-1.9708238657,8.6318847677,3.5070862323
0,5000,1.1,75,37000,17,0.8,1.0,1.6,0.0439437477,0.0253148698,0.0439437477,0.0253148698
10,5000,1.1,75,37000,17,0.8,1.0,1.6,-1.5206925782,-0.6855630631,2.3195467356,1.3744528925
18,5000,1.1,75,37000,17,0.8,1.0,1.6,-2.020990786,-1.311677516,5.2425307838,2.429864083
26,5000,1.1,75,37000,17,0.8,1.0,1.6,-2.7595515951,-1.9664145465,8.6955515819,3.5199476412
0,2000,0.9,25,30000,17,0.8,1.5,0.8,0.0899051225,0.064756202,0.0899051225,0.064756202
10,2000,0.9,25,30000,17,0.8,1.5,0.8,-0.501539236,-0.2374092608,1.1162662183,0.6820099745
18,2000,0.9,25,30000,17,0.8,1.5,0.8,-1.157629775,-0.6015423,1.8502424801,1.052423232
26,2000,0.9,25,30000,17,0.8,1.5,0.8,-1.5416507666,-0.9588922798,2.7932010596,1.4241364399
0,2000,0.9,25,37000,17,0.8,1.5,0.8,0.089722412,0.0646157283,0.089722412,0.0646157283
10,2000,0.9,25,37000,17,0.8,1.5,0.8,-0.5007274625,-0.2372859594,1.1179443271,0.6827569933
18,2000,0.9,25,37000,17,0.8,1.5,0.8,-1.1571089523,-0.6015389161,1.8526748767,1.0535648862
26,2000,0.9,25,37000,17,0.8,1.5,0.8,-1.540705683,-0.958892983,2.7974013005,1.4255199441
0,2000,0.9,75,30000,17,0.8,1.5,0.8,0.0920712582,0.0670577408,0.0920712582,0.0670577408
10,2000,0.9,75,30000,17,0.8,1.5,0.8,-0.8123008637,-0.2246680876,0.6417692367,0.7719931579
18,2000,0.9,75,30000,17,0.8,1.5,0.8,-1.2476205571,-0.5965358012,1.4485515309,1.1110844888
26,2000,0.9,75,30000,17,0.8,1.5,0.8,-1.4953967952,-0.9535545939,2.5074798369,1.4537554041
0,2000,0.9,75,37000,17,0.8,1.5,0.8,0.0922783435,0.0671547064,0.0922783435,0.0671547064
10,2000,0.9,75,37000,17,0.8,1.5,0.8,-0.695671861,-0.230038605,0.8916908827,0.750659233
18,2000,0.9,75,37000,17,0.8,1.5,0.8,-1.2208837098,-0.6035661967,1.6299507498,1.061966443
26,2000,0.9,75,37000,17,0.8,1.5,0.8,-1.4761927845,-0.9575866742,2.6148395318,1.418612311
0,2000,1.1,25,30000,17,0.8,1.5,0.8,0.0429364623,0.028773563,0.0429364623,0.028773563
10,2000,1.1,25,30000,17,0.8,1.5,0.8,-0.5712171855,-0.2348436947,1.0611477025,0.6682212854
18,2000,1.1,25,30000,17,0.8,1.5,0.8,-1.2302083012,-0.5982916171,1.7659548567,1.0459521736
26,2000,1.1,25,30000,17,0.8,1.5,0.8,-1.5918610321,-0.9492921301,2.7105091853,1.4289662226
0,2000,1.1,25,37000,17,0.8,1.5,0.8,0.042990169,0.0288137376,0.042990169,0.0288137376
10,2000,1.1,25,37000,17,0.8,1.5,0.8,-0.5676746873,-0.2342454151,1.0462358669,0.6714299723
18,2000,1.1,25,37000,17,0.8,1.5,0.8,-1.2193827528,-0.5984653239,1.7861077855,1.043125244
26,2000,1.1,25,37000,17,0.8,1.5,0.8,-1.5879347297,-0.9567805069,2.7263479193,1.4232283463
0,2000,1.1,75,30000,17,0.8,1.5,0.8,0.0402494616,0.0268151434,0.0402494616,0.0268151434
10,2000,1.1,75,30000,17,0.8,1.5,0.8,-0.6124982811,-0.2386848499,0.9862761147,0.6493261708
18,2000,1.1,75,30000,17,0.8,1.5,0.8,-1.2770280596,-0.5959683671,1.6264459982,1.01961136
26,2000,1.1,75,30000,17,0.8,1.5,0.8,-1.5423467157,-0.9514722263,2.5626126133,1.3840855327
0,2000,1.1,75,37000,17,0.8,1.5,0.8,0.0403102633,0.0268607291,0.0403102633,0.0268607291
10,2000,1.1,75,37000,17,0.8,1.5,0.8,-0.6107398044,-0.2382963002,0.9875021232,0.6499912909
18,2000,1.1,75,37000,17,0.8,1.5,0.8,-1.2744687699,-0.5957464363,1.6348291962,1.0195840714
26,2000,1.1,75,37000,17,0.8,1.5,0.8,-1.5423433866,-0.9525770296,2.5714271432,1.3837490876
0,5000,0.9,25,30000,17,0.8,1.5,0.8,0.0899051225,0.064756202,0.0899051225,0.064756202
10,5000,0.9,25,30000,17,0.8,1.5,0.8,-1.2984591767,-0.6770592443,2.9153197341,1.6381720305
18,5000,0.9,25,30000,17,0.8,1.5,0.8,-2.2508620589,-1.5689330834,5.547310024,2.5798347571
26,5000,0.9,25,30000,17,0.8,1.5,0.8,-3.7002089982,-2.4622167724,7.7163937165,3.5320666012
0,5000,0.9,25,37000,17,0.8,1.5,0.8,0.089722412,0.0646157283,0.089722412,0.0646157283
10,5000,0.9,25,37000,17,0.8,1.5,0.8,-1.3041896943,-0.6711151877,2.9614923939,1.6709087221
18,5000,0.9,25,37000,17,0.8,1.5,0.8,-2.249734059,-1.565889302,5.568622717,2.5984138676
26,5000,0.9,25,37000,17,0.8,1.5,0.8,-3.6949164375,-2.46008362,7.7451254861,3.5461247799
0,5000,0.9,75,30000,17,0.8,1.5,0.8,0.0920712582,0.0670577408,0.0920712582,0.0670577408
10,5000,0.9,75,30000,17,0.8,1.5,0.8,-1.3359954236,-0.7009596315,2.834768071,1.5443877831
18,5000,0.9,75,30000,17,0.8,1.5,0.8,-2.034191923,-1.5977004961,5.9591725735,2.4659681508
26,5000,0.9,75,30000,17,0.8,1.5,0.8,-2.9227824573,-2.4986545467,9.4084445102,3.3800747375
0,5000,0.9,75,37000,17,0.8,1.5,0.8,0.0922783435,0.0671547064,0.0922783435,0.0671547064
10,5000,0.9,75,37000,17,0.8,1.5,0.8,-1.3068292836,-0.670690202,2.664325527,1.7346236029
18,5000,0.9,75,37000,17,0.8,1.5,0.8,-2.0523354097,-1.577247357,5.6904676919,2.5961748817
26,5000,0.9,75,37000,17,0.8,1.5,0.8,-2.9404299761,-2.4875369369,9.2775930674,3.4506712837
0,5000,1.1,25,30000,17,0.8,1.5,0.8,0.0429364623,0.028773563,0.0429364623,0.028773563
10,5000,1.1,25,30000,17,0.8,1.5,0.8,-1.3163154077,-0.6250411696,3.1363267462,1.6677074963
18,5000,1.1,25,30000,17,0.8,1.5,0.8,-2.247552072,-1.5067259973,5.5362512813,2.6400214716
26,5000,1.1,25,30000,17,0.8,1.5,0.8,-3.0569097557,-2.411161835,8.5797764877,3.5874846765
0,5000,1.1,25,37000,17,0.8,1.5,0.8,0.042990169,0.0288137376,0.042990169,0.0288137376
10,5000,1.1,25,37000,17,0.8,1.5,0.8,-1.4031283097,-0.6268545562,2.9209602846,1.6996120669
18,5000,1.1,25,37000,17,0.8,1.5,0.8,-2.2465135257,-1.5114048347,5.5408987534,2.6431883008
26,5000,1.1,25,37000,17,0.8,1.5,0.8,-3.0583932725,-2.4113301894,8.5894367012,3.5989811967
0,5000,1.1,75,30000,17,0.8,1.5,0.8,0.0402494616,0.0268151434,0.0402494616,0.0268151434
10,5000,1.1,75,30000,17,0.8,1.5,0.8,-1.3571799487,-0.6426898465,2.9801628838,1.6055783822
18,5000,1.1,75,30000,17,0.8,1.5,0.8,-2.0486867909,-1.5348815734,5.7717431055,2.532685328
26,5000,1.1,75,30000,17,0.8,1.5,0.8,-2.906826259,-2.4329651756,9.2096040313,3.4527583914
0,5000,1.1,75,37000,17,0.8,1.5,0.8,0.0403102633,0.0268607291,0.0403102633,0.0268607291
10,5000,1.1,75,37000,17,0.8,1.5,0.8,-1.3682242447,-0.6432408585,2.9628907614,1.5912685262
18,5000,1.1,75,37000,17,0.8,1.5,0.8,-2.0409736132,-1.5345864983,5.7999791005,2.5341448467
26,5000,1.1,75,37000,17,0.8,1.5,0.8,-2.8939039614,-2.4335998632,9.2614726063,3.4515661811
0,2000,0.9,25,30000,17,0.8,1.5,1.2,0.1006571106,0.0697460007,0.1006571106,0.0697460007
10,2000,0.9,25,30000,17,0.8,1.5,1.2,-0.6160384307,-0.2434858193,0.8898388341,0.748357196
18,2000,0.9,25,30000,17,0.8,1.5,1.2,-1.2037186436,-0.6080349338,1.7686060766,1.0959493537
26,2000,0.9,25,30000,17,0.8,1.5,1.2,-1.5849597795,-0.959190896,2.6995269344,1.471943217
0,2000,0.9,25,37000,17,0.8,1.5,1.2,0.1006898648,0.0697901361,0.1006898648,0.0697901361
10,2000,0.9,25,37000,17,0.8,1.5,1.2,-0.6195451977,-0.2418907823,0.8887012291,0.7515879784
18,2000,0.9,25,37000,17,0.8,1.5,1.2,-1.205997626,-0.6069061231,1.7683979258,1.0990161601
26,2000,0.9,25,37000,17,0.8,1.5,1.2,-1.5841020805,-0.9597682805,2.7014307816,1.474447793
0,2000,0.9,75,30000,17,0.8,1.5,1.2,0.1062617734,0.0741705156,0.1062617734,0.0741705156
10,2000,0.9,75,30000,17,0.8,1.5,1.2,-0.5773316159,-0.2551791362,1.0977372165,0.645250133
18,2000,0.9,75,30000,17,0.8,1.5,1.2,-1.2148455084,-0.61516094,1.7923045733,1.0075912131
26,2000,0.9,75,30000,17,0.8,1.5,1.2,-1.5152666548,-0.960921009,2.6749101812,1.3861959331
0,2000,0.9,75,37000,17,0.8,1.5,1.2,0.1063032094,0.0742174651,0.1063032094,0.0742174651
10,2000,0.9,75,37000,17,0.8,1.5,1.2,-0.5832175436,-0.2551104408,1.0807235002,0.6457348588
18,2000,0.9,75,37000,17,0.8,1.5,1.2,-1.2190882777,-0.6152470155,1.7784033718,1.0089122629
26,2000,0.9,75,37000,17,0.8,1.5,1.2,-1.5158942506,-0.961043128,2.6687836735,1.3881289964
0,2000,1.1,25,30000,17,0.8,1.5,1.2,0.0619808335,0.0402411134,0.0619808335,0.0402411134
10,2000,1.1,25,30000,17,0.8,1.5,1.2,-0.7457180618,-0.2313963387,1.1585155462,0.807879347
18,2000,1.1,25,30000,17,0.8,1.5,1.2,-1.2811216181,-0.5957439769,1.8507822689,1.1431723272
26,2000,1.1,25,30000,17,0.8,1.5,1.2,-1.6655134906,-0.957446307,2.7093307386,1.500539947
0,2000,1.1,25,37000,17,0.8,1.5,1.2,0.062503717,0.0406050282,0.062503717,0.0406050282
10,2000,1.1,25,37000,17,0.8,1.5,1.2,-0.728815611,-0.23546735,1.1731758193,0.7944835412
18,2000,1.1,25,37000,17,0.8,1.5,1.2,-1.2898470781,-0.6215332426,1.8752163502,1.1311492705
26,2000,1.1,25,37000,17,0.8,1.5,1.2,-1.6542725862,-0.9607231805,2.7014413272,1.4958372731
0,2000,1.1,75,30000,17,0.8,1.5,1.2,0.0474964574,0.0300680051,0.0474964574,0.0300680051
10,2000,1.1,75,30000,17,0.8,1.5,1.2,-0.8475919922,-0.2744111007,0.5778711439,0.677598011
18,2000,1.1,75,30000,17,0.8,1.5,1.2,-1.4208298547,-0.630091194,1.3607511256,1.0384912671
26,2000,1.1,75,30000,17,0.8,1.5,1.2,-1.6474291376,-0.9662747995,2.2824206228,1.4134495195
0,2000,1.1,75,37000,17,0.8,1.5,1.2,0.0475715343,0.0301224389,0.0475715343,0.0301224389
10,2000,1.1,75,37000,17,0.8,1.5,1.2,-0.8673172738,-0.2736346412,0.5466836548,0.686943208
18,2000,1.1,75,37000,17,0.8,1.5,1.2,-1.4895391613,-0.6311401305,1.3161536904,1.045827826
26,2000,1.1,75,37000,17,0.8,1.5,1.2,-1.6534159616,-0.9631217265,2.2795880315,1.4232669102
0,5000,0.9,25,30000,17,0.8,1.5,1.2,0.1006571106,0.0697460007,0.1006571106,0.0697460007
10,5000,0.9,25,30000,17,0.8,1.5,1.2,-1.3852648661,-0.7112403667,2.6993717847,1.6353390146
18,5000,0.9,25,30000,17,0.8,1.5,1.2,-2.225340759,-1.5478980974,5.4737578845,2.616586412
26,5000,0.9,25,30000,17,0.8,1.5,1.2,-2.9185498969,-2.3962871641,8.6516481862,3.6489350039
0,5000,0.9,25,37000,17,0.8,1.5,1.2,0.1006898648,0.0697901361,0.1006898648,0.0697901361
10,5000,0.9,25,37000,17,0.8,1.5,1.2,-1.3815745928,-0.7106994413,2.7109017988,1.638250242
18,5000,0.9,25,37000,17,0.8,1.5,1.2,-2.2214329978,-1.5472959881,5.4847154714,2.619646799
26,5000,0.9,25,37000,17,0.8,1.5,1.2,-2.9289628443,-2.3959329293,8.654350272,3.651369325
0,5000,0.9,75,30000,17,0.8,1.5,1.2,0.1062617734,0.0741705156,0.1062617734,0.0741705156
10,5000,0.9,75,30000,17,0.8,1.5,1.2,-1.4002731029,-0.7148719906,2.5404097258,1.6092770871
18,5000,0.9,75,30000,17,0.8,1.5,1.2,-2.0573795346,-1.5484247706,5.5079696615,2.5894930204
26,5000,0.9,75,30000,17,0.8,1.5,1.2,-2.8777199823,-2.3898516807,9.1502862432,3.5650525852
0,5000,0.9,75,37000,17,0.8,1.5,1.2,0.1063032094,0.0742174651,0.1063032094,0.0742174651
10,5000,0.9,75,37000,17,0.8,1.5,1.2,-1.3224252462,-0.6955024808,2.6791504855,1.7244131004
18,5000,0.9,75,37000,17,0.8,1.5,1.2,-2.0365080183,-1.5378998558,5.5342855577,2.6679390147
26,5000,0.9,75,37000,17,0.8,1.5,1.2,-2.8774847705,-2.3832341177,9.1261287806,3.6158919037
0,5000,1.1,25,30000,17,0.8,1.5,1.2,0.0619808335,0.0402411134,0.0619808335,0.0402411134
10,5000,1.1,25,30000,17,0.8,1.5,1.2,-1.4142789372,-0.6709236621,3.0071980952,1.6271721334
18,5000,1.1,25,30000,17,0.8,1.5,1.2,-2.2623525252,-1.5099741763,5.3978334092,2.6628735315
26,5000,1.1,25,30000,17,0.8,1.5,1.2,-3.1052560271,-2.3510180552,8.3573330944,3.681659234
0,5000,1.1,25,37000,17,0.8,1.5,1.2,0.062503717,0.0406050282,0.062503717,0.0406050282
10,5000,1.1,25,37000,17,0.8,1.5,1.2,-1.4877401939,-0.6645218529,2.8008164519,1.6650533572
18,5000,1.1,25,37000,17,0.8,1.5,1.2,-2.2666226562,-1.5079857785,5.432452259,2.666611333
26,5000,1.1,25,37000,17,0.8,1.5,1.2,-3.1065369556,-2.3516461335,8.3751186462,3.6905123558
0,5000,1.1,75,30000,17,0.8,1.5,1.2,0.0474964574,0.0300680051,0.0474964574,0.0300680051
10,5000,1.1,75,30000,17,0.8,1.5,1.2,-1.2701248232,-0.6564944247,2.6610964544,1.7218385619
18,5000,1.1,75,30000,17,0.8,1.5,1.2,-2.0759472854,-1.5000950517,5.277781099,2.6693029886
26,5000,1.1,75,30000,17,0.8,1.5,1.2,-2.8664531096,-2.3407764093,8.8686349936,3.6348244004
0,5000,1.1,75,37000,17,0.8,1.5,1.2,0.0475715343,0.0301224389,0.0475715343,0.0301224389
10,5000,1.1,75,37000,17,0.8,1.5,1.2,-1.3622321557,-0.6635821156,2.473420304,1.6986172442
18,5000,1.1,75,37000,17,0.8,1.5,1.2,-2.0907329047,-1.5056503213,5.3100653976,2.6402163962
26,5000,1.1,75,37000,17,0.8,1.5,1.2,-2.8510496912,-2.340982757,8.9368905826,3.6265227429
0,2000,0.9,25,30000,17,0.8,1.5,1.6,0.1137199613,0.0776946505,0.1137199613,0.0776946505
10,2000,0.9,25,30000,17,0.8,1.5,1.6,-0.5150553074,-0.2576820462,1.1253160568,0.6715804651
18,2000,0.9,25,30000,17,0.8,1.5,1.6,-1.1779230496,-0.6268958704,1.8497202817,1.0510998396
26,2000,0.9,25,30000,17,0.8,1.5,1.6,-1.6245626624,-0.9777286778,2.7108266611,1.4533881329
0,2000,0.9,25,37000,17,0.8,1.5,1.6,0.1136112314,0.077562269,0.1136112314,0.077562269
10,2000,0.9,25,37000,17,0.8,1.5,1.6,-0.5142355672,-0.2574149942,1.1274879879,0.6724193919
18,2000,0.9,25,37000,17,0.8,1.5,1.6,-1.1771177198,-0.6267610384,1.8528615667,1.0522664788
26,2000,0.9,25,37000,17,0.8,1.5,1.6,-1.6238063741,-0.9777651372,2.7153840114,1.4549721218
0,2000,0.9,75,30000,17,0.8,1.5,1.6,0.0881106554,0.0599068502,0.0881106554,0.0599068502
10,2000,0.9,75,30000,17,0.8,1.5,1.6,-0.7912005875,-0.2316941163,1.2499928923,0.8331002943
18,2000,0.9,75,30000,17,0.8,1.5,1.6,-1.3164392212,-0.6106297446,1.8784986318,1.1789568215
26,2000,0.9,75,30000,17,0.8,1.5,1.6,-1.6010722373,-0.9528236671,2.7042935921,1.5477993194
0,2000,0.9,75,37000,17,0.8,1.5,1.6,0.0897509853,0.0611090688,0.0897509853,0.0611090688
10,2000,0.9,75,37000,17,0.8,1.5,1.6,-0.8887666336,-0.2424011796,1.1641910355,0.7665562504
18,2000,0.9,75,37000,17,0.8,1.5,1.6,-1.3527957331,-0.6192478699,1.8406820799,1.1271577373
26,2000,0.9,75,37000,17,0.8,1.5,1.6,-1.6155791025,-0.954155186,2.7085526916,1.5104985576
0,2000,1.1,25,30000,17,0.8,1.5,1.6,0.0740944681,0.0476389359,0.0740944681,0.0476389359
10,2000,1.1,25,30000,17,0.8,1.5,1.6,-0.7765408275,-0.2301749209,1.2365820173,0.768276559
18,2000,1.1,25,30000,17,0.8,1.5,1.6,-1.3423536956,-0.6282603816,1.918035333,1.1246096164
26,2000,1.1,25,30000,17,0.8,1.5,1.6,-1.7365429976,-0.9828442175,2.734324872,1.50429411
0,2000,1.1,25,37000,17,0.8,1.5,1.6,0.0744722807,0.0478736318,0.0744722807,0.0478736318
10,2000,1.1,25,37000,17,0.8,1.5,1.6,-0.7605263652,-0.2766684263,0.9846621145,0.7070833837
18,2000,1.1,25,37000,17,0.8,1.5,1.6,-1.3398115908,-0.6593687651,1.7393983035,1.0740555133
26,2000,1.1,25,37000,17,0.8,1.5,1.6,-1.725131213,-0.9903739113,2.5724653736,1.4671294762
0,2000,1.1,75,30000,17,0.8,1.5,1.6,0.054715992,0.0339368953,0.054715992,0.0339368956
10,2000,1.1,75,30000,17,0.8,1.5,1.6,-0.9104917041,-0.2725013126,0.6536689837,0.7157566106
18,2000,1.1,75,30000,17,0.8,1.5,1.6,-1.3619644031,-0.6472473756,1.3407962899,1.0748708086
26,2000,1.1,75,30000,17,0.8,1.5,1.6,-1.7377307164,-0.992927382,2.213885387,1.4533107628
0,2000,1.1,75,37000,17,0.8,1.5,1.6,0.0548086918,0.0340032742,0.0548086918,0.0340032742
10,2000,1.1,75,37000,17,0.8,1.5,1.6,-0.9062466617,-0.2717349421,0.6642649232,0.719705754
18,2000,1.1,75,37000,17,0.8,1.5,1.6,-1.3639133136,-0.6459716406,1.3478414626,1.0792067135
26,2000,1.1,75,37000,17,0.8,1.5,1.6,-1.7373327442,-0.9945514286,2.2231485979,1.4573061857
0,5000,0.9,25,30000,17,0.8,1.5,1.6,0.1137199613,0.0776946505,0.1137199613,0.0776946505
10,5000,0.9,25,30000,17,0.8,1.5,1.6,-1.3451923294,-0.7363970059,2.8362099124,1.6141381881
18,5000,0.9,25,30000,17,0.8,1.5,1.6,-2.2582807631,-1.5644282124,5.3619274733,2.6654590399
26,5000,0.9,25,30000,17,0.8,1.5,1.6,-3.0496817385,-2.3844463394,8.4229020344,3.7441796606
0,5000,0.9,25,37000,17,0.8,1.5,1.6,0.1136112314,0.077562269,0.1136112314,0.077562269
10,5000,0.9,25,37000,17,0.8,1.5,1.6,-1.346590672,-0.7366770197,2.8340492274,1.6154808231
18,5000,0.9,25,37000,17,0.8,1.5,1.6,-2.254691826,-1.5639095264,5.3751677918,2.6682861485
26,5000,0.9,25,37000,17,0.8,1.5,1.6,-3.0549185215,-2.384306354,8.4313944619,3.7459492528
0,5000,0.9,75,30000,17,0.8,1.5,1.6,0.0881106554,0.0599068502,0.0881106554,0.0599068502
10,5000,0.9,75,30000,17,0.8,1.5,1.6,-1.4295631338,-0.7492310227,2.8779543328,1.527583191
18,5000,0.9,75,30000,17,0.8,1.5,1.6,-2.0525905356,-1.5567011383,5.6814168425,2.5990791198
26,5000,0.9,75,30000,17,0.8,1.5,1.6,-2.8277287354,-2.3593651177,9.1637557908,3.671478187
0,5000,0.9,75,37000,17,0.8,1.5,1.6,0.0897509853,0.0611090688,0.0897509853,0.0611090688
10,5000,0.9,75,37000,17,0.8,1.5,1.6,-1.3958363188,-0.7420028453,2.9113815645,1.5704484075
18,5000,0.9,75,37000,17,0.8,1.5,1.6,-2.0451366968,-1.5551051623,5.6783085554,2.6091162893
26,5000,0.9,75,37000,17,0.8,1.5,1.6,-2.8166455278,-2.3575920321,9.193601717,3.677741798
0,5000,1.1,25,30000,17,0.8,1.5,1.6,0.0740944681,0.0476389359,0.0740944681,0.0476389359
10,5000,1.1,25,30000,17,0.8,1.5,1.6,-1.4395485906,-0.7047411407,2.8947779673,1.6459418403
18,5000,1.1,25,30000,17,0.8,1.5,1.6,-2.2952550811,-1.5363355166,5.3860825607,2.6987922469
26,5000,1.1,25,30000,17,0.8,1.5,1.6,-3.1534167775,-2.3502292456,8.2403595826,3.7823269713
0,5000,1.1,25,37000,17,0.8,1.5,1.6,0.0744722807,0.0478736318,0.0744722807,0.0478736318
10,5000,1.1,25,37000,17,0.8,1.5,1.6,-1.3350861832,-0.6859892678,2.7968911883,1.6964857643
18,5000,1.1,25,37000,17,0.8,1.5,1.6,-2.2990261562,-1.535351647,5.263288442,2.689961122
26,5000,1.1,25,37000,17,0.8,1.5,1.6,-3.1618760993,-2.3524816715,8.1724979946,3.7721161219
0,5000,1.1,75,30000,17,0.8,1.5,1.6,0.054715992,0.0339368953,0.054715992,0.0339368953
10,5000,1.1,75,30000,17,0.8,1.5,1.6,-1.4144064344,-0.7042427922,2.9326976841,1.5878791783
18,5000,1.1,75,30000,17,0.8,1.5,1.6,-2.1138861942,-1.5266034473,5.5643475768,2.6307214112
26,5000,1.1,75,30000,17,0.8,1.5,1.6,-2.830653003,-2.3228767857,8.8910746648,3.7142487227
0,5000,1.1,75,37000,17,0.8,1.5,1.6,0.0548086918,0.0340032742,0.0548086918,0.0340032742
10,5000,1.1,75,37000,17,0.8,1.5,1.6,-1.4411079225,-0.7085463687,2.8581578445,1.5843566844
18,5000,1.1,75,37000,17,0.8,1.5,1.6,-2.1161901082,-1.5268925146,5.559068694,2.624541263
26,5000,1.1,75,37000,17,0.8,1.5,1.6,-2.8200913184,-2.3218341866,8.9292156367,3.7137591029
0,2000,0.9,25,30000,17,0.8,2.0,0.8,0.0813381407,0.0616156579,0.0813381407,0.0616156579
10,2000,0.9,25,30000,17,0.8,2.0,0.8,-0.5849367971,-0.2221309324,0.9928357671,0.8204220342
18,2000,0.9,25,30000,17,0.8,2.0,0.8,-1.2571628685,-0.6082812441,1.7786642466,1.1858058003
26,2000,0.9,25,30000,17,0.8,2.0,0.8,-1.6909757319,-1.0063848885,2.7064295217,1.5504990656
0,2000,0.9,25,37000,17,0.8,2.0,0.8,0.0814055754,0.0616704854,0.0814055754,0.0616704854
10,2000,0.9,25,37000,17,0.8,2.0,0.8,-0.5850717616,-0.221872681,0.9933614005,0.8213417413
18,2000,0.9,25,37000,17,0.8,2.0,0.8,-1.2571781653,-0.6081389772,1.7798544875,1.1869335105
26,2000,0.9,25,37000,17,0.8,2.0,0.8,-1.6906571153,-1.0065161393,2.7088472873,1.5517020438
0,2000,0.9,75,30000,17,0.8,2.0,0.8,0.0760162195,0.0573995529,0.0760162195,0.0573995529
10,2000,0.9,75,30000,17,0.8,2.0,0.8,-0.785033007,-0.2127453355,0.4805417079,0.875809174
18,2000,0.9,75,30000,17,0.8,2.0,0.8,-1.4537200708,-0.5909139839,1.2630767195,1.2345422748
26,2000,0.9,75,30000,17,0.8,2.0,0.8,-1.665672256,-0.9967759971,2.267939621,1.5800566702
0,2000,0.9,75,37000,17,0.8,2.0,0.8,0.0760950568,0.0574637962,0.0760950568,0.0574637962
10,2000,0.9,75,37000,17,0.8,2.0,0.8,-0.8233275624,-0.2086192054,0.4629264914,0.868439083
18,2000,0.9,75,37000,17,0.8,2.0,0.8,-1.4791363126,-0.589148576,1.2513787008,1.2286525982
26,2000,0.9,75,37000,17,0.8,2.0,0.8,-1.6723703022,-0.994710517,2.2709541575,1.5748938421
0,2000,1.1,25,30000,17,0.8,2.0,0.8,0.0486319332,0.0329504358,0.0486319332,0.0329504358
10,2000,1.1,25,30000,17,0.8,2.0,0.8,-0.7052861815,-0.2303017903,1.1239217801,0.7502627548
18,2000,1.1,25,30000,17,0.8,2.0,0.8,-1.3404053951,-0.6220803673,1.8704084225,1.1294725976
26,2000,1.1,25,30000,17,0.8,2.0,0.8,-1.7656840503,-1.0117788406,2.7043215587,1.5117736518
0,2000,1.1,25,37000,17,0.8,2.0,0.8,0.0486827234,0.032991464,0.0486827234,0.032991464
10,2000,1.1,25,37000,17,0.8,2.0,0.8,-0.7120039749,-0.2298687926,1.1155680316,0.7480807586
18,2000,1.1,25,37000,17,0.8,2.0,0.8,-1.3434029811,-0.6219171149,1.8664432048,1.1283657848
26,2000,1.1,25,37000,17,0.8,2.0,0.8,-1.7667980829,-1.0116810799,2.7038704501,1.5112842026
0,2000,1.1,75,30000,17,0.8,2.0,0.8,0.0452629883,0.0302865025,0.0452629883,0.0302865025
10,2000,1.1,75,30000,17,0.8,2.0,0.8,-0.8550792844,-0.2104586413,0.7152857291,0.8362150349
18,2000,1.1,75,30000,17,0.8,2.0,0.8,-1.4463760106,-0.6022173395,1.489298747,1.1977616999
26,2000,1.1,75,30000,17,0.8,2.0,0.8,-1.7660474072,-0.9898326613,2.3535188334,1.5574230505
0,2000,1.1,75,37000,17,0.8,2.0,0.8,0.0453267857,0.0303381168,0.0453267857,0.0303381168
10,2000,1.1,75,37000,17,0.8,2.0,0.8,-0.8324521705,-0.2104806561,0.7146061948,0.8604522238
18,2000,1.1,75,37000,17,0.8,2.0,0.8,-1.4969407031,-0.5900552082,1.4678070068,1.221401251
26,2000,1.1,75,37000,17,0.8,2.0,0.8,-1.7610605515,-0.9948012867,2.3581923984,1.5731996422
0,5000,0.9,25,30000,17,0.8,2.0,0.8,0.0813381407,0.0616156579,0.0813381407,0.0616156579
10,5000,0.9,25,30000,17,0.8,2.0,0.8,-1.3717657512,-0.7058547214,2.9593824889,1.7116620685
18,5000,0.9,25,30000,17,0.8,2.0,0.8,-2.3829630962,-1.6734437765,5.493032269,2.6749162629
26,5000,0.9,25,30000,17,0.8,2.0,0.8,-3.4412613729,-2.6514493735,8.4537624306,3.6179332089
0,5000,0.9,25,37000,17,0.8,2.0,0.8,0.0814055754,0.0616704854,0.0814055754,0.0616704854
10,5000,0.9,25,37000,17,0.8,2.0,0.8,-1.3712029389,-0.7056175406,2.9629156812,1.7132433643
18,5000,0.9,25,37000,17,0.8,2.0,0.8,-2.3808892734,-1.6733504983,5.4994912918,2.6765660877
26,5000,0.9,25,37000,17,0.8,2.0,0.8,-3.4377464383,-2.6519767998,8.464788006,3.6187210783
0,5000,0.9,75,30000,17,0.8,2.0,0.8,0.0760162195,0.0573995529,0.0760162195,0.0573995529
10,5000,0.9,75,30000,17,0.8,2.0,0.8,-1.2868802995,-0.7365507974,2.991737914,1.5934683376
18,5000,0.9,75,30000,17,0.8,2.0,0.8,-2.1890857737,-1.7135968515,5.6668462913,2.5308181735
26,5000,0.9,75,30000,17,0.8,2.0,0.8,-3.0990439952,-2.7091270916,9.2166177299,3.4256114697
0,5000,0.9,75,37000,17,0.8,2.0,0.8,0.0760950568,0.0574637962,0.0760950568,0.0574637962
10,5000,0.9,75,37000,17,0.8,2.0,0.8,-1.2831037653,-0.7365375923,3.0019403231,1.5947735013
18,5000,0.9,75,37000,17,0.8,2.0,0.8,-2.1849037368,-1.7134193231,5.6804746015,2.5331807402
26,5000,0.9,75,37000,17,0.8,2.0,0.8,-3.0912895396,-2.709734346,9.2435559437,3.426437739
0,5000,1.1,25,30000,17,0.8,2.0,0.8,0.0486319332,0.0329504358,0.0486319332,0.0329504358
10,5000,1.1,25,30000,17,0.8,2.0,0.8,-1.5715724706,-0.6444819975,2.9593723701,1.7925730856
18,5000,1.1,25,30000,17,0.8,2.0,0.8,-2.4253595517,-1.6150203277,5.5074467164,2.7365462908
26,5000,1.1,25,30000,17,0.8,2.0,0.8,-3.4262623416,-2.5862722293,8.4076733426,3.6984127752
0,5000,1.1,25,37000,17,0.8,2.0,0.8,0.0486827234,0.032991464,0.0486827234,0.032991464
10,5000,1.1,25,37000,17,0.8,2.0,0.8,-1.5707316184,-0.6441775074,2.9647710022,1.7934866576
18,5000,1.1,25,37000,17,0.8,2.0,0.8,-2.4238083044,-1.6148334352,5.5116729407,2.7388038057
26,5000,1.1,25,37000,17,0.8,2.0,0.8,-3.4223254221,-2.5864585442,8.4178621302,3.7000809048
0,5000,1.1,75,30000,17,0.8,2.0,0.8,0.0452629883,0.0302865025,0.0452629883,0.0302865025
10,5000,1.1,75,30000,17,0.8,2.0,0.8,-1.4108928037,-0.5915177264,3.1232433723,1.9714131164
18,5000,1.1,75,30000,17,0.8,2.0,0.8,-2.2279540964,-1.6157329192,5.5515262675,2.7815802418
26,5000,1.1,75,30000,17,0.8,2.0,0.8,-3.0816933501,-2.6231343545,8.9793731618,3.5992558795
0,5000,1.1,75,37000,17,0.8,2.0,0.8,0.0453267857,0.0303381168,0.0453267857,0.0303381168
10,5000,1.1,75,37000,17,0.8,2.0,0.8,-1.4094666683,-0.5902632504,3.1338000435,1.9751431832
18,5000,1.1,75,37000,17,0.8,2.0,0.8,-2.2266622526,-1.6132079155,5.5631298586,2.7881095347
26,5000,1.1,75,37000,17,0.8,2.0,0.8,-3.0740637267,-2.6239212797,9.0046354946,3.6002843805
0,2000,0.9,25,30000,17,0.8,2.0,1.2,0.0933927216,0.0685070952,0.0933927216,0.0685070952
10,2000,0.9,25,30000,17,0.8,2.0,1.2,-0.6087873231,-0.2428305837,0.9775329828,0.7949597121
18,2000,0.9,25,30000,17,0.8,2.0,1.2,-1.2763604906,-0.6318849507,1.7492405524,1.1755078285
26,2000,0.9,25,30000,17,0.8,2.0,1.2,-1.7254790406,-1.0287005653,2.646931683,1.5631832523
0,2000,0.9,25,37000,17,0.8,2.0,1.2,0.0934747527,0.0685722294,0.0934747527,0.0685722294
10,2000,0.9,25,37000,17,0.8,2.0,1.2,-0.611125688,-0.242874029,0.9774795155,0.7925267792
18,2000,0.9,25,37000,17,0.8,2.0,1.2,-1.2777916632,-0.6319472322,1.7503399599,1.174249001
26,2000,0.9,25,37000,17,0.8,2.0,1.2,-1.7256163762,-1.0288994897,2.6496152626,1.5627264631
0,2000,0.9,75,30000,17,0.8,2.0,1.2,0.1027280055,0.0762764318,0.1027280055,0.0762764318
10,2000,0.9,75,30000,17,0.8,2.0,1.2,-0.7104594767,-0.2437143138,0.5391753145,0.8579951334
18,2000,0.9,75,30000,17,0.8,2.0,1.2,-1.3582019534,-0.6281500581,1.302908616,1.2314561353
26,2000,0.9,75,30000,17,0.8,2.0,1.2,-1.7326144074,-1.022776759,2.2517190935,1.5988736111
0,2000,0.9,75,37000,17,0.8,2.0,1.2,0.1030258117,0.0764740811,0.1030258117,0.0764740811
10,2000,0.9,75,37000,17,0.8,2.0,1.2,-0.6848648364,-0.243604467,0.5776754123,0.8648059526
18,2000,0.9,75,37000,17,0.8,2.0,1.2,-1.34098734,-0.6274849818,1.3309647503,1.2389225344
26,2000,0.9,75,37000,17,0.8,2.0,1.2,-1.7268708452,-1.0227113034,2.2706097032,1.6058407173
0,2000,1.1,25,30000,17,0.8,2.0,1.2,0.0581169855,0.037895623,0.0581169855,0.037895623
10,2000,1.1,25,30000,17,0.8,2.0,1.2,-0.6725799668,-0.251138495,1.216985627,0.7236261151
18,2000,1.1,25,30000,17,0.8,2.0,1.2,-1.3200131249,-0.6545352573,1.9184219535,1.1144319524
26,2000,1.1,25,30000,17,0.8,2.0,1.2,-1.8018960257,-1.0442056978,2.6885872593,1.516481235
0,2000,1.1,25,37000,17,0.8,2.0,1.2,0.0581789795,0.0379445163,0.0581789795,0.0379445163
10,2000,1.1,25,37000,17,0.8,2.0,1.2,-0.674216714,-0.2507935632,1.2129127634,0.7258422831
18,2000,1.1,25,37000,17,0.8,2.0,1.2,-1.3207622146,-0.6543757663,1.9164228455,1.1166356153
26,2000,1.1,25,37000,17,0.8,2.0,1.2,-1.801967346,-1.0446888517,2.6889057982,1.518577119
0,2000,1.1,75,30000,17,0.8,2.0,1.2,0.0542174263,0.0348888611,0.0542174263,0.0348888611
10,2000,1.1,75,30000,17,0.8,2.0,1.2,-0.7209215571,-0.2653601597,1.0893823594,0.7349482973
18,2000,1.1,75,30000,17,0.8,2.0,1.2,-1.3939917666,-0.6468945977,1.7727887732,1.1175971724
26,2000,1.1,75,30000,17,0.8,2.0,1.2,-1.7905538645,-1.0425250891,2.5411273482,1.4994966632
0,2000,1.1,75,37000,17,0.8,2.0,1.2,0.0542942634,0.0349495669,0.0542942634,0.0349495669
10,2000,1.1,75,37000,17,0.8,2.0,1.2,-0.7122114625,-0.2659456046,1.1230396452,0.7267028716
18,2000,1.1,75,37000,17,0.8,2.0,1.2,-1.3871528423,-0.6473656514,1.8017349935,1.1107163508
26,2000,1.1,75,37000,17,0.8,2.0,1.2,-1.7884580108,-1.043716463,2.5657590017,1.4938412643
0,5000,0.9,25,30000,17,0.8,2.0,1.2,0.0933927216,0.0685070952,0.0933927216,0.0685070952
10,5000,0.9,25,30000,17,0.8,2.0,1.2,-1.5283604461,-0.7406011929,3.0248267611,1.8122420815
18,5000,0.9,25,30000,17,0.8,2.0,1.2,-2.3695785396,-1.6826708756,5.4561788915,2.7857969548
26,5000,0.9,25,30000,17,0.8,2.0,1.2,-3.3626205491,-2.6243230755,8.3775096116,3.7934898162
0,5000,0.9,25,37000,17,0.8,2.0,1.2,0.0934747527,0.0685722294,0.0934747527,0.0685722294
10,5000,0.9,25,37000,17,0.8,2.0,1.2,-1.5267494517,-0.7401752272,3.0338407923,1.8123433551
18,5000,0.9,25,37000,17,0.8,2.0,1.2,-2.3670832025,-1.6828029078,5.4639110863,2.7864896958
26,5000,0.9,25,37000,17,0.8,2.0,1.2,-3.3578657968,-2.6242363453,8.3917657051,3.7949252792
0,5000,0.9,75,30000,17,0.8,2.0,1.2,0.1027280055,0.0762764318,0.1027280055,0.0762764318
10,5000,0.9,75,30000,17,0.8,2.0,1.2,-1.2865865731,-0.6955409916,3.2784530007,1.8758042147
18,5000,0.9,75,30000,17,0.8,2.0,1.2,-2.1805821905,-1.6667379641,5.646615519,2.7978742598
26,5000,0.9,75,30000,17,0.8,2.0,1.2,-3.0033809055,-2.6357918432,9.0717453541,3.7062600967
0,5000,0.9,75,37000,17,0.8,2.0,1.2,0.1030258117,0.0764740811,0.1030258117,0.0764740811
10,5000,0.9,75,37000,17,0.8,2.0,1.2,-1.2688778618,-0.6995731172,3.3014070145,1.8673431471
18,5000,0.9,75,37000,17,0.8,2.0,1.2,-2.1782489902,-1.6658519879,5.6602661155,2.7972989091
26,5000,0.9,75,37000,17,0.8,2.0,1.2,-2.9963090499,-2.6360648184,9.0954284736,3.7062919203
0,5000,1.1,25,30000,17,0.8,2.0,1.2,0.0581169855,0.037895623,0.0581169855,0.037895623
10,5000,1.1,25,30000,17,0.8,2.0,1.2,-1.4712237659,-0.7029509379,2.9072305425,1.7630397673
18,5000,1.1,25,30000,17,0.8,2.0,1.2,-2.4247976096,-1.6502089454,5.2719735208,2.7801379814
26,5000,1.1,25,30000,17,0.8,2.0,1.2,-3.3767310358,-2.5840735623,8.1575352587,3.8162954995
0,5000,1.1,25,37000,17,0.8,2.0,1.2,0.0581789795,0.0379445163,0.0581789795,0.0379445163
10,5000,1.1,25,37000,17,0.8,2.0,1.2,-1.4701391453,-0.7023411635,2.9106120016,1.7663584853
18,5000,1.1,25,37000,17,0.8,2.0,1.2,-2.4225369034,-1.6500195359,5.2780630275,2.7831111945
26,5000,1.1,25,37000,17,0.8,2.0,1.2,-3.3725376169,-2.5840366725,8.1685603667,3.8186817947
0,5000,1.1,75,30000,17,0.8,2.0,1.2,0.0542174263,0.0348888611,0.0542174263,0.0348888611
10,5000,1.1,75,30000,17,0.8,2.0,1.2,-1.741983105,-0.6973704438,2.3191504896,1.7514770907
18,5000,1.1,75,30000,17,0.8,2.0,1.2,-2.3251342153,-1.6456033924,5.2108384456,2.706181781
26,5000,1.1,75,30000,17,0.8,2.0,1.2,-3.0536996799,-2.5926657703,8.7369355248,3.687095442
0,5000,1.1,75,37000,17,0.8,2.0,1.2,0.0542942634,0.0349495669,0.0542942634,0.0349495669
10,5000,1.1,75,37000,17,0.8,2.0,1.2,-1.7402957936,-0.6954123301,2.3280388876,1.755529447
18,5000,1.1,75,37000,17,0.8,2.0,1.2,-2.3223209163,-1.6452850605,5.2242222836,2.710953033
26,5000,1.1,75,37000,17,0.8,2.0,1.2,-3.0458005904,-2.5923790103,8.763627748,3.6918340471
0,2000,0.9,25,30000,17,0.8,2.0,1.6,0.1052149432,0.076283833,0.1052149432,0.076283833
10,2000,0.9,25,30000,17,0.8,2.0,1.6,-0.6896348387,-0.2599733597,0.8676696411,0.8094148127
18,2000,0.9,25,30000,17,0.8,2.0,1.6,-1.3208375536,-0.6559041689,1.6749396584,1.2049787535
26,2000,0.9,25,30000,17,0.8,2.0,1.6,-1.7811632987,-1.0598919115,2.5673595846,1.6036346417
0,2000,0.9,25,37000,17,0.8,2.0,1.6,0.105312744,0.0763609057,0.105312744,0.0763609057
10,2000,0.9,25,37000,17,0.8,2.0,1.6,-0.6935952903,-0.2598039896,0.8603294286,0.8109218967
18,2000,0.9,25,37000,17,0.8,2.0,1.6,-1.3231669093,-0.6558191513,1.6702770791,1.2067873077
26,2000,0.9,25,37000,17,0.8,2.0,1.6,-1.7817096624,-1.0601325377,2.565499706,1.6055404774
0,2000,0.9,75,30000,17,0.8,2.0,1.6,0.0983219289,0.0709962978,0.0983219289,0.0709962978
10,2000,0.9,75,30000,17,0.8,2.0,1.6,-0.8138377208,-0.2763265742,0.4707991124,0.8102312185
18,2000,0.9,75,30000,17,0.8,2.0,1.6,-1.4487125677,-0.6661211273,1.2541200481,1.1953173724
26,2000,0.9,75,30000,17,0.8,2.0,1.6,-1.815451731,-1.0633105851,2.1897630753,1.5861292923
0,2000,0.9,75,37000,17,0.8,2.0,1.6,0.0984321525,0.0710833961,0.0984321525,0.0710833961
10,2000,0.9,75,37000,17,0.8,2.0,1.6,-0.8229688457,-0.2760057055,0.4579060541,0.8087047583
18,2000,0.9,75,37000,17,0.8,2.0,1.6,-1.4725179173,-0.6640901377,1.2353363159,1.1944183222
26,2000,0.9,75,37000,17,0.8,2.0,1.6,-1.8180125764,-1.0636922748,2.1823952178,1.5860824966
0,2000,1.1,25,30000,17,0.8,2.0,1.6,0.0675498226,0.0434563301,0.0675498226,0.0434563301
10,2000,1.1,25,30000,17,0.8,2.0,1.6,-0.6708732164,-0.2604013015,1.2455623733,0.7171264996
18,2000,1.1,25,30000,17,0.8,2.0,1.6,-1.3149553529,-0.6837903819,1.9345114,1.1182352315
26,2000,1.1,25,30000,17,0.8,2.0,1.6,-1.8567818839,-1.079314195,2.6688739335,1.5334641745
0,2000,1.1,25,37000,17,0.8,2.0,1.6,0.0676241507,0.0435144857,0.0676241507,0.0435144857
10,2000,1.1,25,37000,17,0.8,2.0,1.6,-0.6705189386,-0.2599291489,1.2478011358,0.7179391602
18,2000,1.1,25,37000,17,0.8,2.0,1.6,-1.3144011999,-0.6835539854,1.9374222476,1.1191459163
26,2000,1.1,25,37000,17,0.8,2.0,1.6,-1.8563348605,-1.0788472612,2.6726055295,1.5347919958
0,2000,1.1,75,30000,17,0.8,2.0,1.6,0.0628398438,0.0398417605,0.0628398438,0.0398417605
10,2000,1.1,75,30000,17,0.8,2.0,1.6,-0.7452066246,-0.2659935167,1.1598603319,0.6838913168
18,2000,1.1,75,30000,17,0.8,2.0,1.6,-1.3867729371,-0.6763252892,1.8436897677,1.076428553
26,2000,1.1,75,30000,17,0.8,2.0,1.6,-1.8864308044,-1.076531914,2.5356853159,1.4789038956
0,2000,1.1,75,37000,17,0.8,2.0,1.6,0.0630026257,0.0399729806,0.0630026257,0.0399729806
10,2000,1.1,75,37000,17,0.8,2.0,1.6,-0.7432538254,-0.2652167166,1.1657808751,0.6847162624
18,2000,1.1,75,37000,17,0.8,2.0,1.6,-1.3860731597,-0.6757758993,1.8492931654,1.0774750698
26,2000,1.1,75,37000,17,0.8,2.0,1.6,-1.8904187632,-1.0753271936,2.5294396567,1.4799694135
0,5000,0.9,25,30000,17,0.8,2.0,1.6,0.1052149432,0.076283833,0.1052149432,0.076283833
10,5000,0.9,25,30000,17,0.8,2.0,1.6,-1.6134775778,-0.7739786042,2.8362115825,1.7964721249
18,5000,0.9,25,30000,17,0.8,2.0,1.6,-2.4237121772,-1.7165787321,5.3361980052,2.836514208
26,5000,0.9,25,30000,17,0.8,2.0,1.6,-3.3623410132,-2.6529079127,8.2685785446,3.896784214
0,5000,0.9,25,37000,17,0.8,2.0,1.6,0.105312744,0.0763609057,0.105312744,0.0763609057
10,5000,0.9,25,37000,17,0.8,2.0,1.6,-1.5930203315,-0.7595178076,2.8938021443,1.8412959674
18,5000,0.9,25,37000,17,0.8,2.0,1.6,-2.4178745361,-1.7136834554,5.3476617579,2.8593631517
26,5000,0.9,25,37000,17,0.8,2.0,1.6,-3.358204211,-2.6516524621,8.2719101474,3.9058049012
0,5000,0.9,75,30000,17,0.8,2.0,1.6,0.0983219289,0.0709962978,0.0983219289,0.0709962978
10,5000,0.9,75,30000,17,0.8,2.0,1.6,-1.6401425526,-0.7394811468,2.8450941327,2.0008433539
18,5000,0.9,75,30000,17,0.8,2.0,1.6,-2.2461022595,-1.6962588262,5.4137858649,2.926633093
26,5000,0.9,75,30000,17,0.8,2.0,1.6,-2.9919799247,-2.6330260473,8.8957258426,3.9012954618
0,5000,0.9,75,37000,17,0.8,2.0,1.6,0.0984321525,0.0710833961,0.0984321525,0.0710833961
10,5000,0.9,75,37000,17,0.8,2.0,1.6,-1.6352733286,-0.7383757582,2.8640293747,2.0053384852
18,5000,0.9,75,37000,17,0.8,2.0,1.6,-2.2409207325,-1.6960062194,5.4323918886,2.9292670847
26,5000,0.9,75,37000,17,0.8,2.0,1.6,-2.9842765505,-2.6321805398,8.9215339221,3.9047694155
0,5000,1.1,25,30000,17,0.8,2.0,1.6,0.0675498226,0.0434563301,0.0675498226,0.0434563301
10,5000,1.1,25,30000,17,0.8,2.0,1.6,-1.5080880157,-0.7453574118,2.8704865299,1.7804241885
18,5000,1.1,25,30000,17,0.8,2.0,1.6,-2.4973482303,-1.7011169588,5.1739910435,2.8313620288
26,5000,1.1,25,30000,17,0.8,2.0,1.6,-3.3804560989,-2.6214787713,8.0349806645,3.9213257038
0,5000,1.1,25,37000,17,0.8,2.0,1.6,0.0676241507,0.0435144857,0.0676241507,0.0435144857
10,5000,1.1,25,37000,17,0.8,2.0,1.6,-1.5347198608,-0.7418309286,2.7974522194,1.8170333886
18,5000,1.1,25,37000,17,0.8,2.0,1.6,-2.4986873402,-1.6999482905,5.1487606101,2.8607641189
26,5000,1.1,25,37000,17,0.8,2.0,1.6,-3.3792417377,-2.6201298482,8.0300221834,3.931443065
0,5000,1.1,75,30000,17,0.8,2.0,1.6,0.0628398438,0.0398417605,0.0628398438,0.0398417605
10,5000,1.1,75,30000,17,0.8,2.0,1.6,-1.8418787397,-0.7523589355,2.1069807424,1.7651348449
18,5000,1.1,75,30000,17,0.8,2.0,1.6,-2.4184358275,-1.692344462,4.9497275747,2.7704688559
26,5000,1.1,75,30000,17,0.8,2.0,1.6,-3.0689510732,-2.6136421459,8.4663407142,3.8233738528
0,5000,1.1,75,37000,17,0.8,2.0,1.6,0.0630026257,0.0399729806,0.0630026257,0.0399729806
10,5000,1.1,75,37000,17,0.8,2.0,1.6,-1.8418050832,-0.7505512856,2.1038853974,1.7747307748
18,5000,1.1,75,37000,17,0.8,2.0,1.6,-2.4176128474,-1.6912944214,4.9519227037,2.7798939814
26,5000,1.1,75,37000,17,0.8,2.0,1.6,-3.0626453987,-2.6120904989,8.4827820911,3.8321160115
0,2000,0.9,25,30000,17,1.2,1.0,0.8,0.0814425456,0.0587541047,0.0814425456,0.0587541047
10,2000,0.9,25,30000,17,1.2,1.0,0.8,-0.6017258459,-0.2317623981,1.0558855684,0.6439128522
18,2000,0.9,25,30000,17,1.2,1.0,0.8,-1.1760372038,-0.5774926613,1.7981987033,1.0028774278
26,2000,0.9,25,30000,17,1.2,1.0,0.8,-1.5290440477,-0.9145624847,2.6979830981,1.3647288135
0,2000,0.9,25,37000,17,1.2,1.0,0.8,0.0815941563,0.0588800776,0.0815941563,0.0588800776
10,2000,0.9,25,37000,17,1.2,1.0,0.8,-0.602610298,-0.2320838887,1.0574702492,0.6445025821
18,2000,0.9,25,37000,17,1.2,1.0,0.8,-1.1764883669,-0.5778313907,1.8006538907,1.0038656615
26,2000,0.9,25,37000,17,1.2,1.0,0.8,-1.5270449154,-0.9127191559,2.7010478332,1.3668408146
0,2000,0.9,75,30000,17,1.2,1.0,0.8,0.0784549072,0.0573673678,0.0784549072,0.0573673678
10,2000,0.9,75,30000,17,1.2,1.0,0.8,-0.5664113396,-0.2353496555,1.0231665237,0.6226649481
18,2000,0.9,75,30000,17,1.2,1.0,0.8,-1.1668316079,-0.5783372873,1.7171912019,0.9686371242
26,2000,0.9,75,30000,17,1.2,1.0,0.8,-1.4626406213,-0.9193022571,2.642181582,1.3155914933
0,2000,0.9,75,37000,17,1.2,1.0,0.8,0.0786417457,0.0574791457,0.0786417457,0.0574791457
10,2000,0.9,75,37000,17,1.2,1.0,0.8,-0.5661326641,-0.2351014567,1.0260529707,0.6237859165
18,2000,0.9,75,37000,17,1.2,1.0,0.8,-1.1665243349,-0.5782358809,1.7211353116,0.9702557923
26,2000,0.9,75,37000,17,1.2,1.0,0.8,-1.461276192,-0.9191519834,2.6483682825,1.3176266831
0,2000,1.1,25,30000,17,1.2,1.0,0.8,0.0399426799,0.0278744392,0.0399426799,0.0278744392
10,2000,1.1,25,30000,17,1.2,1.0,0.8,-0.6052989406,-0.222467079,0.9419389207,0.6419125022
18,2000,1.1,25,30000,17,1.2,1.0,0.8,-1.2080509631,-0.5698376671,1.6980008968,1.0021330359
26,2000,1.1,25,30000,17,1.2,1.0,0.8,-1.5673400723,-0.8957064772,2.6081647739,1.3756066805
0,2000,1.1,25,37000,17,1.2,1.0,0.8,0.0399865713,0.0279070192,0.0399865713,0.0279070192
10,2000,1.1,25,37000,17,1.2,1.0,0.8,-0.6052820251,-0.2222513441,0.9423221623,0.6425008977
18,2000,1.1,25,37000,17,1.2,1.0,0.8,-1.2079512548,-0.5697489492,1.6994714494,1.0031369426
26,2000,1.1,25,37000,17,1.2,1.0,0.8,-1.5664951879,-0.8961498,2.6119874926,1.3769920976
0,2000,1.1,75,30000,17,1.2,1.0,0.8,0.0508580796,0.0356989538,0.0508580796,0.0356989538
10,2000,1.1,75,30000,17,1.2,1.0,0.8,-0.6505931776,-0.2223642705,0.892009624,0.6404238738
18,2000,1.1,75,30000,17,1.2,1.0,0.8,-1.2459590812,-0.5654172769,1.5988498131,0.984873205
26,2000,1.1,75,30000,17,1.2,1.0,0.8,-1.517772346,-0.902249364,2.4999968038,1.3299201591
0,2000,1.1,75,37000,17,1.2,1.0,0.8,0.0563003279,0.0397374399,0.0563003279,0.0397374399
10,2000,1.1,75,37000,17,1.2,1.0,0.8,-0.6408509755,-0.2224389253,0.9008050704,0.6404293611
18,2000,1.1,75,37000,17,1.2,1.0,0.8,-1.2410014596,-0.5657394072,1.6055150651,0.9854820285
26,2000,1.1,75,37000,17,1.2,1.0,0.8,-1.5152816392,-0.9037731533,2.5049887988,1.3301601442
0,5000,0.9,25,30000,17,1.2,1.0,0.8,0.0814425456,0.0587541047,0.0814425456,0.0587541047
10,5000,0.9,25,30000,17,1.2,1.0,0.8,-1.3851577943,-0.6503528777,2.6564613451,1.5500168452
18,5000,0.9,25,30000,17,1.2,1.0,0.8,-2.2823915575,-1.4931130411,5.3018721687,2.4753114539
26,5000,0.9,25,30000,17,1.2,1.0,0.8,-3.2882352509,-2.3478882954,8.0796516168,3.4104761371
0,5000,0.9,25,37000,17,1.2,1.0,0.8,0.0815941563,0.0588800776,0.0815941563,0.0588800776
10,5000,0.9,25,37000,17,1.2,1.0,0.8,-1.3838641218,-0.6452979351,2.6621995766,1.555843917
18,5000,0.9,25,37000,17,1.2,1.0,0.8,-2.2787692632,-1.4921274543,5.3076621418,2.480839439
26,5000,0.9,25,37000,17,1.2,1.0,0.8,-3.2857837286,-2.3470253265,8.0894386408,3.4157153278
0,5000,0.9,75,30000,17,1.2,1.0,0.8,0.0784549072,0.0573673678,0.0784549072,0.0573673678
10,5000,0.9,75,30000,17,1.2,1.0,0.8,-1.2828495247,-0.652129746,2.766892299,1.5635099139
18,5000,0.9,75,30000,17,1.2,1.0,0.8,-2.0781108604,-1.5101862924,5.5021874657,2.4332744563
26,5000,0.9,75,30000,17,1.2,1.0,0.8,-3.0111984373,-2.3739002777,8.7616089703,3.3338544824
0,5000,0.9,75,37000,17,1.2,1.0,0.8,0.0786417457,0.0574791457,0.0786417457,0.0574791457
10,5000,0.9,75,37000,17,1.2,1.0,0.8,-1.2780272338,-0.6532217317,2.7639327532,1.5646914318
18,5000,0.9,75,37000,17,1.2,1.0,0.8,-2.0743409085,-1.5102039683,5.5133279513,2.4378935017
26,5000,0.9,75,37000,17,1.2,1.0,0.8,-3.0026567735,-2.3743364229,8.7902959084,3.3359183823
0,5000,1.1,25,30000,17,1.2,1.0,0.8,0.0399426799,0.0278744392,0.0399426799,0.0278744392
10,5000,1.1,25,30000,17,1.2,1.0,0.8,-1.3277530688,-0.5871366817,2.697302635,1.6411897122
18,5000,1.1,25,30000,17,1.2,1.0,0.8,-2.2436054044,-1.4281678687,5.2278619416,2.547584603
26,5000,1.1,25,30000,17,1.2,1.0,0.8,-3.2759407562,-2.2832861035,7.9819790116,3.472980644
0,5000,1.1,25,37000,17,1.2,1.0,0.8,0.0399865713,0.0279070192,0.0399865713,0.0279070192
10,5000,1.1,25,37000,17,1.2,1.0,0.8,-1.327521609,-0.5863746444,2.699469015,1.6441044116
18,5000,1.1,25,37000,17,1.2,1.0,0.8,-2.2406411316,-1.4273404662,5.2356718115,2.5509419305
26,5000,1.1,25,37000,17,1.2,1.0,0.8,-3.2713748816,-2.2832048858,7.9983149563,3.4752023478
0,5000,1.1,75,30000,17,1.2,1.0,0.8,0.0508580796,0.0356989538,0.0508580796,0.0356989538
10,5000,1.1,75,30000,17,1.2,1.0,0.8,-1.277988545,-0.5920859452,2.6713766332,1.6376910264
18,5000,1.1,75,30000,17,1.2,1.0,0.8,-2.0688262657,-1.4412087204,5.3574554841,2.5140334756
26,5000,1.1,75,30000,17,1.2,1.0,0.8,-2.9677744382,-2.3044704203,8.6004393084,3.4171530129
0,5000,1.1,75,37000,17,1.2,1.0,0.8,0.0563003279,0.0397374399,0.0563003279,0.0397374399
10,5000,1.1,75,37000,17,1.2,1.0,0.8,-1.2897762079,-0.5945597496,2.6469440959,1.6098456084
18,5000,1.1,75,37000,17,1.2,1.0,0.8,-2.0694622084,-1.4434633635,5.365521553,2.4965383448
26,5000,1.1,75,37000,17,1.2,1.0,0.8,-2.9597903316,-2.3070231904,8.6385691912,3.4046867673
0,2000,0.9,25,30000,17,1.2,1.0,1.2,0.0796791913,0.0553592678,0.0796791913,0.0553592678
10,2000,0.9,25,30000,17,1.2,1.0,1.2,-0.6750202804,-0.2532230415,0.9422931424,0.626588442
18,2000,0.9,25,30000,17,1.2,1.0,1.2,-1.2280307243,-0.6075934438,1.7057465534,0.9904452858
26,2000,0.9,25,30000,17,1.2,1.0,1.2,-1.562324567,-0.9136348433,2.5870180054,1.3737132523
0,2000,0.9,25,37000,17,1.2,1.0,1.2,0.0790816587,0.0549640059,0.0790816587,0.0549640059
10,2000,0.9,25,37000,17,1.2,1.0,1.2,-0.6743758524,-0.2533642349,0.9397466521,0.6265947078
18,2000,0.9,25,37000,17,1.2,1.0,1.2,-1.2287535116,-0.6067412662,1.705664102,0.9913738653
26,2000,0.9,25,37000,17,1.2,1.0,1.2,-1.5616869176,-0.9135307459,2.5899543365,1.3749754963
0,2000,0.9,75,30000,17,1.2,1.0,1.2,0.0929693943,0.0656625687,0.0929693943,0.0656625687
10,2000,0.9,75,30000,17,1.2,1.0,1.2,-0.5859195472,-0.2474267205,0.9906246884,0.6217091722
18,2000,0.9,75,30000,17,1.2,1.0,1.2,-1.2058830467,-0.5914348434,1.6702544219,0.9711746014
26,2000,0.9,75,30000,17,1.2,1.0,1.2,-1.5074099611,-0.9161663417,2.554066644,1.3355785602
0,2000,0.9,75,37000,17,1.2,1.0,1.2,0.0945624217,0.0664308559,0.0945624217,0.0664308559
10,2000,0.9,75,37000,17,1.2,1.0,1.2,-0.5882159254,-0.2469218239,0.9972918914,0.6237167021
18,2000,0.9,75,37000,17,1.2,1.0,1.2,-1.2073856357,-0.5910250289,1.677254681,0.973510666
26,2000,0.9,75,37000,17,1.2,1.0,1.2,-1.5053924042,-0.9159420094,2.5610540456,1.3381083103
0,2000,1.1,25,30000,17,1.2,1.0,1.2,0.047623575,0.0316395654,0.047623575,0.0316395654
10,2000,1.1,25,30000,17,1.2,1.0,1.2,-0.6152566266,-0.2194033635,1.2108367719,0.7310846659
18,2000,1.1,25,30000,17,1.2,1.0,1.2,-1.2126012866,-0.5797484156,1.8238930863,1.0692743087
26,2000,1.1,25,30000,17,1.2,1.0,1.2,-1.614304472,-0.9143184956,2.6434014789,1.4231962263
0,2000,1.1,25,37000,17,1.2,1.0,1.2,0.0476788346,0.0316791296,0.0476788346,0.0316791296
10,2000,1.1,25,37000,17,1.2,1.0,1.2,-0.6113759047,-0.2217886796,1.2309378176,0.7185499294
18,2000,1.1,25,37000,17,1.2,1.0,1.2,-1.2203668496,-0.5828827484,1.831276278,1.0572204654
26,2000,1.1,25,37000,17,1.2,1.0,1.2,-1.6110713399,-0.9142882365,2.6501463289,1.4161832278
0,2000,1.1,75,30000,17,1.2,1.0,1.2,0.0450650452,0.029877293,0.0450650452,0.0298772931
10,2000,1.1,75,30000,17,1.2,1.0,1.2,-0.6184333829,-0.2469296677,0.8374336037,0.6082468612
18,2000,1.1,75,30000,17,1.2,1.0,1.2,-1.254282613,-0.5916330736,1.5254014572,0.9579080958
26,2000,1.1,75,30000,17,1.2,1.0,1.2,-1.5908816807,-0.9111980097,2.3994008395,1.326160515
0,2000,1.1,75,37000,17,1.2,1.0,1.2,0.0451299601,0.0299238403,0.0451299601,0.0299238403
10,2000,1.1,75,37000,17,1.2,1.0,1.2,-0.6199117336,-0.2468623473,0.8372533585,0.6088250505
18,2000,1.1,75,37000,17,1.2,1.0,1.2,-1.2554808031,-0.5916367837,1.5262454775,0.9590493378
26,2000,1.1,75,37000,17,1.2,1.0,1.2,-1.5909690432,-0.9114519593,2.4035109251,1.3277977987
0,5000,0.9,25,30000,17,1.2,1.0,1.2,0.0796791913,0.0553592678,0.0796791913,0.0553592678
10,5000,0.9,25,30000,17,1.2,1.0,1.2,-1.3560137116,-0.6715759628,2.7260207129,1.5823802765
18,5000,0.9,25,30000,17,1.2,1.0,1.2,-2.2482190739,-1.4724447639,5.2150631733,2.5409711465
26,5000,0.9,25,30000,17,1.2,1.0,1.2,-3.25529061,-2.2868976951,7.9712193823,3.5210274132
0,5000,0.9,25,37000,17,1.2,1.0,1.2,0.0790816587,0.0549640059,0.0790816587,0.0549640059
10,5000,0.9,25,37000,17,1.2,1.0,1.2,-1.3815230216,-0.6739104279,2.6810492651,1.5716040581
18,5000,0.9,25,37000,17,1.2,1.0,1.2,-2.2505191733,-1.4729644079,5.2188274609,2.5362617131
26,5000,0.9,25,37000,17,1.2,1.0,1.2,-3.2519321609,-2.2871312784,7.9825383642,3.5191231496
0,5000,0.9,75,30000,17,1.2,1.0,1.2,0.0929693943,0.0656625687,0.0929693943,0.0656625687
10,5000,0.9,75,30000,17,1.2,1.0,1.2,-1.4295905186,-0.6766274266,2.5558955804,1.5301238859
18,5000,0.9,75,30000,17,1.2,1.0,1.2,-2.0933986151,-1.474279337,5.3890839757,2.4815000034
26,5000,0.9,75,30000,17,1.2,1.0,1.2,-2.9368789612,-2.2804342321,8.689414787,3.4635052742
0,5000,0.9,75,37000,17,1.2,1.0,1.2,0.0945624217,0.0664308559,0.0945624217,0.0664308559
10,5000,0.9,75,37000,17,1.2,1.0,1.2,-1.4345307156,-0.6731984423,2.3048504672,1.5617794205
18,5000,0.9,75,37000,17,1.2,1.0,1.2,-2.1037238357,-1.470821362,5.2599540843,2.5075396044
26,5000,0.9,75,37000,17,1.2,1.0,1.2,-2.9481774834,-2.2779699542,8.6203178659,3.4876707329
0,5000,1.1,25,30000,17,1.2,1.0,1.2,0.047623575,0.0316395654,0.047623575,0.0316395654
10,5000,1.1,25,30000,17,1.2,1.0,1.2,-1.288351847,-0.6188573247,2.821944482,1.5926058829
18,5000,1.1,25,30000,17,1.2,1.0,1.2,-2.2468538261,-1.4311298766,5.1526657562,2.5502649591
26,5000,1.1,25,30000,17,1.2,1.0,1.2,-3.229675129,-2.2382428012,7.8929172803,3.5435963475
0,5000,1.1,25,37000,17,1.2,1.0,1.2,0.0476788346,0.0316791296,0.0476788346,0.0316791296
10,5000,1.1,25,37000,17,1.2,1.0,1.2,-1.2879342273,-0.6181282892,2.8245842199,1.5953733447
18,5000,1.1,25,37000,17,1.2,1.0,1.2,-2.2441536914,-1.4305506376,5.1606881463,2.5534177747
26,5000,1.1,25,37000,17,1.2,1.0,1.2,-3.2251522364,-2.2377371204,7.9071687117,3.5471046736
0,5000,1.1,75,30000,17,1.2,1.0,1.2,0.0450650452,0.029877293,0.0450650452,0.029877293
10,5000,1.1,75,30000,17,1.2,1.0,1.2,-1.4766273969,-0.6513710248,2.6196783169,1.5234496936
18,5000,1.1,75,30000,17,1.2,1.0,1.2,-2.0942651893,-1.4360237328,5.2925132348,2.4806831344
26,5000,1.1,75,30000,17,1.2,1.0,1.2,-2.8959689647,-2.2358076807,8.5557864257,3.4773644238
0,5000,1.1,75,37000,17,1.2,1.0,1.2,0.0451299601,0.0299238403,0.0451299601,0.0299238403
10,5000,1.1,75,37000,17,1.2,1.0,1.2,-1.4786554361,-0.6485870479,2.6115313866,1.5289587414
18,5000,1.1,75,37000,17,1.2,1.0,1.2,-2.0898362726,-1.4348404226,5.2985779097,2.4869879236
26,5000,1.1,75,37000,17,1.2,1.0,1.2,-2.886530762,-2.2348183051,8.5833052652,3.4839089632
0,2000,0.9,25,30000,17,1.2,1.0,1.6,0.0861639342,0.0601099635,0.0861639342,0.0601099635
10,2000,0.9,25,30000,17,1.2,1.0,1.6,-0.6499005964,-0.255678839,0.8642229748,0.6626871506
18,2000,0.9,25,30000,17,1.2,1.0,1.6,-1.239945425,-0.6059900013,1.6437238886,1.0290685906
26,2000,0.9,25,30000,17,1.2,1.0,1.6,-1.6189542678,-0.936123159,2.5298027972,1.4119542588
0,2000,0.9,25,37000,17,1.2,1.0,1.6,0.0906614725,0.063585757,0.0906614725,0.063585757
10,2000,0.9,25,37000,17,1.2,1.0,1.6,-0.5691071982,-0.2519146441,1.0519580379,0.6345928885
18,2000,0.9,25,37000,17,1.2,1.0,1.6,-1.2027619332,-0.6043548322,1.7611679462,1.0030544753
26,2000,0.9,25,37000,17,1.2,1.0,1.6,-1.6074413463,-0.9408126356,2.6128193549,1.3893772485
0,2000,0.9,75,30000,17,1.2,1.0,1.6,0.1057987219,0.0729330015,0.1057987219,0.0729330015
10,2000,0.9,75,30000,17,1.2,1.0,1.6,-0.5949452422,-0.2591982731,0.9780187727,0.6226003555
18,2000,0.9,75,30000,17,1.2,1.0,1.6,-1.2341624337,-0.6080649019,1.6486895876,0.9765876158
26,2000,0.9,75,30000,17,1.2,1.0,1.6,-1.5741055688,-0.9328987758,2.4989333409,1.3518701309
0,2000,0.9,75,37000,17,1.2,1.0,1.6,0.1060046974,0.0730886027,0.1060046974,0.0730886027
10,2000,0.9,75,37000,17,1.2,1.0,1.6,-0.5947818525,-0.258798467,0.9799295331,0.6235765393
18,2000,0.9,75,37000,17,1.2,1.0,1.6,-1.2342384266,-0.6077832352,1.6513598818,0.9780855815
26,2000,0.9,75,37000,17,1.2,1.0,1.6,-1.5735991756,-0.9334854507,2.5038999177,1.3536926551
0,2000,1.1,25,30000,17,1.2,1.0,1.6,0.062399968,0.0408546845,0.062399968,0.0408546845
10,2000,1.1,25,30000,17,1.2,1.0,1.6,-0.7847428718,-0.2490361864,1.0711263421,0.6969653851
18,2000,1.1,25,30000,17,1.2,1.0,1.6,-1.3153566299,-0.6118208166,1.7698868035,1.0514460521
26,2000,1.1,25,30000,17,1.2,1.0,1.6,-1.6990996578,-0.9351301184,2.5932633139,1.4266378725
0,2000,1.1,25,37000,17,1.2,1.0,1.6,0.0622198976,0.0407294405,0.0622198976,0.0407294405
10,2000,1.1,25,37000,17,1.2,1.0,1.6,-0.6860511588,-0.2348747587,1.1799392311,0.7576161716
18,2000,1.1,25,37000,17,1.2,1.0,1.6,-1.2798996504,-0.6053895247,1.8439795905,1.0962400042
26,2000,1.1,25,37000,17,1.2,1.0,1.6,-1.6879682482,-0.9320878417,2.616688094,1.4561900293
0,2000,1.1,75,30000,17,1.2,1.0,1.6,0.067007598,0.0440029899,0.067007598,0.0440029899
10,2000,1.1,75,30000,17,1.2,1.0,1.6,-0.7945372932,-0.2766453479,0.8228794786,0.6083516046
18,2000,1.1,75,30000,17,1.2,1.0,1.6,-1.3910762641,-0.6226469053,1.5220087901,0.9642940672
26,2000,1.1,75,30000,17,1.2,1.0,1.6,-1.6839344236,-0.9419993388,2.3386268839,1.3364831342
0,2000,1.1,75,37000,17,1.2,1.0,1.6,0.0605140011,0.0395840863,0.0605140011,0.0395840863
10,2000,1.1,75,37000,17,1.2,1.0,1.6,-0.8110843265,-0.2779129435,0.8186454395,0.6059335521
18,2000,1.1,75,37000,17,1.2,1.0,1.6,-1.3952301357,-0.6269072027,1.5230609888,0.961914551
26,2000,1.1,75,37000,17,1.2,1.0,1.6,-1.681015796,-0.9418161707,2.3329729076,1.3363122625
0,5000,0.9,25,30000,17,1.2,1.0,1.6,0.0861639342,0.0601099635,0.0861639342,0.0601099635
10,5000,0.9,25,30000,17,1.2,1.0,1.6,-1.3513339974,-0.6858387556,2.7832880205,1.5915132876
18,5000,0.9,25,30000,17,1.2,1.0,1.6,-2.2607928015,-1.4840987471,5.1840558391,2.5723563614
26,5000,0.9,25,30000,17,1.2,1.0,1.6,-3.2279576223,-2.279402887,7.9531965341,3.5968532616
0,5000,0.9,25,37000,17,1.2,1.0,1.6,0.0906614725,0.063585757,0.0906614725,0.063585757
10,5000,0.9,25,37000,17,1.2,1.0,1.6,-1.4461184512,-0.7018984342,2.7771843922,1.6188304835
18,5000,0.9,25,37000,17,1.2,1.0,1.6,-2.2666929443,-1.4827178403,5.193834419,2.5899567327
26,5000,0.9,25,37000,17,1.2,1.0,1.6,-3.2287509315,-2.2758579096,7.9647963073,3.6173550416
0,5000,0.9,75,30000,17,1.2,1.0,1.6,0.1057987219,0.0729330015,0.1057987219,0.0729330015
10,5000,0.9,75,30000,17,1.2,1.0,1.6,-1.3595692114,-0.6988314197,2.565289764,1.5995740152
18,5000,0.9,75,30000,17,1.2,1.0,1.6,-2.0910291824,-1.4759406139,5.2014562854,2.5722221489
26,5000,0.9,75,30000,17,1.2,1.0,1.6,-2.9112282598,-2.2546306269,8.5108383638,3.6015831793
0,5000,0.9,75,37000,17,1.2,1.0,1.6,0.1060046974,0.0730886027,0.1060046974,0.0730886027
10,5000,0.9,75,37000,17,1.2,1.0,1.6,-1.3207170163,-0.7014200645,2.7080108632,1.5496326945
18,5000,0.9,75,37000,17,1.2,1.0,1.6,-2.0668772834,-1.4790693761,5.2935951363,2.5384968779
26,5000,0.9,75,37000,17,1.2,1.0,1.6,-2.8865219955,-2.2567289,8.5987212795,3.5816144002
0,5000,1.1,25,30000,17,1.2,1.0,1.6,0.062399968,0.0408546845,0.062399968,0.0408546845
10,5000,1.1,25,30000,17,1.2,1.0,1.6,-1.3155069083,-0.6503747045,2.7862637596,1.6002073085
18,5000,1.1,25,30000,17,1.2,1.0,1.6,-2.2850498842,-1.4517736063,5.0740075695,2.5843970031
26,5000,1.1,25,30000,17,1.2,1.0,1.6,-3.2246219131,-2.2391903716,7.8040503299,3.6195854507
0,5000,1.1,25,37000,17,1.2,1.0,1.6,0.0622198976,0.0407294405,0.0622198976,0.0407294405
10,5000,1.1,25,37000,17,1.2,1.0,1.6,-1.3148793623,-0.6497727117,2.7927052798,1.6035456433
18,5000,1.1,25,37000,17,1.2,1.0,1.6,-2.2829115726,-1.4512424609,5.0831044066,2.587848557
26,5000,1.1,25,37000,17,1.2,1.0,1.6,-3.2195547257,-2.2382955403,7.8188568012,3.6234316083
0,5000,1.1,75,30000,17,1.2,1.0,1.6,0.067007598,0.0440029899,0.067007598,0.0440029899
10,5000,1.1,75,30000,17,1.2,1.0,1.6,-1.442478189,-0.628051561,3.0833809197,1.762184856
18,5000,1.1,75,30000,17,1.2,1.0,1.6,-2.10547586,-1.4106669743,5.3572194247,2.6855833967
26,5000,1.1,75,30000,17,1.2,1.0,1.6,-2.8745608475,-2.1959635316,8.4454846317,3.6783241939
0,5000,1.1,75,37000,17,1.2,1.0,1.6,0.0605140011,0.0395840863,0.0605140011,0.0395840863
10,5000,1.1,75,37000,17,1.2,1.0,1.6,-1.439702578,-0.6336328339,3.0503359793,1.7828193257
18,5000,1.1,75,37000,17,1.2,1.0,1.6,-2.1048040112,-1.4107413086,5.3268972688,2.7066602513
26,5000,1.1,75,37000,17,1.2,1.0,1.6,-2.8709038913,-2.1901947128,8.4535444692,3.7028284014
0,2000,0.9,25,30000,17,1.2,1.5,0.8,0.107022836,0.0826858914,0.107022836,0.0826858914
10,2000,0.9,25,30000,17,1.2,1.5,0.8,-0.5976358719,-0.2220130114,0.9933058283,0.7227016432
18,2000,0.9,25,30000,17,1.2,1.5,0.8,-1.2199599066,-0.5942572087,1.8566548622,1.0942757265
26,2000,0.9,25,30000,17,1.2,1.5,0.8,-1.6559550285,-0.9604648271,2.7467879863,1.4671379012
0,2000,0.9,25,37000,17,1.2,1.5,0.8,0.1070916287,0.0827518074,0.1070916287,0.0827518074
10,2000,0.9,25,37000,17,1.2,1.5,0.8,-0.598571776,-0.2214578125,0.9938285962,0.7241201637
18,2000,0.9,25,37000,17,1.2,1.5,0.8,-1.2202697803,-0.5940579325,1.8577299116,1.0957021724
26,2000,0.9,25,37000,17,1.2,1.5,0.8,-1.6556156405,-0.9608411504,2.7489731231,1.4682757209
0,2000,0.9,75,30000,17,1.2,1.5,0.8,0.089928609,0.0694472108,0.089928609,0.0694472108
10,2000,0.9,75,30000,17,1.2,1.5,0.8,-0.7454677192,-0.2196461857,0.7802597344,0.7184133678
18,2000,0.9,75,30000,17,1.2,1.5,0.8,-1.3561266608,-0.5845802903,1.5172668611,1.078403903
26,2000,0.9,75,30000,17,1.2,1.5,0.8,-1.6221010499,-0.9609272321,2.4349086441,1.4276695934
0,2000,0.9,75,37000,17,1.2,1.5,0.8,0.0895760744,0.0692230087,0.0895760744,0.0692230087
10,2000,0.9,75,37000,17,1.2,1.5,0.8,-0.7289792932,-0.219869731,0.7963080739,0.7216013511
18,2000,0.9,75,37000,17,1.2,1.5,0.8,-1.3506129955,-0.5847484609,1.5232179311,1.0817524495
26,2000,0.9,75,37000,17,1.2,1.5,0.8,-1.6239025038,-0.9623941494,2.4421623903,1.4302905813
0,2000,1.1,25,30000,17,1.2,1.5,0.8,0.0537047767,0.0389926363,0.0537047767,0.0389926363
10,2000,1.1,25,30000,17,1.2,1.5,0.8,-0.784016153,-0.1875384746,0.8862347713,0.7673728549
18,2000,1.1,25,30000,17,1.2,1.5,0.8,-1.3158442768,-0.5733773629,1.8315809337,1.1107029333
26,2000,1.1,25,30000,17,1.2,1.5,0.8,-1.7100330992,-0.9488577887,2.6902701711,1.4774482967
0,2000,1.1,25,37000,17,1.2,1.5,0.8,0.0537527726,0.0390313849,0.0537527726,0.0390313849
10,2000,1.1,25,37000,17,1.2,1.5,0.8,-0.7866645545,-0.185376559,0.8749437472,0.7766054767
18,2000,1.1,25,37000,17,1.2,1.5,0.8,-1.3175753672,-0.5718456509,1.8244141484,1.1175707022
26,2000,1.1,25,37000,17,1.2,1.5,0.8,-1.7107009447,-0.9484951377,2.6867644847,1.4827715594
0,2000,1.1,75,30000,17,1.2,1.5,0.8,0.0570424291,0.0417263156,0.0570424291,0.0417263156
10,2000,1.1,75,30000,17,1.2,1.5,0.8,-0.8624717172,-0.1753655887,0.2933360382,0.816653083
18,2000,1.1,75,30000,17,1.2,1.5,0.8,-1.4706639494,-0.5488306644,1.1599610221,1.1539498367
26,2000,1.1,75,30000,17,1.2,1.5,0.8,-1.7055464684,-0.9425233604,2.1936502899,1.4799409719
0,2000,1.1,75,37000,17,1.2,1.5,0.8,0.0576749129,0.0423838165,0.0576749129,0.0423838165
10,2000,1.1,75,37000,17,1.2,1.5,0.8,-0.9532811719,-0.1702803231,0.349887445,0.8100191927
18,2000,1.1,75,37000,17,1.2,1.5,0.8,-1.4451554321,-0.5519603707,1.333071705,1.137802439
26,2000,1.1,75,37000,17,1.2,1.5,0.8,-1.7239667998,-0.9355864587,2.3032250035,1.4710510022
0,5000,0.9,25,30000,17,1.2,1.5,0.8,0.107022836,0.0826858914,0.107022836,0.0826858914
10,5000,0.9,25,30000,17,1.2,1.5,0.8,-1.443604192,-0.6410152292,3.0579626321,1.8146116734
18,5000,0.9,25,30000,17,1.2,1.5,0.8,-2.3502740252,-1.5975599449,5.4865470109,2.6610812052
26,5000,0.9,25,30000,17,1.2,1.5,0.8,-3.2538001589,-2.5506678923,8.4496358308,3.5814139636
0,5000,0.9,25,37000,17,1.2,1.5,0.8,0.1070916287,0.0827518074,0.1070916287,0.0827518074
10,5000,0.9,25,37000,17,1.2,1.5,0.8,-1.4599219626,-0.6433343079,2.9936301886,1.8185356431
18,5000,0.9,25,37000,17,1.2,1.5,0.8,-2.3557341003,-1.5936976091,5.4701472643,2.6724543884
26,5000,0.9,25,37000,17,1.2,1.5,0.8,-3.2536671844,-2.549306129,8.4511088079,3.5887784341
0,5000,0.9,75,30000,17,1.2,1.5,0.8,0.089928609,0.0694472108,0.089928609,0.0694472108
10,5000,0.9,75,30000,17,1.2,1.5,0.8,-1.3918717684,-0.7028592494,2.9757445167,1.5757111723
18,5000,0.9,75,30000,17,1.2,1.5,0.8,-2.1433374623,-1.6495826915,5.810055985,2.4905094924
26,5000,0.9,75,30000,17,1.2,1.5,0.8,-3.0478083101,-2.6054618086,9.172834769,3.3832700766
0,5000,0.9,75,37000,17,1.2,1.5,0.8,0.0895760744,0.0692230087,0.0895760744,0.0692230087
10,5000,0.9,75,37000,17,1.2,1.5,0.8,-1.3907345,-0.7022801163,2.9759281626,1.5811847866
18,5000,0.9,75,37000,17,1.2,1.5,0.8,-2.1389390777,-1.6499604638,5.8200295748,2.4916350629
26,5000,0.9,75,37000,17,1.2,1.5,0.8,-3.0417411498,-2.6064338585,9.1903476559,3.3848221167
0,5000,1.1,25,30000,17,1.2,1.5,0.8,0.0537047767,0.0389926363,0.0537047767,0.0389926363
10,5000,1.1,25,30000,17,1.2,1.5,0.8,-1.3938508811,-0.6273669732,3.0269430946,1.7156142021
18,5000,1.1,25,30000,17,1.2,1.5,0.8,-2.3398865851,-1.5482767704,5.514119252,2.6854317297
26,5000,1.1,25,30000,17,1.2,1.5,0.8,-3.3086273516,-2.4839511354,8.3155242464,3.6288374417
0,5000,1.1,25,37000,17,1.2,1.5,0.8,0.0537527726,0.0390313849,0.0537527726,0.0390313849
10,5000,1.1,25,37000,17,1.2,1.5,0.8,-1.3929549009,-0.6270869618,3.0301978784,1.7174160299
18,5000,1.1,25,37000,17,1.2,1.5,0.8,-2.3382799683,-1.5483097092,5.5191987303,2.6868945733
26,5000,1.1,25,37000,17,1.2,1.5,0.8,-3.3067493922,-2.4841765506,8.3246778123,3.6295911995
0,5000,1.1,75,30000,17,1.2,1.5,0.8,0.0570424291,0.0417263156,0.0570424291,0.0417263156
10,5000,1.1,75,30000,17,1.2,1.5,0.8,-1.3351365929,-0.6449318473,3.1705709924,1.6148708944
18,5000,1.1,75,30000,17,1.2,1.5,0.8,-2.1647321845,-1.5764269047,5.7028225201,2.5849049104
26,5000,1.1,75,30000,17,1.2,1.5,0.8,-3.0210005692,-2.5316130854,8.9897016968,3.476507189
0,5000,1.1,75,37000,17,1.2,1.5,0.8,0.0576749129,0.0423838165,0.0576749129,0.0423838165
10,5000,1.1,75,37000,17,1.2,1.5,0.8,-1.3224845168,-0.6420037906,3.1342905069,1.6709298795
18,5000,1.1,75,37000,17,1.2,1.5,0.8,-2.1646495162,-1.5781424512,5.6793616216,2.5741245034
26,5000,1.1,75,37000,17,1.2,1.5,0.8,-3.0120113234,-2.5350932868,9.021042742,3.4619827044
0,2000,0.9,25,30000,17,1.2,1.5,1.2,0.1192770085,0.0893643263,0.1192770085,0.0893643263
10,2000,0.9,25,30000,17,1.2,1.5,1.2,-0.5969449379,-0.2317305767,0.9776560614,0.710060353
18,2000,0.9,25,30000,17,1.2,1.5,1.2,-1.2126864321,-0.6055044595,1.7965821594,1.0961850133
26,2000,0.9,25,30000,17,1.2,1.5,1.2,-1.6795460154,-0.9759201411,2.6610246885,1.4846470105
0,2000,0.9,25,37000,17,1.2,1.5,1.2,0.1193932156,0.0894473157,0.1193932156,0.0894473157
10,2000,0.9,25,37000,17,1.2,1.5,1.2,-0.5627270391,-0.2241260116,0.9629414705,0.7872813085
18,2000,0.9,25,37000,17,1.2,1.5,1.2,-1.1948091047,-0.6016377818,1.7905794432,1.1334867457
26,2000,0.9,25,37000,17,1.2,1.5,1.2,-1.6760947426,-0.9740177052,2.6493900879,1.5111529845
0,2000,0.9,75,30000,17,1.2,1.5,1.2,0.0848866497,0.0632303524,0.0848866497,0.0632303524
10,2000,0.9,75,30000,17,1.2,1.5,1.2,-0.9042281146,-0.2256622868,0.4236673869,0.7627112126
18,2000,0.9,75,30000,17,1.2,1.5,1.2,-1.4077829773,-0.5997009985,1.3997846934,1.1045557821
26,2000,0.9,75,30000,17,1.2,1.5,1.2,-1.6758365659,-0.9689720377,2.3344433139,1.4666040188
0,2000,0.9,75,37000,17,1.2,1.5,1.2,0.084971456,0.0632974182,0.084971456,0.0632974182
10,2000,0.9,75,37000,17,1.2,1.5,1.2,-0.8912243055,-0.2263791754,0.4347101639,0.7601213667
18,2000,0.9,75,37000,17,1.2,1.5,1.2,-1.4039028322,-0.6000704488,1.4002908327,1.1033916941
26,2000,0.9,75,37000,17,1.2,1.5,1.2,-1.6739437428,-0.9693762608,2.3260774927,1.4671049497
0,2000,1.1,25,30000,17,1.2,1.5,1.2,0.0706501241,0.0498460869,0.0706501241,0.0498460869
10,2000,1.1,25,30000,17,1.2,1.5,1.2,-0.7356455056,-0.2144502075,0.8400827696,0.7862184453
18,2000,1.1,25,30000,17,1.2,1.5,1.2,-1.3109949211,-0.5946413926,1.7237447582,1.1504453276
26,2000,1.1,25,30000,17,1.2,1.5,1.2,-1.7699995727,-0.9797491734,2.5952192748,1.5175995849
0,2000,1.1,25,37000,17,1.2,1.5,1.2,0.0706144052,0.0498033908,0.0706144052,0.0498033908
10,2000,1.1,25,37000,17,1.2,1.5,1.2,-0.729715843,-0.214771171,0.8465500734,0.7836430303
18,2000,1.1,25,37000,17,1.2,1.5,1.2,-1.3138375136,-0.5950009609,1.7159449754,1.1469423951
26,2000,1.1,25,37000,17,1.2,1.5,1.2,-1.7704146861,-0.9790762505,2.5952632279,1.5153908944
0,2000,1.1,75,30000,17,1.2,1.5,1.2,0.0599110623,0.0415990734,0.0599110623,0.0415990734
10,2000,1.1,75,30000,17,1.2,1.5,1.2,-0.9290275665,-0.228948518,0.3119714482,0.7789723451
18,2000,1.1,75,30000,17,1.2,1.5,1.2,-1.470178037,-0.6026488155,1.2444942803,1.1251696229
26,2000,1.1,75,30000,17,1.2,1.5,1.2,-1.7728799098,-0.9751097729,2.1851399608,1.4818486106
0,2000,1.1,75,37000,17,1.2,1.5,1.2,0.0599773914,0.0416513551,0.0599773914,0.0416513551
10,2000,1.1,75,37000,17,1.2,1.5,1.2,-0.9391450612,-0.2282381382,0.3101946942,0.7784754102
18,2000,1.1,75,37000,17,1.2,1.5,1.2,-1.497931887,-0.6009041637,1.2389575755,1.1253942628
26,2000,1.1,75,37000,17,1.2,1.5,1.2,-1.7745120813,-0.9750402793,2.1897365789,1.482150442
0,5000,0.9,25,30000,17,1.2,1.5,1.2,0.1192770085,0.0893643263,0.1192770085,0.0893643263
10,5000,0.9,25,30000,17,1.2,1.5,1.2,-1.3820760674,-0.6982005966,2.7541088015,1.7114699155
18,5000,0.9,25,30000,17,1.2,1.5,1.2,-2.3316692866,-1.6135189253,5.3499181128,2.656539354
26,5000,0.9,25,30000,17,1.2,1.5,1.2,-3.2415179026,-2.5248087541,8.2338523276,3.6649368661
0,5000,0.9,25,37000,17,1.2,1.5,1.2,0.1193932156,0.0894473157,0.1193932156,0.0894473157
10,5000,0.9,25,37000,17,1.2,1.5,1.2,-1.3829532277,-0.6979722527,2.7529889694,1.7120561754
18,5000,0.9,25,37000,17,1.2,1.5,1.2,-2.3299219486,-1.613227291,5.354916596,2.6582398885
26,5000,0.9,25,37000,17,1.2,1.5,1.2,-3.2405876666,-2.5244994842,8.2406924789,3.6664239126
0,5000,0.9,75,30000,17,1.2,1.5,1.2,0.0848866497,0.0632303524,0.0848866497,0.0632303524
10,5000,0.9,75,30000,17,1.2,1.5,1.2,-1.4034800257,-0.7295298651,2.950599043,1.5869001623
18,5000,0.9,75,30000,17,1.2,1.5,1.2,-2.130392019,-1.6359030304,5.7031011275,2.5698298922
26,5000,0.9,75,30000,17,1.2,1.5,1.2,-2.9531828061,-2.5455927848,9.0339503966,3.548024902
0,5000,0.9,75,37000,17,1.2,1.5,1.2,0.084971456,0.0632974182,0.084971456,0.0632974182
10,5000,0.9,75,37000,17,1.2,1.5,1.2,-1.397994501,-0.7287137358,2.9584078408,1.5939644415
18,5000,0.9,75,37000,17,1.2,1.5,1.2,-2.1276254521,-1.6352328328,5.7053214329,2.574686416
26,5000,0.9,75,37000,17,1.2,1.5,1.2,-2.94722883,-2.5458235515,9.0537575429,3.5467100693
0,5000,1.1,25,30000,17,1.2,1.5,1.2,0.0706501241,0.0498460869,0.0706501241,0.0498460869
10,5000,1.1,25,30000,17,1.2,1.5,1.2,-1.3798672159,-0.6468047818,2.8359511636,1.7656315918
18,5000,1.1,25,30000,17,1.2,1.5,1.2,-2.3700084875,-1.5602362427,5.2630723032,2.7062695539
26,5000,1.1,25,30000,17,1.2,1.5,1.2,-3.2957719021,-2.4653760674,8.0539789158,3.7186859751
0,5000,1.1,25,37000,17,1.2,1.5,1.2,0.0706144052,0.0498033908,0.0706144052,0.0498033908
10,5000,1.1,25,37000,17,1.2,1.5,1.2,-1.4332868007,-0.6471742404,2.724809898,1.7643286298
18,5000,1.1,25,37000,17,1.2,1.5,1.2,-2.3661606692,-1.5575462924,5.276230133,2.71685473
26,5000,1.1,25,37000,17,1.2,1.5,1.2,-3.2940303443,-2.4633171219,8.0615221182,3.7294415759
0,5000,1.1,75,30000,17,1.2,1.5,1.2,0.0599110623,0.0415990734,0.0599110623,0.0415990734
10,5000,1.1,75,30000,17,1.2,1.5,1.2,-1.3809283967,-0.6457435981,2.6249380214,1.8015669909
18,5000,1.1,75,30000,17,1.2,1.5,1.2,-2.2258722135,-1.5577975815,5.147515907,2.7196427986
26,5000,1.1,75,30000,17,1.2,1.5,1.2,-2.9849235866,-2.4805667153,8.6516037468,3.6468849018
0,5000,1.1,75,37000,17,1.2,1.5,1.2,0.0599773914,0.0416513551,0.0599773914,0.0416513551
10,5000,1.1,75,37000,17,1.2,1.5,1.2,-1.3753461062,-0.6491030595,2.6117174584,1.7876006662
18,5000,1.1,75,37000,17,1.2,1.5,1.2,-2.2205832327,-1.5580914116,5.1491125627,2.7157734962
26,5000,1.1,75,37000,17,1.2,1.5,1.2,-2.9792904414,-2.4818373356,8.6639671813,3.6433569061
0,2000,0.9,25,30000,17,1.2,1.5,1.6,0.1329986293,0.0983909159,0.1329986293,0.0983909159
10,2000,0.9,25,30000,17,1.2,1.5,1.6,-0.701737185,-0.2391971516,0.7644050191,0.7941503213
18,2000,0.9,25,30000,17,1.2,1.5,1.6,-1.254511727,-0.6205567127,1.7321098156,1.1503350311
26,2000,0.9,25,30000,17,1.2,1.5,1.6,-1.7305132255,-0.9989958411,2.6015432384,1.5381640765
0,2000,0.9,25,37000,17,1.2,1.5,1.6,0.1331294913,0.0985012843,0.1331294913,0.0985012843
10,2000,0.9,25,37000,17,1.2,1.5,1.6,-0.7160860104,-0.2457896259,0.8688644068,0.7204147974
18,2000,0.9,25,37000,17,1.2,1.5,1.6,-1.2523417548,-0.6235854172,1.8085298902,1.1159069227
26,2000,0.9,25,37000,17,1.2,1.5,1.6,-1.7264963123,-1.0012258596,2.6594803171,1.5147795794
0,2000,0.9,75,30000,17,1.2,1.5,1.6,0.0978549685,0.0720631824,0.0978549685,0.0720631824
10,2000,0.9,75,30000,17,1.2,1.5,1.6,-0.8969162775,-0.2559230449,0.2510198217,0.7705139346
18,2000,0.9,75,30000,17,1.2,1.5,1.6,-1.463582016,-0.6297334289,1.1655329292,1.1316934242
26,2000,0.9,75,30000,17,1.2,1.5,1.6,-1.7551302143,-1.0038357653,2.1387993908,1.5066454533
0,2000,0.9,75,37000,17,1.2,1.5,1.6,0.0975588912,0.0718135901,0.0975588912,0.0718135901
10,2000,0.9,75,37000,17,1.2,1.5,1.6,-0.8838614214,-0.2550776093,0.2529654842,0.7807719475
18,2000,0.9,75,37000,17,1.2,1.5,1.6,-1.4619107965,-0.6290625202,1.1472797417,1.1417286361
26,2000,0.9,75,37000,17,1.2,1.5,1.6,-1.7555054505,-1.0039329313,2.1255184957,1.515769144
0,2000,1.1,25,30000,17,1.2,1.5,1.6,0.0905342802,0.0643225913,0.0905342802,0.0643225913
10,2000,1.1,25,30000,17,1.2,1.5,1.6,-0.7105231086,-0.2393455437,0.7510071476,0.8002986789
18,2000,1.1,25,30000,17,1.2,1.5,1.6,-1.2731163848,-0.6214841415,1.6991246675,1.1516058729
26,2000,1.1,25,30000,17,1.2,1.5,1.6,-1.8028399263,-1.0052832566,2.5329639349,1.536242081
0,2000,1.1,25,37000,17,1.2,1.5,1.6,0.0909650738,0.064655522,0.0909650738,0.064655522
10,2000,1.1,25,37000,17,1.2,1.5,1.6,-0.7198970823,-0.2415657938,0.7700022773,0.7726468383
18,2000,1.1,25,37000,17,1.2,1.5,1.6,-1.2753785075,-0.6229206038,1.7186138044,1.1352958055
26,2000,1.1,25,37000,17,1.2,1.5,1.6,-1.8031419148,-1.0064024677,2.5481142247,1.5247862844
0,2000,1.1,75,30000,17,1.2,1.5,1.6,0.0693870574,0.0474532509,0.0693870574,0.0474532509
10,2000,1.1,75,30000,17,1.2,1.5,1.6,-0.8418835053,-0.2619303683,0.4147497016,0.7824379658
18,2000,1.1,75,30000,17,1.2,1.5,1.6,-1.4675057939,-0.6378003426,1.1963268224,1.1486293812
26,2000,1.1,75,30000,17,1.2,1.5,1.6,-1.8746387572,-1.0308671526,2.1307927477,1.5136045984
0,2000,1.1,75,37000,17,1.2,1.5,1.6,0.0694666899,0.0475154584,0.0694666899,0.0475154584
10,2000,1.1,75,37000,17,1.2,1.5,1.6,-0.8395467636,-0.2626496745,0.4216593888,0.7858921478
18,2000,1.1,75,37000,17,1.2,1.5,1.6,-1.4700979831,-0.6385962658,1.1923127399,1.1532421207
26,2000,1.1,75,37000,17,1.2,1.5,1.6,-1.8771574542,-1.0321467667,2.1284354587,1.5172343117
0,5000,0.9,25,30000,17,1.2,1.5,1.6,0.1329986293,0.0983909159,0.1329986293,0.0983909159
10,5000,0.9,25,30000,17,1.2,1.5,1.6,-1.3282665914,-0.7263634233,2.8229276366,1.7111404659
18,5000,0.9,25,30000,17,1.2,1.5,1.6,-2.3595625316,-1.6403663346,5.2229090582,2.7110799492
26,5000,0.9,25,30000,17,1.2,1.5,1.6,-3.2659797898,-2.5400617144,8.1006416298,3.7729368256
0,5000,0.9,25,37000,17,1.2,1.5,1.6,0.1331294913,0.0985012843,0.1331294913,0.0985012843
10,5000,0.9,25,37000,17,1.2,1.5,1.6,-1.3263542891,-0.7252905297,2.8272297689,1.7125152654
18,5000,0.9,25,37000,17,1.2,1.5,1.6,-2.3568437147,-1.6408864582,5.2313729057,2.7122150324
26,5000,0.9,25,37000,17,1.2,1.5,1.6,-3.2636959839,-2.5399588036,8.110916803,3.7738967318
0,5000,0.9,75,30000,17,1.2,1.5,1.6,0.0978549685,0.0720631824,0.0978549685,0.0720631824
10,5000,0.9,75,30000,17,1.2,1.5,1.6,-1.4444630752,-0.7341969815,2.6688957962,1.704759458
18,5000,0.9,75,30000,17,1.2,1.5,1.6,-2.1941138182,-1.6450947171,5.229410536,2.6736457889
26,5000,0.9,75,30000,17,1.2,1.5,1.6,-2.9735023236,-2.5479991584,8.6916365139,3.6639315718
0,5000,0.9,75,37000,17,1.2,1.5,1.6,0.0975588912,0.0718135901,0.0975588912,0.0718135901
10,5000,0.9,75,37000,17,1.2,1.5,1.6,-1.4436353495,-0.6808105954,2.9285309707,1.8567745172
18,5000,0.9,75,37000,17,1.2,1.5,1.6,-2.2080135677,-1.6199809228,5.3391704249,2.7652303405
26,5000,0.9,75,37000,17,1.2,1.5,1.6,-2.956133255,-2.533597911,8.8040336808,3.7262046296
0,5000,1.1,25,30000,17,1.2,1.5,1.6,0.0905342802,0.0643225913,0.0905342802,0.0643225913
10,5000,1.1,25,30000,17,1.2,1.5,1.6,-1.2854338566,-0.6809464293,2.8405361635,1.762810787
18,5000,1.1,25,30000,17,1.2,1.5,1.6,-2.4028474387,-1.6032235675,5.1445971536,2.7487817656
26,5000,1.1,25,30000,17,1.2,1.5,1.6,-3.3144185006,-2.4980340397,7.9191496254,3.80725461
0,5000,1.1,25,37000,17,1.2,1.5,1.6,0.0909650738,0.064655522,0.0909650738,0.064655522
10,5000,1.1,25,37000,17,1.2,1.5,1.6,-1.2861051309,-0.6803986405,2.843552991,1.764549125
18,5000,1.1,25,37000,17,1.2,1.5,1.6,-2.4018439861,-1.6029310882,5.1492322636,2.7513426483
26,5000,1.1,25,37000,17,1.2,1.5,1.6,-3.3100005911,-2.4972381909,7.9241709385,3.8073745706
0,5000,1.1,75,30000,17,1.2,1.5,1.6,0.0693870574,0.0474532509,0.0693870574,0.0474532509
10,5000,1.1,75,30000,17,1.2,1.5,1.6,-1.5042565765,-0.7229916464,2.4810899286,1.6243205413
18,5000,1.1,75,30000,17,1.2,1.5,1.6,-2.2970994025,-1.5831346585,5.1655077998,2.805065774
26,5000,1.1,75,30000,17,1.2,1.5,1.6,-2.9827028488,-2.4847003172,8.5055721863,3.7800072728
0,5000,1.1,75,37000,17,1.2,1.5,1.6,0.0694666899,0.0475154584,0.0694666899,0.0475154584
10,5000,1.1,75,37000,17,1.2,1.5,1.6,-1.5033446367,-0.7223830173,2.4853893238,1.6255606247
18,5000,1.1,75,37000,17,1.2,1.5,1.6,-2.2959396969,-1.5810213387,5.1770976382,2.8118840171
26,5000,1.1,75,37000,17,1.2,1.5,1.6,-2.9773338914,-2.4838240925,8.5218832787,3.7846607922
0,2000,0.9,25,30000,17,1.2,2.0,0.8,0.1190440101,0.0944402462,0.1190440101,0.0944402462
10,2000,0.9,25,30000,17,1.2,2.0,0.8,-0.5886771801,-0.2036775194,0.9766341793,0.8057978141
18,2000,0.9,25,30000,17,1.2,2.0,0.8,-1.3076378305,-0.5941597304,1.8627313268,1.1739845909
26,2000,0.9,25,30000,17,1.2,2.0,0.8,-1.8225553865,-0.9834817399,2.753419668,1.552391068
0,2000,0.9,25,37000,17,1.2,2.0,0.8,0.1198114855,0.0949855681,0.1198114855,0.0949855681
10,2000,0.9,25,37000,17,1.2,2.0,0.8,-0.5885145198,-0.2035173393,0.9703720651,0.8097301392
18,2000,0.9,25,37000,17,1.2,2.0,0.8,-1.3132501816,-0.59148748,1.8548811354,1.1780495745
26,2000,0.9,25,37000,17,1.2,2.0,0.8,-1.8230592047,-0.9828103519,2.7511216056,1.5553559064
0,2000,0.9,75,30000,17,1.2,2.0,0.8,0.090891009,0.0715196865,0.090891009,0.0715196865
10,2000,0.9,75,30000,17,1.2,2.0,0.8,-0.8599920035,-0.1970667341,0.7263573469,0.8422050281
18,2000,0.9,75,30000,17,1.2,2.0,0.8,-1.4795999985,-0.6318326694,1.4747689668,1.198910821
26,2000,0.9,75,30000,17,1.2,2.0,0.8,-1.8164303688,-0.9699900742,2.3494197905,1.5696996101
0,2000,0.9,75,37000,17,1.2,2.0,0.8,0.0909644207,0.0715824562,0.0909644207,0.0715824562
10,2000,0.9,75,37000,17,1.2,2.0,0.8,-0.8561503576,-0.1970969367,0.7323173323,0.8424283668
18,2000,0.9,75,37000,17,1.2,2.0,0.8,-1.4827579379,-0.6298943358,1.4766353786,1.1933666179
26,2000,0.9,75,37000,17,1.2,2.0,0.8,-1.8182607732,-0.9890635201,2.3596175836,1.555652258
0,2000,1.1,25,30000,17,1.2,2.0,0.8,0.1074892846,0.0823150002,0.1074892846,0.0823150002
10,2000,1.1,25,30000,17,1.2,2.0,0.8,-0.6776562645,-0.2069911011,1.0313123771,0.7712347073
18,2000,1.1,25,30000,17,1.2,2.0,0.8,-1.3504267122,-0.6020524499,1.9076685331,1.1624059819
26,2000,1.1,25,30000,17,1.2,2.0,0.8,-1.8957141145,-0.9925847968,2.7468734161,1.5436611911
0,2000,1.1,25,37000,17,1.2,2.0,0.8,0.1075251306,0.0823242359,0.1075251306,0.0823242359
10,2000,1.1,25,37000,17,1.2,2.0,0.8,-0.6802022263,-0.2070901636,1.0337884487,0.7696464896
18,2000,1.1,25,37000,17,1.2,2.0,0.8,-1.3522595952,-0.6018603795,1.9048734978,1.1639468001
26,2000,1.1,25,37000,17,1.2,2.0,0.8,-1.8966007032,-0.9926564533,2.746809801,1.5447154113
0,2000,1.1,75,30000,17,1.2,2.0,0.8,0.1383034085,0.1073861528,0.1383034085,0.1073861528
10,2000,1.1,75,30000,17,1.2,2.0,0.8,-0.8997610152,-0.1504130387,0.5714038555,0.8966657108
18,2000,1.1,75,30000,17,1.2,2.0,0.8,-1.5818729526,-0.5341269763,1.330294637,1.2616088209
26,2000,1.1,75,30000,17,1.2,2.0,0.8,-1.9182506478,-0.963834086,2.1957183862,1.6007287463
0,2000,1.1,75,37000,17,1.2,2.0,0.8,0.1247428071,0.0965699697,0.1247428071,0.0965699697
10,2000,1.1,75,37000,17,1.2,2.0,0.8,-0.8665837792,-0.1655794374,0.5285026016,0.9050169149
18,2000,1.1,75,37000,17,1.2,2.0,0.8,-1.5450128561,-0.5499504246,1.293482319,1.2695837421
26,2000,1.1,75,37000,17,1.2,2.0,0.8,-1.9070695575,-0.9705759757,2.2048938036,1.602094408
0,5000,0.9,25,30000,17,1.2,2.0,0.8,0.1190440101,0.0944402462,0.1190440101,0.0944402462
10,5000,0.9,25,30000,17,1.2,2.0,0.8,-1.4775959033,-0.6639763188,3.2026413523,1.8518925428
18,5000,0.9,25,30000,17,1.2,2.0,0.8,-2.5278745073,-1.6699329686,5.6217604452,2.7605978556
26,5000,0.9,25,30000,17,1.2,2.0,0.8,-3.5927322689,-2.6804409445,8.5167724306,3.6854709053
0,5000,0.9,25,37000,17,1.2,2.0,0.8,0.1198114855,0.0949855681,0.1198114855,0.0949855681
10,5000,0.9,25,37000,17,1.2,2.0,0.8,-1.4743663432,-0.6638151602,3.205001737,1.8530469079
18,5000,0.9,25,37000,17,1.2,2.0,0.8,-2.5265350799,-1.6704555538,5.6253213301,2.7613661244
26,5000,0.9,25,37000,17,1.2,2.0,0.8,-3.5877504706,-2.6799415615,8.5288805662,3.6873959669
0,5000,0.9,75,30000,17,1.2,2.0,0.8,0.090891009,0.0715196865,0.090891009,0.0715196865
10,5000,0.9,75,30000,17,1.2,2.0,0.8,-1.3774482824,-0.7106867822,2.7797415558,1.6506409006
18,5000,0.9,75,30000,17,1.2,2.0,0.8,-2.3855595157,-1.7189955389,5.4025925822,2.5631355345
26,5000,0.9,75,30000,17,1.2,2.0,0.8,-3.271131768,-2.7706390735,9.0821079271,3.4214351411
0,5000,0.9,75,37000,17,1.2,2.0,0.8,0.0909644207,0.0715824562,0.0909644207,0.0715824562
10,5000,0.9,75,37000,17,1.2,2.0,0.8,-1.3763339667,-0.710299334,2.7819251301,1.6518163734
18,5000,0.9,75,37000,17,1.2,2.0,0.8,-2.3835654604,-1.7185408706,5.4079892955,2.5651261307
26,5000,0.9,75,37000,17,1.2,2.0,0.8,-3.2707752051,-2.7711524773,9.0914631014,3.4270583294
0,5000,1.1,25,30000,17,1.2,2.0,0.8,0.1074892846,0.0823150002,0.1074892846,0.0823150002
10,5000,1.1,25,30000,17,1.2,2.0,0.8,-1.4976703024,-0.582544968,3.1594508848,1.9791433349
18,5000,1.1,25,30000,17,1.2,2.0,0.8,-2.5530828426,-1.6111898711,5.49850254,2.8340582845
26,5000,1.1,25,30000,17,1.2,2.0,0.8,-3.58251477,-2.6130456809,8.3728503882,3.7531446787
0,5000,1.1,25,37000,17,1.2,2.0,0.8,0.1075251306,0.0823242359,0.1075251306,0.0823242359
10,5000,1.1,25,37000,17,1.2,2.0,0.8,-1.4978335345,-0.5828192798,3.1567608644,1.9784378387
18,5000,1.1,25,37000,17,1.2,2.0,0.8,-2.552346506,-1.6109288736,5.4994829351,2.835156799
26,5000,1.1,25,37000,17,1.2,2.0,0.8,-3.5834474466,-2.6149656447,8.3740403915,3.7512925594
0,5000,1.1,75,30000,17,1.2,2.0,0.8,0.1383034085,0.1073861528,0.1383034085,0.1073861528
10,5000,1.1,75,30000,17,1.2,2.0,0.8,-1.5514145125,-0.6341747872,2.651240508,1.7680467602
18,5000,1.1,75,30000,17,1.2,2.0,0.8,-2.412661954,-1.639313249,5.2163470119,2.6749558536
26,5000,1.1,75,30000,17,1.2,2.0,0.8,-3.2745193133,-2.6894904398,8.7731701749,3.516299632
0,5000,1.1,75,37000,17,1.2,2.0,0.8,0.1247428071,0.0965699697,0.1247428071,0.0965699697
10,5000,1.1,75,37000,17,1.2,2.0,0.8,-1.5689551003,-0.630799794,2.6237631933,1.7588857869
18,5000,1.1,75,37000,17,1.2,2.0,0.8,-2.4065069458,-1.6425778284,5.2487240292,2.6669000245
26,5000,1.1,75,37000,17,1.2,2.0,0.8,-3.2723648974,-2.6909822213,8.7881597891,3.5115510688
0,2000,0.9,25,30000,17,1.2,2.0,1.2,0.1407877024,0.1092226839,0.1407877024,0.1092226839
10,2000,0.9,25,30000,17,1.2,2.0,1.2,-0.6602527425,-0.2081091465,0.8632198159,0.8787131775
18,2000,0.9,25,30000,17,1.2,2.0,1.2,-1.2580591591,-0.6125697648,1.8424402278,1.2195060427
26,2000,0.9,25,30000,17,1.2,2.0,1.2,-1.8240667505,-1.0163811478,2.6853144877,1.6090380219
0,2000,0.9,25,37000,17,1.2,2.0,1.2,0.1408282166,0.1091863232,0.1408282166,0.1091863232
10,2000,0.9,25,37000,17,1.2,2.0,1.2,-0.5937558877,-0.2160458297,1.0059816232,0.8483022667
18,2000,0.9,25,37000,17,1.2,2.0,1.2,-1.2927065593,-0.6111885784,1.7623402317,1.2325854054
26,2000,0.9,25,37000,17,1.2,2.0,1.2,-1.8331600764,-1.0161185236,2.6430625913,1.6183594896
0,2000,0.9,75,30000,17,1.2,2.0,1.2,0.1381854371,0.1070797379,0.1381854371,0.1070797379
10,2000,0.9,75,30000,17,1.2,2.0,1.2,-0.8142708725,-0.2158174244,0.5870732754,0.8716361577
18,2000,0.9,75,30000,17,1.2,2.0,1.2,-1.4895784997,-0.6057520996,1.3362164452,1.2522418033
26,2000,0.9,75,30000,17,1.2,2.0,1.2,-1.8685665151,-1.0217532828,2.2493804137,1.6126809307
0,2000,0.9,75,37000,17,1.2,2.0,1.2,0.1360778291,0.1054348104,0.1360778291,0.1054348104
10,2000,0.9,75,37000,17,1.2,2.0,1.2,-0.7602822887,-0.2174596462,0.6460493577,0.8655842918
18,2000,0.9,75,37000,17,1.2,2.0,1.2,-1.4477275472,-0.6060663544,1.3784141065,1.2478191275
26,2000,0.9,75,37000,17,1.2,2.0,1.2,-1.8697250351,-1.0151412086,2.2772875207,1.6163534248
0,2000,1.1,25,30000,17,1.2,2.0,1.2,0.1253996362,0.0933936983,0.1253996362,0.0933936983
10,2000,1.1,25,30000,17,1.2,2.0,1.2,-0.6005632194,-0.2508062541,0.8787888401,0.8688163896
18,2000,1.1,25,30000,17,1.2,2.0,1.2,-1.3430986384,-0.6374286726,1.7601791375,1.2248794073
26,2000,1.1,25,30000,17,1.2,2.0,1.2,-1.918013808,-1.0404837652,2.6029311004,1.608228482
0,2000,1.1,25,37000,17,1.2,2.0,1.2,0.1249586178,0.0929792273,0.1249586178,0.0929792273
10,2000,1.1,25,37000,17,1.2,2.0,1.2,-0.6034248098,-0.250266204,0.8762691636,0.8703530434
18,2000,1.1,25,37000,17,1.2,2.0,1.2,-1.3447269089,-0.6369773011,1.7599141124,1.2266711783
26,2000,1.1,25,37000,17,1.2,2.0,1.2,-1.9193253234,-1.0397759208,2.6033933982,1.6099616094
0,2000,1.1,75,30000,17,1.2,2.0,1.2,0.0746269371,0.0522408208,0.0746269371,0.0522408208
10,2000,1.1,75,30000,17,1.2,2.0,1.2,-0.7683657253,-0.2488702294,1.1114749993,0.7264646202
18,2000,1.1,75,30000,17,1.2,2.0,1.2,-1.4501510272,-0.6363030393,1.8164112669,1.112980452
26,2000,1.1,75,30000,17,1.2,2.0,1.2,-1.9351560077,-1.050930932,2.5646677932,1.4989872561
0,2000,1.1,75,37000,17,1.2,2.0,1.2,0.0747017774,0.0523032693,0.0747017774,0.0523032693
10,2000,1.1,75,37000,17,1.2,2.0,1.2,-0.7668873855,-0.2483826301,1.114001538,0.7266571009
18,2000,1.1,75,37000,17,1.2,2.0,1.2,-1.4486088317,-0.635918817,1.8193755635,1.1132559068
26,2000,1.1,75,37000,17,1.2,2.0,1.2,-1.9365150241,-1.0538976596,2.5686630725,1.4992673031
0,5000,0.9,25,30000,17,1.2,2.0,1.2,0.1407877024,0.1092226839,0.1407877024,0.1092226839
10,5000,0.9,25,30000,17,1.2,2.0,1.2,-1.5274434272,-0.694862994,3.0444994121,1.9162341216
18,5000,0.9,25,30000,17,1.2,2.0,1.2,-2.5182508162,-1.7184186795,5.4468262152,2.8423166816
26,5000,0.9,25,30000,17,1.2,2.0,1.2,-3.5176113556,-2.7058688726,8.3522798035,3.8394261179
0,5000,0.9,25,37000,17,1.2,2.0,1.2,0.1408282166,0.1091863232,0.1408282166,0.1091863232
10,5000,0.9,25,37000,17,1.2,2.0,1.2,-1.5260531861,-0.6936578217,3.0479484476,1.9189933732
18,5000,0.9,25,37000,17,1.2,2.0,1.2,-2.5164387323,-1.7181385119,5.453214311,2.8434967255
26,5000,0.9,25,37000,17,1.2,2.0,1.2,-3.5145903194,-2.7062813034,8.3598682566,3.8395570031
0,5000,0.9,75,30000,17,1.2,2.0,1.2,0.1381854371,0.1070797379,0.1381854371,0.1070797379
10,5000,0.9,75,30000,17,1.2,2.0,1.2,-1.5660777507,-0.7461910762,2.5367520265,1.6960888619
18,5000,0.9,75,30000,17,1.2,2.0,1.2,-2.3737952226,-1.7278160903,5.3392597997,2.7845771511
26,5000,0.9,75,30000,17,1.2,2.0,1.2,-3.1912192705,-2.7595546165,8.8730247126,3.6645756588
0,5000,0.9,75,37000,17,1.2,2.0,1.2,0.1360778291,0.1054348104,0.1360778291,0.1054348104
10,5000,0.9,75,37000,17,1.2,2.0,1.2,-1.5655959299,-0.6636617784,2.8938781762,1.9524309201
18,5000,0.9,75,37000,17,1.2,2.0,1.2,-2.3703472116,-1.7147801606,5.3822377364,2.8188616996
26,5000,0.9,75,37000,17,1.2,2.0,1.2,-3.1813859155,-2.7535312375,8.918236014,3.6823870914
0,5000,1.1,25,30000,17,1.2,2.0,1.2,0.1253996362,0.0933936983,0.1253996362,0.0933936983
10,5000,1.1,25,30000,17,1.2,2.0,1.2,-1.5258838352,-0.6446462612,3.1449405932,2.0082245489
18,5000,1.1,25,30000,17,1.2,2.0,1.2,-2.5696332999,-1.6650341755,5.3885575736,2.9131124934
26,5000,1.1,25,30000,17,1.2,2.0,1.2,-3.5219983277,-2.647382995,8.2150365076,3.9035395949
0,5000,1.1,25,37000,17,1.2,2.0,1.2,0.1249586178,0.0929792273,0.1249586178,0.0929792273
10,5000,1.1,25,37000,17,1.2,2.0,1.2,-1.5229909117,-0.6443886247,3.1601227685,2.0113410819
18,5000,1.1,25,37000,17,1.2,2.0,1.2,-2.5687649932,-1.6639674457,5.3933686765,2.9163425855
26,5000,1.1,25,37000,17,1.2,2.0,1.2,-3.5187691085,-2.6482337208,8.2223850564,3.9040168186
0,5000,1.1,75,30000,17,1.2,2.0,1.2,0.0746269371,0.0522408208,0.0746269371,0.0522408208
10,5000,1.1,75,30000,17,1.2,2.0,1.2,-1.7842237993,-0.6098043035,2.1873283881,2.0399195273
18,5000,1.1,75,30000,17,1.2,2.0,1.2,-2.5217885492,-1.6307639258,5.0727602987,2.9080715509
26,5000,1.1,75,30000,17,1.2,2.0,1.2,-3.24543505,-2.658451573,8.5517327146,3.8164376821
0,5000,1.1,75,37000,17,1.2,2.0,1.2,0.0747017774,0.0523032693,0.0747017774,0.0523032693
10,5000,1.1,75,37000,17,1.2,2.0,1.2,-1.7913147969,-0.6100707348,2.1999558232,2.0363264742
18,5000,1.1,75,37000,17,1.2,2.0,1.2,-2.5194802359,-1.6280998817,5.085330208,2.9191778391
26,5000,1.1,75,37000,17,1.2,2.0,1.2,-3.2415908555,-2.6559920904,8.5745541872,3.8268924291
0,2000,0.9,25,30000,17,1.2,2.0,1.6,0.1525013833,0.1170483567,0.1525013833,0.1170483567
10,2000,0.9,25,30000,17,1.2,2.0,1.6,-0.6560910622,-0.2278320003,0.9353727398,0.8731884925
18,2000,0.9,25,30000,17,1.2,2.0,1.6,-1.3378232774,-0.6329063094,1.7064154709,1.2681228415
26,2000,0.9,25,30000,17,1.2,2.0,1.6,-1.878798468,-1.051296014,2.5910337294,1.6641507882
0,2000,0.9,25,37000,17,1.2,2.0,1.6,0.1527252396,0.117183751,0.1527252396,0.117183751
10,2000,0.9,25,37000,17,1.2,2.0,1.6,-0.6764360176,-0.2286461167,0.9274552295,0.8429064675
18,2000,0.9,25,37000,17,1.2,2.0,1.6,-1.351365101,-0.6334635406,1.7061674845,1.2438120617
26,2000,0.9,25,37000,17,1.2,2.0,1.6,-1.8824540434,-1.051132204,2.6011855829,1.6465410587
0,2000,0.9,75,30000,17,1.2,2.0,1.6,0.1186938978,0.0901484938,0.1186938978,0.0901484938
10,2000,0.9,75,30000,17,1.2,2.0,1.6,-1.0386234146,-0.2430086572,0.378839235,0.8662239013
18,2000,0.9,75,30000,17,1.2,2.0,1.6,-1.5812830192,-0.6487113385,1.3817456554,1.2329911239
26,2000,0.9,75,30000,17,1.2,2.0,1.6,-1.9264434938,-1.0579993003,2.2666642523,1.6196525292
0,2000,0.9,75,37000,17,1.2,2.0,1.6,0.1187925954,0.0902309679,0.1187925954,0.0902309679
10,2000,0.9,75,37000,17,1.2,2.0,1.6,-1.0425077768,-0.2423167829,0.3757423419,0.8674743989
18,2000,0.9,75,37000,17,1.2,2.0,1.6,-1.5837927374,-0.6481340669,1.3799645022,1.2349344849
26,2000,0.9,75,37000,17,1.2,2.0,1.6,-1.9270380226,-1.0584164458,2.2667990028,1.6213991562
0,2000,1.1,25,30000,17,1.2,2.0,1.6,0.0935260303,0.0657359933,0.0935260303,0.0657359926
10,2000,1.1,25,30000,17,1.2,2.0,1.6,-0.727015766,-0.2687572134,1.074127593,0.7567352801
18,2000,1.1,25,30000,17,1.2,2.0,1.6,-1.4129283357,-0.6711365513,1.7996503815,1.1660634893
26,2000,1.1,25,30000,17,1.2,2.0,1.6,-1.9642638169,-1.1007367359,2.6358568018,1.5763903336
0,2000,1.1,25,37000,17,1.2,2.0,1.6,0.09410627,0.0663782152,0.09410627,0.0663782152
10,2000,1.1,25,37000,17,1.2,2.0,1.6,-0.7236091673,-0.2680838774,1.0750347058,0.7579210139
18,2000,1.1,25,37000,17,1.2,2.0,1.6,-1.4102786089,-0.6706237238,1.8004480598,1.1672068065
26,2000,1.1,25,37000,17,1.2,2.0,1.6,-1.9641613105,-1.0978298249,2.6370965215,1.578494448
0,2000,1.1,75,30000,17,1.2,2.0,1.6,0.0870495563,0.0603660781,0.0870495563,0.0603660781
10,2000,1.1,75,30000,17,1.2,2.0,1.6,-1.265023797,-0.1858192277,0.3845788101,1.0954933274
18,2000,1.1,75,30000,17,1.2,2.0,1.6,-1.8225355804,-0.635499179,1.192172833,1.4538199215
26,2000,1.1,75,30000,17,1.2,2.0,1.6,-2.1277980986,-1.0163399551,2.0317206227,1.8376872583
0,2000,1.1,75,37000,17,1.2,2.0,1.6,0.0871418172,0.0604425817,0.0871418172,0.0604425817
10,2000,1.1,75,37000,17,1.2,2.0,1.6,-1.266184284,-0.183267019,0.3922787184,1.1017785081
18,2000,1.1,75,37000,17,1.2,2.0,1.6,-1.8235853165,-0.6338201235,1.198860408,1.4599536069
26,2000,1.1,75,37000,17,1.2,2.0,1.6,-2.1334895248,-1.0159484126,2.0384973949,1.842294454
0,5000,0.9,25,30000,17,1.2,2.0,1.6,0.1525013833,0.1170483567,0.1525013833,0.1170483567
10,5000,0.9,25,30000,17,1.2,2.0,1.6,-1.4574698959,-0.7593714902,2.734766016,1.8813124657
18,5000,0.9,25,30000,17,1.2,2.0,1.6,-2.5436728807,-1.7750851996,5.2787618508,2.8610894623
26,5000,0.9,25,30000,17,1.2,2.0,1.6,-3.5119785646,-2.7680729534,8.1611518261,3.9336428191
0,5000,0.9,25,37000,17,1.2,2.0,1.6,0.1527252396,0.117183751,0.1527252396,0.117183751
10,5000,0.9,25,37000,17,1.2,2.0,1.6,-1.4276734891,-0.7596652843,2.7829301071,1.8812374234
18,5000,0.9,25,37000,17,1.2,2.0,1.6,-2.5392413451,-1.7756202944,5.2935627193,2.8615521355
26,5000,0.9,25,37000,17,1.2,2.0,1.6,-3.5070802195,-2.7682746695,8.1742420445,3.9339938212
0,5000,0.9,75,30000,17,1.2,2.0,1.6,0.1186938978,0.0901484938,0.1186938978,0.0901484938
10,5000,0.9,75,30000,17,1.2,2.0,1.6,-1.485919131,-0.7756062824,2.5706844398,1.8564407769
18,5000,0.9,75,30000,17,1.2,2.0,1.6,-2.4174584276,-1.7699561599,5.0776202387,2.8661345492
26,5000,0.9,75,30000,17,1.2,2.0,1.6,-3.1763967385,-2.7945327783,8.6795465135,3.825201926
0,5000,0.9,75,37000,17,1.2,2.0,1.6,0.1187925954,0.0902309679,0.1187925954,0.0902309679
10,5000,0.9,75,37000,17,1.2,2.0,1.6,-1.4823161865,-0.7759063571,2.5731014557,1.85189431
18,5000,0.9,75,37000,17,1.2,2.0,1.6,-2.4151341352,-1.768950261,5.0828330658,2.8659971475
26,5000,0.9,75,37000,17,1.2,2.0,1.6,-3.171813103,-2.7947029096,8.692690727,3.8245499043
0,5000,1.1,25,30000,17,1.2,2.0,1.6,0.0935260303,0.0657359926,0.0935260303,0.0657359926
10,5000,1.1,25,30000,17,1.2,2.0,1.6,-1.4727232846,-0.73047886,2.9894710391,1.8406905852
18,5000,1.1,25,30000,17,1.2,2.0,1.6,-2.6401816332,-1.7481742154,5.2581961346,2.885355047
26,5000,1.1,25,30000,17,1.2,2.0,1.6,-3.5467981646,-2.7290526553,8.0129003644,3.9643653328
0,5000,1.1,25,37000,17,1.2,2.0,1.6,0.09410627,0.0663782152,0.09410627,0.0663782152
10,5000,1.1,25,37000,17,1.2,2.0,1.6,-1.4699855934,-0.7265186112,2.9681998637,1.8708127964
18,5000,1.1,25,37000,17,1.2,2.0,1.6,-2.6410691347,-1.7473549299,5.2638650179,2.8801593919
26,5000,1.1,25,37000,17,1.2,2.0,1.6,-3.5450294835,-2.7294278176,8.0194982458,3.9623342551
0,5000,1.1,75,30000,17,1.2,2.0,1.6,0.0870495563,0.0603660781,0.0870495563,0.0603660781
10,5000,1.1,75,30000,17,1.2,2.0,1.6,-1.810759414,-0.7175023782,2.441219305,1.8256707185
18,5000,1.1,75,30000,17,1.2,2.0,1.6,-2.5599191609,-1.7309141179,5.2183558947,2.8319639198
26,5000,1.1,75,30000,17,1.2,2.0,1.6,-3.2372345207,-2.7345819261,8.4875556929,3.8608293014
0,5000,1.1,75,37000,17,1.2,2.0,1.6,0.0871418172,0.0604425817,0.0871418172,0.0604425817
10,5000,1.1,75,37000,17,1.2,2.0,1.6,-1.8121770305,-0.7163530268,2.4492868108,1.8326675677
18,5000,1.1,75,37000,17,1.2,2.0,1.6,-2.5590488053,-1.7301280129,5.2294535795,2.8391277739
26,5000,1.1,75,37000,17,1.2,2.0,1.6,-3.2327585065,-2.7338724319,8.5082063025,3.8659131353
0,2000,0.9,25,30000,17,1.6,1.0,0.8,0.0654260103,0.0511567157,0.0654260103,0.0511567157
10,2000,0.9,25,30000,17,1.6,1.0,0.8,-0.5780842952,-0.2132907344,1.0095898938,0.6927194072
18,2000,0.9,25,30000,17,1.6,1.0,0.8,-1.2172825323,-0.5713694338,1.7373273171,1.0525260591
26,2000,0.9,25,30000,17,1.6,1.0,0.8,-1.64438865,-0.9317167693,2.6136134429,1.4103650109
0,2000,0.9,25,37000,17,1.6,1.0,0.8,0.0654776278,0.0511982708,0.0654776278,0.0511982708
10,2000,0.9,25,37000,17,1.6,1.0,0.8,-0.5781617715,-0.2130889617,1.0104675792,0.6930980243
18,2000,0.9,25,37000,17,1.6,1.0,0.8,-1.2171714294,-0.5712631734,1.7386641758,1.0531611062
26,2000,0.9,25,37000,17,1.6,1.0,0.8,-1.6441362708,-0.9318105203,2.6157295206,1.411159279
0,2000,0.9,75,30000,17,1.6,1.0,0.8,0.059990061,0.0469396241,0.059990061,0.0469396241
10,2000,0.9,75,30000,17,1.6,1.0,0.8,-0.7798609151,-0.2036436555,0.586526555,0.7657337191
18,2000,0.9,75,30000,17,1.6,1.0,0.8,-1.4042193216,-0.5588776756,1.3224785699,1.1072477985
26,2000,0.9,75,30000,17,1.6,1.0,0.8,-1.6232771223,-0.9173897931,2.2681675864,1.4368364139
0,2000,0.9,75,37000,17,1.6,1.0,0.8,0.0600398992,0.0469801304,0.0600398992,0.0469801304
10,2000,0.9,75,37000,17,1.6,1.0,0.8,-0.7336313986,-0.1988304694,0.5921620982,0.7702443598
18,2000,0.9,75,37000,17,1.6,1.0,0.8,-1.3765087518,-0.5528088482,1.3228923607,1.1123728483
26,2000,0.9,75,37000,17,1.6,1.0,0.8,-1.6188644759,-0.9145027506,2.271912402,1.4437773959
0,2000,1.1,25,30000,17,1.6,1.0,0.8,0.0456458415,0.0343003851,0.0456458415,0.0343003851
10,2000,1.1,25,30000,17,1.6,1.0,0.8,-0.7035707962,-0.1926220511,0.7981394964,0.7354077803
18,2000,1.1,25,30000,17,1.6,1.0,0.8,-1.2735177475,-0.5591603133,1.6662312176,1.0755194545
26,2000,1.1,25,30000,17,1.6,1.0,0.8,-1.6947318303,-0.927947665,2.5441530005,1.4233938857
0,2000,1.1,25,37000,17,1.6,1.0,0.8,0.045684859,0.0343317682,0.045684859,0.0343317682
10,2000,1.1,25,37000,17,1.6,1.0,0.8,-0.6973070611,-0.1922491717,0.8085533798,0.7387725681
18,2000,1.1,25,37000,17,1.6,1.0,0.8,-1.2725246254,-0.5586761889,1.6671677698,1.0786642337
26,2000,1.1,25,37000,17,1.6,1.0,0.8,-1.6944129034,-0.9279860054,2.5451925473,1.426055604
0,2000,1.1,75,30000,17,1.6,1.0,0.8,0.0429475818,0.0322130363,0.0429475818,0.0322130363
10,2000,1.1,75,30000,17,1.6,1.0,0.8,-0.7451899753,-0.2184126137,0.8582834501,0.6607001098
18,2000,1.1,75,30000,17,1.6,1.0,0.8,-1.3891505456,-0.5693620369,1.5502937236,1.0142693389
26,2000,1.1,75,30000,17,1.6,1.0,0.8,-1.6440980616,-0.9210764648,2.4077262757,1.3562683227
0,2000,1.1,75,37000,17,1.6,1.0,0.8,0.0429942837,0.0322506686,0.0429942837,0.0322506687
10,2000,1.1,75,37000,17,1.6,1.0,0.8,-0.7435817274,-0.2182593003,0.8580908065,0.6609243975
18,2000,1.1,75,37000,17,1.6,1.0,0.8,-1.3881353783,-0.5691631393,1.5504262583,1.0149478909
26,2000,1.1,75,37000,17,1.6,1.0,0.8,-1.6437249096,-0.9210080027,2.4099094146,1.3574351162
0,5000,0.9,25,30000,17,1.6,1.0,0.8,0.0654260103,0.0511567157,0.0654260103,0.0511567157
10,5000,0.9,25,30000,17,1.6,1.0,0.8,-1.3192992044,-0.6530919884,2.8586978137,1.5954514373
18,5000,0.9,25,30000,17,1.6,1.0,0.8,-2.3716081067,-1.5386069757,5.2009882507,2.5188526444
26,5000,0.9,25,30000,17,1.6,1.0,0.8,-3.4416014646,-2.4420416276,7.9099341229,3.4448168429
0,5000,0.9,25,37000,17,1.6,1.0,0.8,0.0654776278,0.0511982708,0.0654776278,0.0511982708
10,5000,0.9,25,37000,17,1.6,1.0,0.8,-1.318364131,-0.6527199932,2.8626943911,1.5971490577
18,5000,0.9,25,37000,17,1.6,1.0,0.8,-2.3697692001,-1.5385414616,5.2064580147,2.5202994553
26,5000,0.9,25,37000,17,1.6,1.0,0.8,-3.4392985343,-2.4421387714,7.9185807646,3.4463604905
0,5000,0.9,75,30000,17,1.6,1.0,0.8,0.059990061,0.0469396241,0.059990061,0.0469396241
10,5000,0.9,75,30000,17,1.6,1.0,0.8,-1.3633960184,-0.6274460097,2.5872820681,1.7225995805
18,5000,0.9,75,30000,17,1.6,1.0,0.8,-2.2291796061,-1.5431723275,5.2306644282,2.5519265947
26,5000,0.9,75,30000,17,1.6,1.0,0.8,-3.1640214908,-2.4696848895,8.4729761387,3.4150906629
0,5000,0.9,75,37000,17,1.6,1.0,0.8,0.0600398992,0.0469801304,0.0600398992,0.0469801304
10,5000,0.9,75,37000,17,1.6,1.0,0.8,-1.3127489629,-0.6466613091,2.7092790022,1.6773003068
18,5000,0.9,75,37000,17,1.6,1.0,0.8,-2.2169563855,-1.5561213884,5.2816004353,2.5204974027
26,5000,0.9,75,37000,17,1.6,1.0,0.8,-3.1529052176,-2.4778313318,8.5036073406,3.3980277151
0,5000,1.1,25,30000,17,1.6,1.0,0.8,0.0456458415,0.0343003851,0.0456458415,0.0343003851
10,5000,1.1,25,30000,17,1.6,1.0,0.8,-1.4268484387,-0.5741515218,2.976553334,1.7991093749
18,5000,1.1,25,30000,17,1.6,1.0,0.8,-2.3530382524,-1.4589351043,5.233312343,2.6461065053
26,5000,1.1,25,30000,17,1.6,1.0,0.8,-3.4060198212,-2.3575583015,7.8886685326,3.5574496537
0,5000,1.1,25,37000,17,1.6,1.0,0.8,0.045684859,0.0343317682,0.045684859,0.0343317682
10,5000,1.1,25,37000,17,1.6,1.0,0.8,-1.4258831059,-0.5725990824,2.9781368708,1.8063645804
18,5000,1.1,25,37000,17,1.6,1.0,0.8,-2.3510358786,-1.4590900447,5.2373395275,2.6490941225
26,5000,1.1,25,37000,17,1.6,1.0,0.8,-3.4033127632,-2.3576428457,7.8959142144,3.5598183283
0,5000,1.1,75,30000,17,1.6,1.0,0.8,0.0429475818,0.0322130363,0.0429475818,0.0322130363
10,5000,1.1,75,30000,17,1.6,1.0,0.8,-1.1084154347,-0.5848641682,3.203594964,1.7189226348
18,5000,1.1,75,30000,17,1.6,1.0,0.8,-2.1765846522,-1.4775441748,5.3311914504,2.5756481034
26,5000,1.1,75,30000,17,1.6,1.0,0.8,-3.1068754043,-2.4042207686,8.4343361946,3.440203872
0,5000,1.1,75,37000,17,1.6,1.0,0.8,0.0429942837,0.0322506686,0.0429942837,0.0322506687
10,5000,1.1,75,37000,17,1.6,1.0,0.8,-1.1104391591,-0.5844113012,3.2064022462,1.7207008055
18,5000,1.1,75,37000,17,1.6,1.0,0.8,-2.1743549833,-1.4768468003,5.3402908995,2.5784764212
26,5000,1.1,75,37000,17,1.6,1.0,0.8,-3.1016800661,-2.4043970698,8.4521981117,3.4424199757
0,2000,0.9,25,30000,17,1.6,1.0,1.2,0.0770952335,0.0582965334,0.0770952335,0.0582965334
10,2000,0.9,25,30000,17,1.6,1.0,1.2,-0.6078289552,-0.228749574,0.953656287,0.6817991645
18,2000,0.9,25,30000,17,1.6,1.0,1.2,-1.2359238722,-0.5901213726,1.6929005326,1.0527298119
26,2000,0.9,25,30000,17,1.6,1.0,1.2,-1.6753505087,-0.9473783996,2.5432217974,1.4259138285
0,2000,0.9,25,37000,17,1.6,1.0,1.2,0.0771668814,0.0583525332,0.0771668814,0.0583525332
10,2000,0.9,25,37000,17,1.6,1.0,1.2,-0.6094687991,-0.2265361833,0.9369745384,0.6947094673
18,2000,0.9,25,37000,17,1.6,1.0,1.2,-1.2365276568,-0.5885108146,1.6808246915,1.0637764505
26,2000,0.9,25,37000,17,1.6,1.0,1.2,-1.6754053447,-0.9467598435,2.5360794549,1.4347423341
0,2000,0.9,75,30000,17,1.6,1.0,1.2,0.0711013768,0.0537777104,0.0711013768,0.0537777104
10,2000,0.9,75,30000,17,1.6,1.0,1.2,-0.7149569026,-0.2329786994,0.618174476,0.7480631111
18,2000,0.9,75,30000,17,1.6,1.0,1.2,-1.3400073455,-0.5894898486,1.3297531617,1.098551117
26,2000,0.9,75,30000,17,1.6,1.0,1.2,-1.6466543271,-0.9377472345,2.1976364275,1.4515380999
0,2000,0.9,75,37000,17,1.6,1.0,1.2,0.0711749904,0.0538354898,0.0711749904,0.0538354898
10,2000,0.9,75,37000,17,1.6,1.0,1.2,-0.7281430631,-0.2317948785,0.5995336861,0.7494805314
18,2000,0.9,75,37000,17,1.6,1.0,1.2,-1.3447606879,-0.5884186733,1.323140008,1.1001275512
26,2000,0.9,75,37000,17,1.6,1.0,1.2,-1.6493042661,-0.9372091633,2.1918737929,1.4532520203
0,2000,1.1,25,30000,17,1.6,1.0,1.2,0.0641901712,0.04647052,0.0641901712,0.04647052
10,2000,1.1,25,30000,17,1.6,1.0,1.2,-0.7367026803,-0.2457008061,0.915813959,0.6625862623
18,2000,1.1,25,30000,17,1.6,1.0,1.2,-1.3302654052,-0.6051538124,1.6595031597,1.0345639776
26,2000,1.1,25,30000,17,1.6,1.0,1.2,-1.7119229388,-0.9572790315,2.4796668048,1.4082114545
0,2000,1.1,25,37000,17,1.6,1.0,1.2,0.0644880227,0.0467511871,0.0644880227,0.0467511871
10,2000,1.1,25,37000,17,1.6,1.0,1.2,-0.7371319896,-0.2456436556,0.9161024335,0.6630523766
18,2000,1.1,25,37000,17,1.6,1.0,1.2,-1.3303302998,-0.6054174172,1.6603908536,1.0351464349
26,2000,1.1,25,37000,17,1.6,1.0,1.2,-1.7120003329,-0.9577097013,2.4816350455,1.408994995
0,2000,1.1,75,30000,17,1.6,1.0,1.2,0.051686033,0.0372420057,0.051686033,0.0372420057
10,2000,1.1,75,30000,17,1.6,1.0,1.2,-0.6762109249,-0.2291000235,0.7914597761,0.7145125756
18,2000,1.1,75,30000,17,1.6,1.0,1.2,-1.3149813426,-0.5856530636,1.4731636863,1.0701191812
26,2000,1.1,75,30000,17,1.6,1.0,1.2,-1.7198285819,-0.9390711232,2.2936319229,1.4257268394
0,2000,1.1,75,37000,17,1.6,1.0,1.2,0.0517447874,0.0372880575,0.0517447874,0.0372880575
10,2000,1.1,75,37000,17,1.6,1.0,1.2,-0.6768147646,-0.2282171601,0.7903801624,0.7168803275
18,2000,1.1,75,37000,17,1.6,1.0,1.2,-1.3157097186,-0.5848749449,1.4725804766,1.0727015308
26,2000,1.1,75,37000,17,1.6,1.0,1.2,-1.7198247334,-0.9387253911,2.2944019468,1.4284124262
0,5000,0.9,25,30000,17,1.6,1.0,1.2,0.0770952335,0.0582965334,0.0770952335,0.0582965334
10,5000,0.9,25,30000,17,1.6,1.0,1.2,-1.3648192031,-0.6623664415,2.7828682513,1.6673747878
18,5000,0.9,25,30000,17,1.6,1.0,1.2,-2.3582538342,-1.5448287181,5.1324642547,2.5941097435
26,5000,0.9,25,30000,17,1.6,1.0,1.2,-3.3718749464,-2.4193298926,7.8371904744,3.5710138105
0,5000,0.9,25,37000,17,1.6,1.0,1.2,0.0771668814,0.0583525332,0.0771668814,0.0583525332
10,5000,0.9,25,37000,17,1.6,1.0,1.2,-1.3636373077,-0.662190793,2.7847040708,1.6681658063
18,5000,0.9,25,37000,17,1.6,1.0,1.2,-2.3567046277,-1.5444490775,5.1359381578,2.5956710977
26,5000,0.9,25,37000,17,1.6,1.0,1.2,-3.3693842666,-2.4187176478,7.8447674877,3.5740038008
0,5000,0.9,75,30000,17,1.6,1.0,1.2,0.0711013768,0.0537777104,0.0711013768,0.0537777104
10,5000,0.9,75,30000,17,1.6,1.0,1.2,-1.3336545267,-0.6936793554,2.5358995695,1.5235640023
18,5000,0.9,75,30000,17,1.6,1.0,1.2,-2.2035918825,-1.5593320717,5.0846276555,2.4766570107
26,5000,0.9,75,30000,17,1.6,1.0,1.2,-3.0706853721,-2.4464230865,8.3867702375,3.4515376647
0,5000,0.9,75,37000,17,1.6,1.0,1.2,0.0711749904,0.0538354898,0.0711749904,0.0538354898
10,5000,0.9,75,37000,17,1.6,1.0,1.2,-1.333045244,-0.6925777412,2.5384883998,1.5260456981
18,5000,0.9,75,37000,17,1.6,1.0,1.2,-2.2008387362,-1.5582884651,5.0924844179,2.4799428135
26,5000,0.9,75,37000,17,1.6,1.0,1.2,-3.0649445862,-2.4465058954,8.405446517,3.4543141714
0,5000,1.1,25,30000,17,1.6,1.0,1.2,0.0641901712,0.04647052,0.0641901712,0.04647052
10,5000,1.1,25,30000,17,1.6,1.0,1.2,-1.4559572735,-0.624414357,2.934711674,1.7595099926
18,5000,1.1,25,30000,17,1.6,1.0,1.2,-2.3584237113,-1.4826688834,5.1359120556,2.6731964999
26,5000,1.1,25,30000,17,1.6,1.0,1.2,-3.3513616199,-2.3526875277,7.7749279763,3.641001087
0,5000,1.1,25,37000,17,1.6,1.0,1.2,0.0644880227,0.0467511871,0.0644880227,0.0467511871
10,5000,1.1,25,37000,17,1.6,1.0,1.2,-1.455659587,-0.6225798645,2.9373408823,1.7633295966
18,5000,1.1,25,37000,17,1.6,1.0,1.2,-2.3575154081,-1.4823945154,5.138569366,2.6756750586
26,5000,1.1,25,37000,17,1.6,1.0,1.2,-3.3480832159,-2.3523249016,7.784466059,3.6430755488
0,5000,1.1,75,30000,17,1.6,1.0,1.2,0.051686033,0.0372420057,0.051686033,0.0372420057
10,5000,1.1,75,30000,17,1.6,1.0,1.2,-1.5863270462,-0.6513225118,2.5842237394,1.5857615588
18,5000,1.1,75,30000,17,1.6,1.0,1.2,-2.2325273559,-1.5116401045,5.2430698262,2.5226095835
26,5000,1.1,75,30000,17,1.6,1.0,1.2,-3.020982702,-2.3867142029,8.3674911169,3.5017159014
0,5000,1.1,75,37000,17,1.6,1.0,1.2,0.0517447874,0.0372880575,0.0517447874,0.0372880575
10,5000,1.1,75,37000,17,1.6,1.0,1.2,-1.5849151081,-0.6522821305,2.6043955246,1.5890267292
18,5000,1.1,75,37000,17,1.6,1.0,1.2,-2.2295086306,-1.5111208173,5.2539427495,2.5251980733
26,5000,1.1,75,37000,17,1.6,1.0,1.2,-3.0159587504,-2.3866472822,8.3823797934,3.5040437492
0,2000,0.9,25,30000,17,1.6,1.0,1.6,0.0885947916,0.0661952106,0.0885947916,0.0661952106
10,2000,0.9,25,30000,17,1.6,1.0,1.6,-0.6083614138,-0.2370129087,0.9328344361,0.7343875422
18,2000,0.9,25,30000,17,1.6,1.0,1.6,-1.2392101398,-0.6052525927,1.6661939255,1.1016959167
26,2000,0.9,25,30000,17,1.6,1.0,1.6,-1.7097242209,-0.9696282355,2.5045278997,1.4778304731
0,2000,0.9,25,37000,17,1.6,1.0,1.6,0.0886711184,0.0662543957,0.0886711184,0.0662543957
10,2000,0.9,25,37000,17,1.6,1.0,1.6,-0.6144723022,-0.2369018069,0.9196811074,0.736388559
18,2000,0.9,25,37000,17,1.6,1.0,1.6,-1.2404104807,-0.605339602,1.6664445846,1.1039042772
26,2000,0.9,25,37000,17,1.6,1.0,1.6,-1.7106273018,-0.970033478,2.5013084788,1.4797070618
0,2000,0.9,75,30000,17,1.6,1.0,1.6,0.0820371907,0.0612971129,0.0820371907,0.0612971129
10,2000,0.9,75,30000,17,1.6,1.0,1.6,-0.5073761733,-0.2531892277,1.0334257833,0.6434959547
18,2000,0.9,75,30000,17,1.6,1.0,1.6,-1.1294197354,-0.6146497295,1.7322113606,1.0071761027
26,2000,0.9,75,30000,17,1.6,1.0,1.6,-1.6681588824,-0.9722418515,2.4687060474,1.3837021102
0,2000,0.9,75,37000,17,1.6,1.0,1.6,0.0821263164,0.0613664268,0.0821263164,0.0613664268
10,2000,0.9,75,37000,17,1.6,1.0,1.6,-0.5495021901,-0.2536862228,0.8904643479,0.6628404608
18,2000,0.9,75,37000,17,1.6,1.0,1.6,-1.205460929,-0.6155055281,1.5625031952,1.0274228567
26,2000,0.9,75,37000,17,1.6,1.0,1.6,-1.6916978871,-0.9700720954,2.3517936052,1.404748174
0,2000,1.1,25,30000,17,1.6,1.0,1.6,0.075498114,0.0539276673,0.075498114,0.0539276673
10,2000,1.1,25,30000,17,1.6,1.0,1.6,-0.7412876935,-0.2469414092,0.7829105592,0.731879985
18,2000,1.1,25,30000,17,1.6,1.0,1.6,-1.3176275828,-0.6143811357,1.6310135731,1.0902008204
26,2000,1.1,25,30000,17,1.6,1.0,1.6,-1.7905769041,-0.9875056159,2.4553087328,1.4625782011
0,2000,1.1,25,37000,17,1.6,1.0,1.6,0.0757512065,0.0541121047,0.0757512065,0.0541121047
10,2000,1.1,25,37000,17,1.6,1.0,1.6,-0.7434508535,-0.2468526077,0.782039604,0.7311507716
18,2000,1.1,25,37000,17,1.6,1.0,1.6,-1.3186628793,-0.6143447399,1.6315769055,1.0899403805
26,2000,1.1,25,37000,17,1.6,1.0,1.6,-1.7907638773,-0.9876190583,2.4570893585,1.4628013698
0,2000,1.1,75,30000,17,1.6,1.0,1.6,0.0603434342,0.0427875423,0.0603434342,0.0427875423
10,2000,1.1,75,30000,17,1.6,1.0,1.6,-0.8865260418,-0.2587215571,0.479990275,0.6921301419
18,2000,1.1,75,30000,17,1.6,1.0,1.6,-1.4659362143,-0.6211730946,1.2681734147,1.0532570433
26,2000,1.1,75,30000,17,1.6,1.0,1.6,-1.834891505,-0.9826150946,2.1261632525,1.4209376118
0,2000,1.1,75,37000,17,1.6,1.0,1.6,0.0604139396,0.0428422309,0.0604139396,0.0428422309
10,2000,1.1,75,37000,17,1.6,1.0,1.6,-0.9014451794,-0.2594589693,0.4675486454,0.6873628232
18,2000,1.1,75,37000,17,1.6,1.0,1.6,-1.4706015763,-0.6215842788,1.2763473711,1.0488809693
26,2000,1.1,75,37000,17,1.6,1.0,1.6,-1.8364236622,-0.9840861708,2.1389635821,1.4173573977
0,5000,0.9,25,30000,17,1.6,1.0,1.6,0.0885947916,0.0661952106,0.0885947916,0.0661952106
10,5000,0.9,25,30000,17,1.6,1.0,1.6,-1.497181122,-0.7016297261,2.8740186375,1.7531614704
18,5000,0.9,25,30000,17,1.6,1.0,1.6,-2.3744444144,-1.5681228197,5.1082305473,2.6769682302
26,5000,0.9,25,30000,17,1.6,1.0,1.6,-3.357657284,-2.4304775165,7.7786400017,3.6856016443
0,5000,0.9,25,37000,17,1.6,1.0,1.6,0.0886711184,0.0662543957,0.0886711184,0.0662543957
10,5000,0.9,25,37000,17,1.6,1.0,1.6,-1.4815770845,-0.7041450475,2.92408697,1.7463435211
18,5000,0.9,25,37000,17,1.6,1.0,1.6,-2.3701260241,-1.5683300436,5.1219223066,2.6746841231
26,5000,0.9,25,37000,17,1.6,1.0,1.6,-3.3520457424,-2.430439154,7.7933988285,3.6848562141
0,5000,0.9,75,30000,17,1.6,1.0,1.6,0.0820371907,0.0612971129,0.0820371907,0.0612971129
10,5000,0.9,75,30000,17,1.6,1.0,1.6,-1.2948935123,-0.7127401884,2.5485117743,1.5595525847
18,5000,0.9,75,30000,17,1.6,1.0,1.6,-2.2456029413,-1.5871977167,4.9315667968,2.5277344262
26,5000,0.9,75,30000,17,1.6,1.0,1.6,-3.0451547832,-2.4475131908,8.2562676409,3.563711823
0,5000,0.9,75,37000,17,1.6,1.0,1.6,0.0821263164,0.0613664268,0.0821263164,0.0613664268
10,5000,0.9,75,37000,17,1.6,1.0,1.6,-1.2947914414,-0.7117400788,2.5521098962,1.5624298678
18,5000,0.9,75,37000,17,1.6,1.0,1.6,-2.2428569804,-1.5863582972,4.9391119901,2.5309735688
26,5000,0.9,75,37000,17,1.6,1.0,1.6,-3.0395692373,-2.4470163793,8.2757964696,3.5690673511
0,5000,1.1,25,30000,17,1.6,1.0,1.6,0.075498114,0.0539276673,0.075498114,0.0539276673
10,5000,1.1,25,30000,17,1.6,1.0,1.6,-1.4889581383,-0.6674466762,2.9364309178,1.7631304476
18,5000,1.1,25,30000,17,1.6,1.0,1.6,-2.4014154116,-1.5234315121,5.0701331303,2.7129751255
26,5000,1.1,25,30000,17,1.6,1.0,1.6,-3.3472565782,-2.3832621513,7.6925648391,3.7222843555
0,5000,1.1,25,37000,17,1.6,1.0,1.6,0.0757512065,0.0541121047,0.0757512065,0.0541121047
10,5000,1.1,25,37000,17,1.6,1.0,1.6,-1.4895112905,-0.6663537622,2.9359249946,1.7652495531
18,5000,1.1,25,37000,17,1.6,1.0,1.6,-2.3993946047,-1.5238169649,5.0748447221,2.7146515329
26,5000,1.1,25,37000,17,1.6,1.0,1.6,-3.3442943912,-2.3828143129,7.6998280689,3.7247449273
0,5000,1.1,75,30000,17,1.6,1.0,1.6,0.0603434342,0.0427875423,0.0603434342,0.0427875423
10,5000,1.1,75,30000,17,1.6,1.0,1.6,-1.4840249175,-0.6914673039,2.5050491393,1.5323462189
18,5000,1.1,75,30000,17,1.6,1.0,1.6,-2.3048434655,-1.5408144557,4.8631157901,2.5241866017
26,5000,1.1,75,30000,17,1.6,1.0,1.6,-3.0512823612,-2.3960711712,8.0613165131,3.580466761
0,5000,1.1,75,37000,17,1.6,1.0,1.6,0.0604139396,0.0428422309,0.0604139396,0.0428422309
10,5000,1.1,75,37000,17,1.6,1.0,1.6,-1.4535394914,-0.6524697556,2.3126785229,1.7828198791
18,5000,1.1,75,37000,17,1.6,1.0,1.6,-2.322618983,-1.5298772064,4.7307405114,2.7009649623
26,5000,1.1,75,37000,17,1.6,1.0,1.6,-3.0550690322,-2.3784726617,7.9951519905,3.6964249233
0,2000,0.9,25,30000,17,1.6,1.5,0.8,0.1156720648,0.0940440632,0.1156720648,0.094044063
10,2000,0.9,25,30000,17,1.6,1.5,0.8,-0.7466864244,-0.1623103544,0.8767741982,0.8472831419
18,2000,0.9,25,30000,17,1.6,1.5,0.8,-1.3078756819,-0.5571246128,1.8156600582,1.1641753233
26,2000,0.9,25,30000,17,1.6,1.5,0.8,-1.7425475142,-0.9539940855,2.6641917845,1.5151282614
0,2000,0.9,25,37000,17,1.6,1.5,0.8,0.1158956862,0.0942727235,0.1158956862,0.0942727235
10,2000,0.9,25,37000,17,1.6,1.5,0.8,-0.7456617669,-0.1626661145,0.8775359675,0.8485354012
18,2000,0.9,25,37000,17,1.6,1.5,0.8,-1.3068476377,-0.5575434401,1.817198413,1.1652230809
26,2000,0.9,25,37000,17,1.6,1.5,0.8,-1.7425230512,-0.9545778693,2.6664494006,1.5160223772
0,2000,0.9,75,30000,17,1.6,1.5,0.8,0.0812583212,0.0658158938,0.0812583212,0.0658158938
10,2000,0.9,75,30000,17,1.6,1.5,0.8,-0.98050037,-0.1645604425,0.4323889066,0.8473377013
18,2000,0.9,75,30000,17,1.6,1.5,0.8,-1.4680835861,-0.5990256188,1.3722709654,1.1562175674
26,2000,0.9,75,30000,17,1.6,1.5,0.8,-1.7676301698,-0.9333059688,2.2980738109,1.5025554169
0,2000,0.9,75,37000,17,1.6,1.5,0.8,0.0813213911,0.0658700976,0.0813213911,0.0658700976
10,2000,0.9,75,37000,17,1.6,1.5,0.8,-0.9740511861,-0.1666333815,0.4450008513,0.8459802802
18,2000,0.9,75,37000,17,1.6,1.5,0.8,-1.4736619543,-0.5942602645,1.3422345095,1.1641209109
26,2000,0.9,75,37000,17,1.6,1.5,0.8,-1.7714742406,-0.9328951235,2.297882167,1.5047809783
0,2000,1.1,25,30000,17,1.6,1.5,0.8,0.0639767575,0.0492714021,0.0639767575,0.0492714021
10,2000,1.1,25,30000,17,1.6,1.5,0.8,-0.5763461581,-0.197094237,0.9721773945,0.7955501141
18,2000,1.1,25,30000,17,1.6,1.5,0.8,-1.2636828995,-0.5732547472,1.8236578795,1.1413370955
26,2000,1.1,25,30000,17,1.6,1.5,0.8,-1.8052618295,-0.9582299488,2.6458478675,1.5034010596
0,2000,1.1,25,37000,17,1.6,1.5,0.8,0.0651346959,0.0501870546,0.0651346959,0.0501870546
10,2000,1.1,25,37000,17,1.6,1.5,0.8,-0.5277454818,-0.211139486,1.0785703478,0.7372062284
18,2000,1.1,25,37000,17,1.6,1.5,0.8,-1.2717534642,-0.578396617,1.8293891492,1.1121804365
26,2000,1.1,25,37000,17,1.6,1.5,0.8,-1.8036575411,-0.9628020757,2.6556442412,1.4824345021
0,2000,1.1,75,30000,17,1.6,1.5,0.8,0.059978464,0.0459456408,0.059978464,0.0459456408
10,2000,1.1,75,30000,17,1.6,1.5,0.8,-0.8601741804,-0.1793880733,0.5606185434,0.8219630038
18,2000,1.1,75,30000,17,1.6,1.5,0.8,-1.4411239354,-0.5608196251,1.4643762665,1.1485234109
26,2000,1.1,75,30000,17,1.6,1.5,0.8,-1.8014409181,-0.9440363658,2.306271958,1.4863206155
0,2000,1.1,75,37000,17,1.6,1.5,0.8,0.0600319681,0.0459914667,0.0600319681,0.0459914667
10,2000,1.1,75,37000,17,1.6,1.5,0.8,-0.8604613229,-0.179354797,0.5609209056,0.822252203
18,2000,1.1,75,37000,17,1.6,1.5,0.8,-1.4428930133,-0.560421669,1.4613868737,1.1501947018
26,2000,1.1,75,37000,17,1.6,1.5,0.8,-1.8019923848,-0.9440387214,2.3047140906,1.4879189198
0,5000,0.9,25,30000,17,1.6,1.5,0.8,0.1156720648,0.094044063,0.1156720648,0.094044063
10,5000,0.9,25,30000,17,1.6,1.5,0.8,-1.4148988812,-0.6383461921,2.8555341519,1.7945827482
18,5000,0.9,25,30000,17,1.6,1.5,0.8,-2.4739712418,-1.614943998,5.3415069508,2.6420743722
26,5000,0.9,25,30000,17,1.6,1.5,0.8,-3.4837874052,-2.5898219698,8.1618989353,3.568588379
0,5000,0.9,25,37000,17,1.6,1.5,0.8,0.1158956862,0.0942727235,0.1158956862,0.0942727235
10,5000,0.9,25,37000,17,1.6,1.5,0.8,-1.4220300577,-0.6419118514,2.8513439884,1.7785058352
18,5000,0.9,25,37000,17,1.6,1.5,0.8,-2.4735087435,-1.6176374385,5.3492136931,2.6334517325
26,5000,0.9,25,37000,17,1.6,1.5,0.8,-3.4825262506,-2.5917443004,8.1687165476,3.5641970343
0,5000,0.9,75,30000,17,1.6,1.5,0.8,0.0812583212,0.0658158938,0.0812583212,0.0658158938
10,5000,0.9,75,30000,17,1.6,1.5,0.8,-1.2807103587,-0.713052675,3.2131026043,1.60928627
18,5000,0.9,75,30000,17,1.6,1.5,0.8,-2.2700513579,-1.6726308257,5.6433090648,2.5153071072
26,5000,0.9,75,30000,17,1.6,1.5,0.8,-3.1784754612,-2.6685586762,8.9226455909,3.3812557181
0,5000,0.9,75,37000,17,1.6,1.5,0.8,0.0813213911,0.0658700976,0.0813213911,0.0658700976
10,5000,0.9,75,37000,17,1.6,1.5,0.8,-1.3262832442,-0.7131100342,3.1679643005,1.5949390728
18,5000,0.9,75,37000,17,1.6,1.5,0.8,-2.2684611172,-1.6741117112,5.6732712706,2.5108622227
26,5000,0.9,75,37000,17,1.6,1.5,0.8,-3.1699161093,-2.6706478937,8.9594438537,3.379612265
0,5000,1.1,25,30000,17,1.6,1.5,0.8,0.0639767575,0.0492714021,0.0639767575,0.0492714021
10,5000,1.1,25,30000,17,1.6,1.5,0.8,-1.4577096149,-0.5599728298,3.0694004819,1.8930476401
18,5000,1.1,25,30000,17,1.6,1.5,0.8,-2.4647404636,-1.5499183438,5.3325504572,2.7349259615
26,5000,1.1,25,30000,17,1.6,1.5,0.8,-3.4897984114,-2.5091584375,8.0801372344,3.6615273676
0,5000,1.1,25,37000,17,1.6,1.5,0.8,0.0651346959,0.0501870546,0.0651346959,0.0501870546
10,5000,1.1,25,37000,17,1.6,1.5,0.8,-1.4568917569,-0.5539271707,3.1381571236,1.9167217094
18,5000,1.1,25,37000,17,1.6,1.5,0.8,-2.4669402914,-1.5429998356,5.3584232433,2.753108101
26,5000,1.1,25,37000,17,1.6,1.5,0.8,-3.485687034,-2.5077645352,8.1079144598,3.6697694083
0,5000,1.1,75,30000,17,1.6,1.5,0.8,0.059978464,0.0459456408,0.059978464,0.0459456408
10,5000,1.1,75,30000,17,1.6,1.5,0.8,-1.6571288936,-0.4711201154,2.6676109072,2.0745777103
18,5000,1.1,75,30000,17,1.6,1.5,0.8,-2.3558640921,-1.5219938552,5.4401439262,2.7756843949
26,5000,1.1,75,30000,17,1.6,1.5,0.8,-3.1782714815,-2.5426221033,8.7538249194,3.5764999038
0,5000,1.1,75,37000,17,1.6,1.5,0.8,0.0600319681,0.0459914667,0.0600319681,0.0459914667
10,5000,1.1,75,37000,17,1.6,1.5,0.8,-1.651648432,-0.4662368141,2.6867789402,2.0937517592
18,5000,1.1,75,37000,17,1.6,1.5,0.8,-2.3499065178,-1.5236431277,5.4596655129,2.7810478192
26,5000,1.1,75,37000,17,1.6,1.5,0.8,-3.1746038183,-2.5404899378,8.7684399687,3.581608434
0,2000,0.9,25,30000,17,1.6,1.5,1.2,0.1289680674,0.1021897899,0.1289680674,0.1021897899
10,2000,0.9,25,30000,17,1.6,1.5,1.2,-0.7128422825,-0.2058330858,0.9188657115,0.7917951329
18,2000,0.9,25,30000,17,1.6,1.5,1.2,-1.3184077631,-0.5926456762,1.7459586975,1.143903266
26,2000,0.9,25,30000,17,1.6,1.5,1.2,-1.7790600852,-1.0030323542,2.598588962,1.5179785239
0,2000,0.9,25,37000,17,1.6,1.5,1.2,0.1290475911,0.102256228,0.1290475911,0.102256228
10,2000,0.9,25,37000,17,1.6,1.5,1.2,-0.7108238652,-0.2049416966,0.9189249628,0.798836602
18,2000,0.9,25,37000,17,1.6,1.5,1.2,-1.3191218433,-0.5917777213,1.7421835267,1.1503997158
26,2000,0.9,25,37000,17,1.6,1.5,1.2,-1.7790349289,-1.0023566967,2.5960349015,1.5233122143
0,2000,0.9,75,30000,17,1.6,1.5,1.2,0.0950834966,0.0749132974,0.0950834966,0.0749132974
10,2000,0.9,75,30000,17,1.6,1.5,1.2,-0.9278362983,-0.2136265613,0.4773191169,0.8059152908
18,2000,0.9,75,30000,17,1.6,1.5,1.2,-1.4881128181,-0.6116147023,1.317687444,1.1552845693
26,2000,0.9,75,30000,17,1.6,1.5,1.2,-1.7925362726,-0.9711513271,2.1750023362,1.5191834129
0,2000,0.9,75,37000,17,1.6,1.5,1.2,0.095159542,0.0749772964,0.095159542,0.0749772964
10,2000,0.9,75,37000,17,1.6,1.5,1.2,-0.9379650837,-0.2122827828,0.4636497677,0.8105832664
18,2000,0.9,75,37000,17,1.6,1.5,1.2,-1.4880142565,-0.6124115591,1.3237969667,1.1568532119
26,2000,0.9,75,37000,17,1.6,1.5,1.2,-1.792651722,-0.970595319,2.1790221183,1.5218434013
0,2000,1.1,25,30000,17,1.6,1.5,1.2,0.0976771798,0.0739218776,0.0976771798,0.0739218776
10,2000,1.1,25,30000,17,1.6,1.5,1.2,-0.661660992,-0.2091736063,0.8530153093,0.8586511613
18,2000,1.1,25,30000,17,1.6,1.5,1.2,-1.349891164,-0.600236119,1.6980743427,1.1935464782
26,2000,1.1,25,30000,17,1.6,1.5,1.2,-1.8261815938,-0.9846077562,2.5252935839,1.559391827
0,2000,1.1,25,37000,17,1.6,1.5,1.2,0.0976024044,0.073908113,0.0976024044,0.073908113
10,2000,1.1,25,37000,17,1.6,1.5,1.2,-0.5832678742,-0.2168966118,0.9032176323,0.8659745907
18,2000,1.1,25,37000,17,1.6,1.5,1.2,-1.3067847114,-0.5966931557,1.7053678549,1.2023282
26,2000,1.1,25,37000,17,1.6,1.5,1.2,-1.845156668,-1.0044535504,2.5196731679,1.5632136279
0,2000,1.1,75,30000,17,1.6,1.5,1.2,0.0720313335,0.0534701256,0.0720313335,0.0534701256
10,2000,1.1,75,30000,17,1.6,1.5,1.2,-0.9601132523,-0.2103275427,0.4902191418,0.7921910425
18,2000,1.1,75,30000,17,1.6,1.5,1.2,-1.5120385374,-0.593717965,1.4208492436,1.1411414626
26,2000,1.1,75,30000,17,1.6,1.5,1.2,-1.8663544299,-0.9828050099,2.3311546632,1.4961126852
0,2000,1.1,75,37000,17,1.6,1.5,1.2,0.0720448009,0.0534821984,0.0720448009,0.0534821984
10,2000,1.1,75,37000,17,1.6,1.5,1.2,-1.0221266653,-0.2010333609,0.5469443018,0.7854752079
18,2000,1.1,75,37000,17,1.6,1.5,1.2,-1.5297677821,-0.5882562163,1.4891041941,1.1377773061
26,2000,1.1,75,37000,17,1.6,1.5,1.2,-1.8949422294,-0.9895206906,2.3814111213,1.4929874557
0,5000,0.9,25,30000,17,1.6,1.5,1.2,0.1289680674,0.1021897899,0.1289680674,0.1021897899
10,5000,0.9,25,30000,17,1.6,1.5,1.2,-1.3137091689,-0.6942710501,2.9006909477,1.7073792071
18,5000,0.9,25,30000,17,1.6,1.5,1.2,-2.4435865087,-1.6378281358,5.1905394788,2.7076566989
26,5000,0.9,25,30000,17,1.6,1.5,1.2,-3.4248353476,-2.6043914489,7.9976363069,3.6827809734
0,5000,0.9,25,37000,17,1.6,1.5,1.2,0.1290475911,0.102256228,0.1290475911,0.102256228
10,5000,0.9,25,37000,17,1.6,1.5,1.2,-1.3132029066,-0.6939164316,2.9034407628,1.7088702953
18,5000,0.9,25,37000,17,1.6,1.5,1.2,-2.4426873809,-1.6376728317,5.1941436558,2.7090900191
26,5000,0.9,25,37000,17,1.6,1.5,1.2,-3.4232800363,-2.6042687483,8.0031829589,3.6834784946
0,5000,0.9,75,30000,17,1.6,1.5,1.2,0.0950834966,0.0749132974,0.0950834966,0.0749132974
10,5000,0.9,75,30000,17,1.6,1.5,1.2,-1.3348231384,-0.6596615361,2.605539244,1.9418009989
18,5000,0.9,75,30000,17,1.6,1.5,1.2,-2.3340282234,-1.6264348806,5.0240402236,2.7994258094
26,5000,0.9,75,30000,17,1.6,1.5,1.2,-3.136126996,-2.6221566337,8.54287623,3.6470340393
0,5000,0.9,75,37000,17,1.6,1.5,1.2,0.095159542,0.0749772964,0.095159542,0.0749772964
10,5000,0.9,75,37000,17,1.6,1.5,1.2,-1.3345383509,-0.6585386759,2.609408845,1.9466482645
18,5000,0.9,75,37000,17,1.6,1.5,1.2,-2.3328731225,-1.624979773,5.0287492788,2.805276911
26,5000,0.9,75,37000,17,1.6,1.5,1.2,-3.1317379584,-2.6217602264,8.5584476835,3.6504250521
0,5000,1.1,25,30000,17,1.6,1.5,1.2,0.0976771798,0.0739218776,0.0976771798,0.0739218776
10,5000,1.1,25,30000,17,1.6,1.5,1.2,-1.3940029661,-0.5832401577,3.1224933337,1.9404068699
18,5000,1.1,25,30000,17,1.6,1.5,1.2,-2.4771825145,-1.5803544611,5.2421982552,2.8223545646
26,5000,1.1,25,30000,17,1.6,1.5,1.2,-3.4336437258,-2.5314132582,7.952158872,3.7877841936
0,5000,1.1,25,37000,17,1.6,1.5,1.2,0.0976024044,0.073908113,0.0976024044,0.073908113
10,5000,1.1,25,37000,17,1.6,1.5,1.2,-1.4524702423,-0.6224624367,2.84251369,1.8461055636
18,5000,1.1,25,37000,17,1.6,1.5,1.2,-2.4821077779,-1.5943927943,5.1361165655,2.7661311831
26,5000,1.1,25,37000,17,1.6,1.5,1.2,-3.4411632513,-2.5380868468,7.8902362863,3.7541417162
0,5000,1.1,75,30000,17,1.6,1.5,1.2,0.0720313335,0.0534701256,0.0720313335,0.0534701256
10,5000,1.1,75,30000,17,1.6,1.5,1.2,-1.5295968864,-0.5667417273,2.8166964932,2.029695821
18,5000,1.1,75,30000,17,1.6,1.5,1.2,-2.3951050765,-1.5681354733,5.1782118222,2.8519781445
26,5000,1.1,75,30000,17,1.6,1.5,1.2,-3.1185269862,-2.5503981281,8.4924646338,3.7251186542
0,5000,1.1,75,37000,17,1.6,1.5,1.2,0.0720448009,0.0534821984,0.0720448009,0.0534821984
10,5000,1.1,75,37000,17,1.6,1.5,1.2,-1.4079495323,-0.668133813,2.5511098504,1.6617286993
18,5000,1.1,75,37000,17,1.6,1.5,1.2,-2.3752835903,-1.602536468,4.9589672221,2.6293290413
26,5000,1.1,75,37000,17,1.6,1.5,1.2,-3.1153573084,-2.5859871532,8.3747071072,3.5789314586
0,2000,0.9,25,30000,17,1.6,1.5,1.6,0.1512155508,0.118990062,0.1512155508,0.118990062
10,2000,0.9,25,30000,17,1.6,1.5,1.6,-0.5928844834,-0.2317487684,0.9499727586,0.860771482
18,2000,0.9,25,30000,17,1.6,1.5,1.6,-1.2783761581,-0.6234696607,1.7740968703,1.2071708274
26,2000,0.9,25,30000,17,1.6,1.5,1.6,-1.7852166997,-1.0109983759,2.5572235933,1.5916461907
0,2000,0.9,25,37000,17,1.6,1.5,1.6,0.1511985594,0.1190421715,0.1511985594,0.1190421715
10,2000,0.9,25,37000,17,1.6,1.5,1.6,-0.5966654685,-0.2298710246,0.9509545338,0.8626666196
18,2000,0.9,25,37000,17,1.6,1.5,1.6,-1.3233391104,-0.6217659817,1.7109408714,1.2201236392
26,2000,0.9,25,37000,17,1.6,1.5,1.6,-1.7902162489,-1.0082249588,2.5311326451,1.6038665013
0,2000,0.9,75,30000,17,1.6,1.5,1.6,0.1085629714,0.084816524,0.1085629714,0.084816524
10,2000,0.9,75,30000,17,1.6,1.5,1.6,-0.8846547231,-0.2289788168,0.7575188828,0.7730191252
18,2000,0.9,75,30000,17,1.6,1.5,1.6,-1.4799097622,-0.6546425056,1.4224211723,1.1501943277
26,2000,0.9,75,30000,17,1.6,1.5,1.6,-1.8470966962,-1.0089135883,2.256062636,1.5303082743
0,2000,0.9,75,37000,17,1.6,1.5,1.6,0.1086523754,0.0848914068,0.1086523754,0.0848914068
10,2000,0.9,75,37000,17,1.6,1.5,1.6,-0.8769032643,-0.2293823965,0.7746410751,0.76997288
18,2000,0.9,75,37000,17,1.6,1.5,1.6,-1.4774532162,-0.6578902288,1.4383338935,1.147081689
26,2000,0.9,75,37000,17,1.6,1.5,1.6,-1.8465350328,-1.0065369507,2.2416569134,1.5333460067
0,2000,1.1,25,30000,17,1.6,1.5,1.6,0.0891880558,0.06592221,0.0891880558,0.06592221
10,2000,1.1,25,30000,17,1.6,1.5,1.6,-0.6378404871,-0.2447986585,0.9656046973,0.8441504284
18,2000,1.1,25,30000,17,1.6,1.5,1.6,-1.3142991927,-0.6377354893,1.7714826704,1.1911309221
26,2000,1.1,25,30000,17,1.6,1.5,1.6,-1.8567630849,-1.0348784786,2.5386321412,1.5712850159
0,2000,1.1,25,37000,17,1.6,1.5,1.6,0.0892547067,0.0659776627,0.0892547067,0.0659776627
10,2000,1.1,25,37000,17,1.6,1.5,1.6,-0.6378188635,-0.2443790046,0.9660382624,0.8445987943
18,2000,1.1,25,37000,17,1.6,1.5,1.6,-1.3142225913,-0.6374223762,1.7723956504,1.1916303619
26,2000,1.1,25,37000,17,1.6,1.5,1.6,-1.8593560841,-1.0373817897,2.5407426999,1.5716095225
0,2000,1.1,75,30000,17,1.6,1.5,1.6,0.1146609255,0.0866118367,0.1146609255,0.0866118367
10,2000,1.1,75,30000,17,1.6,1.5,1.6,-0.9044423972,-0.2026204141,0.6970995343,0.7950900361
18,2000,1.1,75,30000,17,1.6,1.5,1.6,-1.5190721263,-0.6475870784,1.3466406026,1.1655226855
26,2000,1.1,75,30000,17,1.6,1.5,1.6,-1.9040073557,-1.0129230784,2.1622647535,1.5363496589
0,2000,1.1,75,37000,17,1.6,1.5,1.6,0.0838522538,0.0615970782,0.0838522538,0.0615970782
10,2000,1.1,75,37000,17,1.6,1.5,1.6,-1.0380436791,-0.2308229477,0.3991741075,0.8183040634
18,2000,1.1,75,37000,17,1.6,1.5,1.6,-1.5664850905,-0.6217579175,1.3343528629,1.1745624829
26,2000,1.1,75,37000,17,1.6,1.5,1.6,-1.9691612109,-1.0407235123,2.2036478596,1.5398077364
0,5000,0.9,25,30000,17,1.6,1.5,1.6,0.1512155508,0.118990062,0.1512155508,0.118990062
10,5000,0.9,25,30000,17,1.6,1.5,1.6,-1.5211110835,-0.7364432686,3.023844843,1.8472191919
18,5000,0.9,25,30000,17,1.6,1.5,1.6,-2.4814893539,-1.6775028895,5.2920268807,2.8204721215
26,5000,0.9,25,30000,17,1.6,1.5,1.6,-3.4071814618,-2.6317233293,8.0053097854,3.8511793911
0,5000,0.9,25,37000,17,1.6,1.5,1.6,0.1511985594,0.1190421715,0.1511985594,0.1190421715
10,5000,0.9,25,37000,17,1.6,1.5,1.6,-1.5153521905,-0.7329462893,3.0267394795,1.8476693154
18,5000,0.9,25,37000,17,1.6,1.5,1.6,-2.4787916915,-1.6773127388,5.2954687753,2.8216989938
26,5000,0.9,25,37000,17,1.6,1.5,1.6,-3.4009436535,-2.6299947373,8.0195107891,3.855446326
0,5000,0.9,75,30000,17,1.6,1.5,1.6,0.1085629714,0.084816524,0.1085629714,0.084816524
10,5000,0.9,75,30000,17,1.6,1.5,1.6,-1.4843849846,-0.6895670302,2.3536118211,1.9825662927
18,5000,0.9,75,30000,17,1.6,1.5,1.6,-2.3808817705,-1.663233221,4.8971552361,2.8640880785
26,5000,0.9,75,30000,17,1.6,1.5,1.6,-3.1210202755,-2.6466583854,8.3625341513,3.7943226831
0,5000,0.9,75,37000,17,1.6,1.5,1.6,0.1086523754,0.0848914068,0.1086523754,0.0848914068
10,5000,0.9,75,37000,17,1.6,1.5,1.6,-1.4728930437,-0.6889305435,2.37870193,1.9844164144
18,5000,0.9,75,37000,17,1.6,1.5,1.6,-2.3797682107,-1.6617500652,4.8988936624,2.8708075541
26,5000,0.9,75,37000,17,1.6,1.5,1.6,-3.1161975835,-2.6468949299,8.379670773,3.794515214
0,5000,1.1,25,30000,17,1.6,1.5,1.6,0.0891880558,0.06592221,0.0891880558,0.06592221
10,5000,1.1,25,30000,17,1.6,1.5,1.6,-1.41921622,-0.6872275116,2.6566229691,1.8285063714
18,5000,1.1,25,30000,17,1.6,1.5,1.6,-2.5289316112,-1.6469072281,5.0435682299,2.7999623514
26,5000,1.1,25,30000,17,1.6,1.5,1.6,-3.4383457433,-2.5971494425,7.7568015511,3.8416612605
0,5000,1.1,25,37000,17,1.6,1.5,1.6,0.0892547067,0.0659776627,0.0892547067,0.0659776627
10,5000,1.1,25,37000,17,1.6,1.5,1.6,-1.42495472,-0.6868983816,2.6489475445,1.8285568451
18,5000,1.1,25,37000,17,1.6,1.5,1.6,-2.528196465,-1.647321772,5.0485647987,2.8015400345
26,5000,1.1,25,37000,17,1.6,1.5,1.6,-3.4362558814,-2.5967868217,7.7633746371,3.8430368672
0,5000,1.1,75,30000,17,1.6,1.5,1.6,0.1146609255,0.0866118367,0.1146609255,0.0866118367
10,5000,1.1,75,30000,17,1.6,1.5,1.6,-1.2954885429,-0.7084012402,2.7803600552,1.6972104487
18,5000,1.1,75,30000,17,1.6,1.5,1.6,-2.4399617928,-1.6569638241,4.8528454707,2.6886591744
26,5000,1.1,75,30000,17,1.6,1.5,1.6,-3.1208833753,-2.62255999,8.1707714336,3.6955584364
0,5000,1.1,75,37000,17,1.6,1.5,1.6,0.0838522533,0.0615970782,0.0838522538,0.0615970782
10,5000,1.1,75,37000,17,1.6,1.5,1.6,-1.6233912584,-0.5900365522,3.0701547741,2.1297785116
18,5000,1.1,75,37000,17,1.6,1.5,1.6,-2.4368784029,-1.6030342963,5.1285621686,2.9755540922
26,5000,1.1,75,37000,17,1.6,1.5,1.6,-3.1240323511,-2.5749495993,8.2997539241,3.8937991275
0,2000,0.9,25,30000,17,1.6,2.0,0.8,0.1543564775,0.1278155105,0.1543564775,0.1278155105
10,2000,0.9,25,30000,17,1.6,2.0,0.8,-0.6228136873,-0.1762492632,0.9909740794,0.887007436
18,2000,0.9,25,30000,17,1.6,2.0,0.8,-1.3831000478,-0.5647388616,1.8570430925,1.2310881276
26,2000,0.9,25,30000,17,1.6,2.0,0.8,-1.9285644113,-0.9952678634,2.7243403399,1.5862937347
0,2000,0.9,25,37000,17,1.6,2.0,0.8,0.154692232,0.1280854527,0.154692232,0.1280854527
10,2000,0.9,25,37000,17,1.6,2.0,0.8,-0.6238364339,-0.1753933983,0.9910984209,0.8870407762
18,2000,0.9,25,37000,17,1.6,2.0,0.8,-1.3838428938,-0.5640172193,1.8577357189,1.2318261366
26,2000,0.9,25,37000,17,1.6,2.0,0.8,-1.9284824939,-0.9952190635,2.7256654936,1.5868693656
0,2000,0.9,75,30000,17,1.6,2.0,0.8,0.12590634,0.103304408,0.12590634,0.103304408
10,2000,0.9,75,30000,17,1.6,2.0,0.8,-1.0404243512,-0.1285722124,0.4911743744,0.9011860843
18,2000,0.9,75,30000,17,1.6,2.0,0.8,-1.5963205068,-0.5346421656,1.4808972834,1.2344288726
26,2000,0.9,75,30000,17,1.6,2.0,0.8,-1.9300921761,-0.9508079269,2.4589827011,1.5635694534
0,2000,0.9,75,37000,17,1.6,2.0,0.8,0.1302439527,0.1070168596,0.1302439527,0.1070168596
10,2000,0.9,75,37000,17,1.6,2.0,0.8,-1.0407556149,-0.12909008,0.5315041503,0.8888471354
18,2000,0.9,75,37000,17,1.6,2.0,0.8,-1.6192189805,-0.531843462,1.5100272813,1.2266819077
26,2000,0.9,75,37000,17,1.6,2.0,0.8,-1.9290072121,-0.9514535238,2.4873444838,1.5579428994
0,2000,1.1,25,30000,17,1.6,2.0,0.8,0.1136823816,0.0899444771,0.1136823816,0.0899444771
10,2000,1.1,25,30000,17,1.6,2.0,0.8,-0.8902619687,-0.1440233531,0.8303782,0.9410254608
18,2000,1.1,25,30000,17,1.6,2.0,0.8,-1.4846909204,-0.5558226731,1.8011595708,1.2510923161
26,2000,1.1,25,30000,17,1.6,2.0,0.8,-1.9623575757,-0.9576281161,2.6532065274,1.6070565657
0,2000,1.1,25,37000,17,1.6,2.0,0.8,0.112970926,0.0893363235,0.112970926,0.0893363235
10,2000,1.1,25,37000,17,1.6,2.0,0.8,-0.8863854961,-0.1448994925,0.8331100157,0.9430645667
18,2000,1.1,25,37000,17,1.6,2.0,0.8,-1.4833009313,-0.5561949081,1.8009559706,1.2536447895
26,2000,1.1,25,37000,17,1.6,2.0,0.8,-1.9610422593,-0.9559005459,2.6531763812,1.6100513968
0,2000,1.1,75,30000,17,1.6,2.0,0.8,0.0781221506,0.0595677588,0.0781221506,0.0595677588
10,2000,1.1,75,30000,17,1.6,2.0,0.8,-1.1186750717,-0.0520888032,0.7250745014,1.1954797319
18,2000,1.1,75,30000,17,1.6,2.0,0.8,-1.7080564028,-0.4687483251,1.4546999205,1.5327710634
26,2000,1.1,75,30000,17,1.6,2.0,0.8,-2.0402758711,-0.8961619134,2.3419529707,1.8404110664
0,2000,1.1,75,37000,17,1.6,2.0,0.8,0.0781864809,0.0596248453,0.0781864809,0.0596248453
10,2000,1.1,75,37000,17,1.6,2.0,0.8,-1.125647887,-0.0456383215,0.7311656796,1.1970756886
18,2000,1.1,75,37000,17,1.6,2.0,0.8,-1.7099099503,-0.4624430673,1.4548108671,1.5369438636
26,2000,1.1,75,37000,17,1.6,2.0,0.8,-2.0571932995,-0.9029614664,2.3509872248,1.8360486013
0,5000,0.9,25,30000,17,1.6,2.0,0.8,0.1543564775,0.1278155105,0.1543564775,0.1278155105
10,5000,0.9,25,30000,17,1.6,2.0,0.8,-1.5185691213,-0.6301733714,3.2651072069,1.9291282768
18,5000,0.9,25,30000,17,1.6,2.0,0.8,-2.6636794,-1.6524338568,5.5834952076,2.8110692865
26,5000,0.9,25,30000,17,1.6,2.0,0.8,-3.7276601861,-2.6853471308,8.430005795,3.717943114
0,5000,0.9,25,37000,17,1.6,2.0,0.8,0.154692232,0.1280854527,0.154692232,0.1280854527
10,5000,0.9,25,37000,17,1.6,2.0,0.8,-1.5179061724,-0.6297550332,3.264577195,1.9298704641
18,5000,0.9,25,37000,17,1.6,2.0,0.8,-2.6633793477,-1.6520183488,5.5853767048,2.8120405385
26,5000,0.9,25,37000,17,1.6,2.0,0.8,-3.7262710642,-2.6855412765,8.4338905655,3.7183881574
0,5000,0.9,75,30000,17,1.6,2.0,0.8,0.12590634,0.103304408,0.12590634,0.103304408
10,5000,0.9,75,30000,17,1.6,2.0,0.8,-1.5790445203,-0.672490623,2.645293804,1.6926662952
18,5000,0.9,75,30000,17,1.6,2.0,0.8,-2.5200070724,-1.7104828638,5.2738934768,2.5803312783
26,5000,0.9,75,30000,17,1.6,2.0,0.8,-3.430342446,-2.7940540518,8.8120561075,3.4159138468
0,5000,0.9,75,37000,17,1.6,2.0,0.8,0.1302439527,0.1070168596,0.1302439527,0.1070168596
10,5000,0.9,75,37000,17,1.6,2.0,0.8,-1.4471615584,-0.6676485558,2.6726513418,1.8232040475
18,5000,0.9,75,37000,17,1.6,2.0,0.8,-2.5529324504,-1.6899150548,5.2886800723,2.6615508397
26,5000,0.9,75,37000,17,1.6,2.0,0.8,-3.4251724153,-2.7923453565,8.8477783647,3.4465304245
0,5000,1.1,25,30000,17,1.6,2.0,0.8,0.1136823816,0.0899444771,0.1136823816,0.0899444771
10,5000,1.1,25,30000,17,1.6,2.0,0.8,-1.5159113591,-0.6203424802,2.8350951039,1.8025843631
18,5000,1.1,25,30000,17,1.6,2.0,0.8,-2.7000771769,-1.6148164078,5.329018657,2.7744516077
26,5000,1.1,25,30000,17,1.6,2.0,0.8,-3.7363845674,-2.639818508,8.1844370447,3.7048343477
0,5000,1.1,25,37000,17,1.6,2.0,0.8,0.112970926,0.0893363235,0.112970926,0.0893363235
10,5000,1.1,25,37000,17,1.6,2.0,0.8,-1.5364032299,-0.6063907485,2.8975924624,1.8416312511
18,5000,1.1,25,37000,17,1.6,2.0,0.8,-2.6929874873,-1.6143862147,5.3381950589,2.7778163586
26,5000,1.1,25,37000,17,1.6,2.0,0.8,-3.7360966448,-2.635360346,8.2028343555,3.7129015705
0,5000,1.1,75,30000,17,1.6,2.0,0.8,0.0781221506,0.0595677588,0.0781221506,0.0595677588
10,5000,1.1,75,30000,17,1.6,2.0,0.8,-1.7650035096,-0.500659151,2.5438121938,2.029066698
18,5000,1.1,75,30000,17,1.6,2.0,0.8,-2.6336238449,-1.5765000925,5.3623472808,2.8283262473
26,5000,1.1,75,30000,17,1.6,2.0,0.8,-3.4457344376,-2.6607302628,8.7131232576,3.6433363452
0,5000,1.1,75,37000,17,1.6,2.0,0.8,0.0781864809,0.0596248453,0.0781864809,0.0596248453
10,5000,1.1,75,37000,17,1.6,2.0,0.8,-1.7617648352,-0.5022411706,2.5697461937,2.0232169085
18,5000,1.1,75,37000,17,1.6,2.0,0.8,-2.6310723538,-1.5786599062,5.38417649,2.8250258084
26,5000,1.1,75,37000,17,1.6,2.0,0.8,-3.4400847914,-2.6626633291,8.7393911395,3.6386843878
0,2000,0.9,25,30000,17,1.6,2.0,1.2,0.1613164047,0.1308662215,0.1613164047,0.1308662215
10,2000,0.9,25,30000,17,1.6,2.0,1.2,-0.6426781494,-0.2019428154,0.9746720652,0.9049154645
18,2000,0.9,25,30000,17,1.6,2.0,1.2,-1.3875166891,-0.6037785676,1.8305198235,1.2591636541
26,2000,0.9,25,30000,17,1.6,2.0,1.2,-1.9110748016,-1.025672348,2.6535556109,1.6410739627
0,2000,0.9,25,37000,17,1.6,2.0,1.2,0.1612040557,0.1308532284,0.1612040557,0.1308532284
10,2000,0.9,25,37000,17,1.6,2.0,1.2,-0.6447292169,-0.2014447021,0.9746311778,0.904380837
18,2000,0.9,25,37000,17,1.6,2.0,1.2,-1.388984974,-0.6033521162,1.8310384718,1.2591444557
26,2000,0.9,25,37000,17,1.6,2.0,1.2,-1.9125553034,-1.0199445345,2.6548786964,1.6428301046
0,2000,0.9,75,30000,17,1.6,2.0,1.2,0.1207057085,0.0967864902,0.1207057085,0.0967864902
10,2000,0.9,75,30000,17,1.6,2.0,1.2,-0.7673078824,-0.207769031,0.7303125978,0.8295990521
18,2000,0.9,75,30000,17,1.6,2.0,1.2,-1.528806341,-0.6049952351,1.5470934482,1.2068182916
26,2000,0.9,75,30000,17,1.6,2.0,1.2,-1.9578417488,-1.013423368,2.4187566862,1.5776781006
0,2000,0.9,75,37000,17,1.6,2.0,1.2,0.1207849833,0.0968563569,0.1207849833,0.0968563569
10,2000,0.9,75,37000,17,1.6,2.0,1.2,-0.7371389346,-0.210170462,0.7518527242,0.8290604006
18,2000,0.9,75,37000,17,1.6,2.0,1.2,-1.5250967711,-0.6033974557,1.5532479412,1.2081868589
26,2000,0.9,75,37000,17,1.6,2.0,1.2,-1.95709746,-1.0134389575,2.4253747109,1.5793657675
0,2000,1.1,25,30000,17,1.6,2.0,1.2,0.1149543498,0.0895436776,0.1149543498,0.0895436776
10,2000,1.1,25,30000,17,1.6,2.0,1.2,-0.7507813751,-0.1939264449,1.0806218731,0.8639758765
18,2000,1.1,25,30000,17,1.6,2.0,1.2,-1.4371865078,-0.5941977784,1.8116190435,1.2504218589
26,2000,1.1,25,30000,17,1.6,2.0,1.2,-1.9769210862,-1.0524354501,2.6416371363,1.6240820885
0,2000,1.1,25,37000,17,1.6,2.0,1.2,0.115409393,0.0898644252,0.115409393,0.0898644252
10,2000,1.1,25,37000,17,1.6,2.0,1.2,-0.7940313315,-0.1856971002,0.9827256948,0.8909124301
18,2000,1.1,25,37000,17,1.6,2.0,1.2,-1.4276522015,-0.5944595288,1.8483188891,1.2434931379
26,2000,1.1,25,37000,17,1.6,2.0,1.2,-1.972444038,-1.0658676897,2.6691911378,1.6138490286
0,2000,1.1,75,30000,17,1.6,2.0,1.2,0.093770416,0.0701084743,0.093770416,0.0701084743
10,2000,1.1,75,30000,17,1.6,2.0,1.2,-0.7733400777,-0.224292022,1.1459528477,0.76094054
18,2000,1.1,75,30000,17,1.6,2.0,1.2,-1.4691462184,-0.6138015301,1.8403736633,1.1511599918
26,2000,1.1,75,30000,17,1.6,2.0,1.2,-1.9908177453,-1.0352472412,2.537155651,1.5385178885
0,2000,1.1,75,37000,17,1.6,2.0,1.2,0.0938451629,0.0701739888,0.0938451629,0.0701739888
10,2000,1.1,75,37000,17,1.6,2.0,1.2,-0.7729408121,-0.2248853015,1.1457903616,0.7614532248
18,2000,1.1,75,37000,17,1.6,2.0,1.2,-1.4728366092,-0.6137364833,1.8304647003,1.1542831402
26,2000,1.1,75,37000,17,1.6,2.0,1.2,-1.9925208734,-1.0353901035,2.5345871441,1.5407906601
0,5000,0.9,25,30000,17,1.6,2.0,1.2,0.1613164047,0.1308662215,0.1613164047,0.1308662215
10,5000,0.9,25,30000,17,1.6,2.0,1.2,-1.6801466389,-0.6787237784,3.1103858623,1.980205999
18,5000,0.9,25,30000,17,1.6,2.0,1.2,-2.6407504469,-1.7106532862,5.4671063471,2.8857780672
26,5000,0.9,25,30000,17,1.6,2.0,1.2,-3.6386131117,-2.7416834871,8.2759606676,3.8707485403
0,5000,0.9,25,37000,17,1.6,2.0,1.2,0.1612040557,0.1308532284,0.1612040557,0.1308532284
10,5000,0.9,25,37000,17,1.6,2.0,1.2,-1.6818318382,-0.6790589835,3.1069345151,1.9786407455
18,5000,0.9,25,37000,17,1.6,2.0,1.2,-2.6408036913,-1.7107609585,5.4713114866,2.8861904912
26,5000,0.9,25,37000,17,1.6,2.0,1.2,-3.635824562,-2.7424738738,8.2833929645,3.8694521967
0,5000,0.9,75,30000,17,1.6,2.0,1.2,0.1207057085,0.0967864902,0.1207057085,0.0967864902
10,5000,0.9,75,30000,17,1.6,2.0,1.2,-1.6571977706,-0.6740595846,3.1599625447,2.0908041956
18,5000,0.9,75,30000,17,1.6,2.0,1.2,-2.5235867415,-1.693306237,5.3678031076,2.9504464705
26,5000,0.9,75,30000,17,1.6,2.0,1.2,-3.3209522211,-2.7879640335,8.7260629693,3.7690104583
0,5000,0.9,75,37000,17,1.6,2.0,1.2,0.1207849833,0.0968563569,0.1207849833,0.0968563569
10,5000,0.9,75,37000,17,1.6,2.0,1.2,-1.6241283928,-0.6904776364,3.0494478703,2.064476043
18,5000,0.9,75,37000,17,1.6,2.0,1.2,-2.5227884751,-1.7081205117,5.2871628327,2.9294133703
26,5000,0.9,75,37000,17,1.6,2.0,1.2,-3.3212496313,-2.797440105,8.6971921836,3.7501882529
0,5000,1.1,25,30000,17,1.6,2.0,1.2,0.1149543498,0.0895436776,0.1149543498,0.0895436776
10,5000,1.1,25,30000,17,1.6,2.0,1.2,-1.5203684249,-0.6650424919,2.9725409814,1.824261179
18,5000,1.1,25,30000,17,1.6,2.0,1.2,-2.7030798807,-1.6875846753,5.2835400001,2.8679287683
26,5000,1.1,25,30000,17,1.6,2.0,1.2,-3.6695712625,-2.702919066,8.0221490857,3.8718479937
0,5000,1.1,25,37000,17,1.6,2.0,1.2,0.115409393,0.0898644252,0.115409393,0.0898644252
10,5000,1.1,25,37000,17,1.6,2.0,1.2,-1.4997867633,-0.66532088,3.0064757303,1.8347606487
18,5000,1.1,25,37000,17,1.6,2.0,1.2,-2.7003229812,-1.6880012912,5.2952092101,2.870358496
26,5000,1.1,25,37000,17,1.6,2.0,1.2,-3.6676534631,-2.7027509764,8.0260771462,3.8735525128
0,5000,1.1,75,30000,17,1.6,2.0,1.2,0.093770416,0.0701084743,0.093770416,0.0701084743
10,5000,1.1,75,30000,17,1.6,2.0,1.2,-1.8038359913,-0.556021835,2.3532017525,2.1928990423
18,5000,1.1,75,30000,17,1.6,2.0,1.2,-2.6537052777,-1.6254046699,5.047736079,3.0039447295
26,5000,1.1,75,30000,17,1.6,2.0,1.2,-3.40103439,-2.7015571072,8.3388789425,3.8563660025
0,5000,1.1,75,37000,17,1.6,2.0,1.2,0.0938451629,0.0701739888,0.0938451629,0.0701739888
10,5000,1.1,75,37000,17,1.6,2.0,1.2,-1.8124324014,-0.5511013078,2.3507752801,2.2031835836
18,5000,1.1,75,37000,17,1.6,2.0,1.2,-2.6574707006,-1.6235876434,5.0567586566,3.0100245241
26,5000,1.1,75,37000,17,1.6,2.0,1.2,-3.398108564,-2.7005942293,8.3504154514,3.860271488
0,2000,0.9,25,30000,17,1.6,2.0,1.6,0.1700960856,0.136589337,0.1700960856,0.136589337
10,2000,0.9,25,30000,17,1.6,2.0,1.6,-0.6415974108,-0.2218470678,1.0200295152,0.9150392914
18,2000,0.9,25,30000,17,1.6,2.0,1.6,-1.4030853206,-0.629799268,1.8148263476,1.2922323512
26,2000,0.9,25,30000,17,1.6,2.0,1.6,-1.9181941347,-1.0404292839,2.625392432,1.6955059727
0,2000,0.9,25,37000,17,1.6,2.0,1.6,0.1701332494,0.1366246372,0.1701332494,0.1366246372
10,2000,0.9,25,37000,17,1.6,2.0,1.6,-0.6468316465,-0.2205341751,1.0099664134,0.9173043501
18,2000,0.9,25,37000,17,1.6,2.0,1.6,-1.3570167106,-0.6325062132,1.8752054015,1.2823742267
26,2000,0.9,25,37000,17,1.6,2.0,1.6,-1.9473922748,-1.0791757682,2.6544702216,1.6804223376
0,2000,0.9,75,30000,17,1.6,2.0,1.6,0.159284934,0.1276081926,0.159284934,0.1276081926
10,2000,0.9,75,30000,17,1.6,2.0,1.6,-0.9036845204,-0.2050576693,0.8171610974,0.8731700522
18,2000,0.9,75,30000,17,1.6,2.0,1.6,-1.5725486463,-0.6104128435,1.5429202994,1.2734221085
26,2000,0.9,75,30000,17,1.6,2.0,1.6,-2.023894108,-1.0543094922,2.3160131346,1.6642095893
0,2000,0.9,75,37000,17,1.6,2.0,1.6,0.1624099831,0.1300197757,0.1624099831,0.1300197757
10,2000,0.9,75,37000,17,1.6,2.0,1.6,-0.8711776369,-0.2128887333,0.8697152263,0.8603975256
18,2000,0.9,75,37000,17,1.6,2.0,1.6,-1.5508376826,-0.617038688,1.5806217362,1.2632135376
26,2000,0.9,75,37000,17,1.6,2.0,1.6,-2.0242829024,-1.0642119185,2.3487982353,1.654783011
0,2000,1.1,25,30000,17,1.6,2.0,1.6,0.1158114766,0.0867169876,0.1158114766,0.0867169876
10,2000,1.1,25,30000,17,1.6,2.0,1.6,-0.8125252693,-0.2348063301,1.0709772313,0.7949371347
18,2000,1.1,25,30000,17,1.6,2.0,1.6,-1.458663671,-0.6460079394,1.8329099913,1.2072935482
26,2000,1.1,25,30000,17,1.6,2.0,1.6,-1.9974370287,-1.0836902863,2.6351454515,1.6212198231
0,2000,1.1,25,37000,17,1.6,2.0,1.6,0.1158812517,0.0867776984,0.1158812517,0.0867776984
10,2000,1.1,25,37000,17,1.6,2.0,1.6,-0.8127310292,-0.2343515851,1.071151122,0.7952971172
18,2000,1.1,25,37000,17,1.6,2.0,1.6,-1.4587628364,-0.6456562441,1.8333879345,1.2077630654
26,2000,1.1,25,37000,17,1.6,2.0,1.6,-1.9977105541,-1.0835741314,2.6349375019,1.6219371335
0,2000,1.1,75,30000,17,1.6,2.0,1.6,0.1280799041,0.0980303087,0.1280799041,0.0980303087
10,2000,1.1,75,30000,17,1.6,2.0,1.6,-0.8244036786,-0.1822225842,1.0256815247,0.8576619701
18,2000,1.1,75,30000,17,1.6,2.0,1.6,-1.5092142449,-0.5882835666,1.7242865286,1.2583710766
26,2000,1.1,75,30000,17,1.6,2.0,1.6,-2.086801509,-1.0652734454,2.4143486703,1.6519696644
0,2000,1.1,75,37000,17,1.6,2.0,1.6,0.1269586779,0.0977134683,0.1269586779,0.0977134683
10,2000,1.1,75,37000,17,1.6,2.0,1.6,-0.8363766148,-0.1958360202,0.9493954426,0.8691289859
18,2000,1.1,75,37000,17,1.6,2.0,1.6,-1.5233191343,-0.601804956,1.650505375,1.2697342605
26,2000,1.1,75,37000,17,1.6,2.0,1.6,-2.0549625203,-1.0714291883,2.3831226075,1.6551113496
0,5000,0.9,25,30000,17,1.6,2.0,1.6,0.1700960856,0.136589337,0.1700960856,0.136589337
10,5000,0.9,25,30000,17,1.6,2.0,1.6,-1.6232689433,-0.7181756401,2.6411212593,1.9893341201
18,5000,0.9,25,30000,17,1.6,2.0,1.6,-2.6869173616,-1.7842929307,5.2167557657,2.9526413876
26,5000,0.9,25,30000,17,1.6,2.0,1.6,-3.6448768882,-2.8269891302,8.0386577988,3.988749293
0,5000,0.9,25,37000,17,1.6,2.0,1.6,0.1701332494,0.1366246372,0.1701332494,0.1366246372
10,5000,0.9,25,37000,17,1.6,2.0,1.6,-1.6203386277,-0.7180430058,2.6484826201,1.9905195739
18,5000,0.9,25,37000,17,1.6,2.0,1.6,-2.6857070794,-1.7843598842,5.2226051709,2.9539230995
26,5000,0.9,25,37000,17,1.6,2.0,1.6,-3.6434525149,-2.8268446551,8.0413276485,3.9902955759
0,5000,0.9,75,30000,17,1.6,2.0,1.6,0.159284934,0.1276081926,0.159284934,0.1276081926
10,5000,0.9,75,30000,17,1.6,2.0,1.6,-1.5712332035,-0.7148809142,2.3148263566,2.1003438454
18,5000,0.9,75,30000,17,1.6,2.0,1.6,-2.6069150456,-1.7902051651,4.9739484376,2.9801764961
26,5000,0.9,75,30000,17,1.6,2.0,1.6,-3.3370736066,-2.8623164831,8.3604296422,3.9098958004
0,5000,0.9,75,37000,17,1.6,2.0,1.6,0.1624099831,0.1300197757,0.1624099831,0.1300197757
10,5000,0.9,75,37000,17,1.6,2.0,1.6,-1.6194958493,-0.6927473499,2.2009315392,2.177885893
18,5000,0.9,75,37000,17,1.6,2.0,1.6,-2.6097044248,-1.7702413808,4.8933031419,3.0479649857
26,5000,0.9,75,37000,17,1.6,2.0,1.6,-3.3457549411,-2.8469975577,8.3277837298,3.9613962144
0,5000,1.1,25,30000,17,1.6,2.0,1.6,0.1158114766,0.0867169876,0.1158114766,0.0867169876
10,5000,1.1,25,30000,17,1.6,2.0,1.6,-1.6543170198,-0.7020273046,2.6424597295,1.9159639667
18,5000,1.1,25,30000,17,1.6,2.0,1.6,-2.7638207976,-1.7652678531,5.1604543868,2.9435312975
26,5000,1.1,25,30000,17,1.6,2.0,1.6,-3.67837366,-2.7876750672,7.8898949977,4.002825092
0,5000,1.1,25,37000,17,1.6,2.0,1.6,0.1158812517,0.0867776984,0.1158812517,0.0867776984
10,5000,1.1,25,37000,17,1.6,2.0,1.6,-1.6572811819,-0.7045438985,2.6478408013,1.9053188015
18,5000,1.1,25,37000,17,1.6,2.0,1.6,-2.7636062778,-1.7658118407,5.1649182535,2.9412316201
26,5000,1.1,25,37000,17,1.6,2.0,1.6,-3.6765364029,-2.7886359265,7.8959688816,4.0011649951
0,5000,1.1,75,30000,17,1.6,2.0,1.6,0.1280799041,0.0980303087,0.1280799041,0.0980303087
10,5000,1.1,75,30000,17,1.6,2.0,1.6,-1.8682987228,-0.63603905,2.3112762338,2.0289343221
18,5000,1.1,75,30000,17,1.6,2.0,1.6,-2.7252732225,-1.7119503137,4.9927119988,2.9749000265
26,5000,1.1,75,30000,17,1.6,2.0,1.6,-3.4027250885,-2.7899341907,8.2071285701,3.9389342486
0,5000,1.1,75,37000,17,1.6,2.0,1.6,0.1269586779,0.0977134683,0.1269586779,0.0977134683
10,5000,1.1,75,37000,17,1.6,2.0,1.6,-1.89576294,-0.6403002798,2.466518178,2.0498912816
18,5000,1.1,75,37000,17,1.6,2.0,1.6,-2.7061432503,-1.7221144498,5.1147768492,2.9958591215
26,5000,1.1,75,37000,17,1.6,2.0,1.6,-3.3910091591,-2.7903591822,8.2900680631,3.9600239886
0,2000,0.9,25,30000,20,0.8,1.0,0.8,0.0744598421,0.0480204187,0.0744598421,0.0480204187
10,2000,0.9,25,30000,20,0.8,1.0,0.8,-0.5527411246,-0.2231292531,1.2675672681,0.6656905452
18,2000,0.9,25,30000,20,0.8,1.0,0.8,-1.3088910967,-0.5791975946,1.9482171718,1.0194943622
26,2000,0.9,25,30000,20,0.8,1.0,0.8,-1.8583637301,-0.9263468646,2.747055173,1.3828276206
0,2000,0.9,25,37000,20,0.8,1.0,0.8,0.0747621181,0.0482143727,0.0747621181,0.0482143727
10,2000,0.9,25,37000,20,0.8,1.0,0.8,-0.5513105215,-0.2224195264,1.2725084948,0.6674922363
18,2000,0.9,25,37000,20,0.8,1.0,0.8,-1.3061032759,-0.578692408,1.9557628561,1.0222874373
26,2000,0.9,25,37000,20,0.8,1.0,0.8,-1.8562245404,-0.9266983051,2.7576618307,1.3863552381
0,2000,0.9,75,30000,20,0.8,1.0,0.8,0.0683055237,0.0441424796,0.0683055237,0.0441424796
10,2000,0.9,75,30000,20,0.8,1.0,0.8,-0.9057772345,-0.245301913,0.8813578695,0.6229965552
18,2000,0.9,75,30000,20,0.8,1.0,0.8,-1.5116449751,-0.600809201,1.5959476852,0.9689741069
26,2000,0.9,75,30000,20,0.8,1.0,0.8,-1.9076196423,-0.9302642741,2.466237787,1.3279619615
0,2000,0.9,75,37000,20,0.8,1.0,0.8,0.0685951219,0.0443288012,0.0685951219,0.0443288012
10,2000,0.9,75,37000,20,0.8,1.0,0.8,-0.7166898706,-0.2250289573,0.9574687956,0.7111029472
18,2000,0.9,75,37000,20,0.8,1.0,0.8,-1.4127976973,-0.5837271833,1.6712634291,1.0487853381
26,2000,0.9,75,37000,20,0.8,1.0,0.8,-1.8793189205,-0.9195226853,2.4617299714,1.3987967917
0,2000,1.1,25,30000,20,0.8,1.0,0.8,0.0439833368,0.027519472,0.0439833368,0.027519472
10,2000,1.1,25,30000,20,0.8,1.0,0.8,-0.6747960407,-0.2290748329,1.1083736226,0.6602313403
18,2000,1.1,25,30000,20,0.8,1.0,0.8,-1.367068209,-0.5799148453,1.8515272117,1.0179292162
26,2000,1.1,25,30000,20,0.8,1.0,0.8,-1.904680605,-0.9190293522,2.660244419,1.3816625559
0,2000,1.1,25,37000,20,0.8,1.0,0.8,0.0447971879,0.0281317403,0.0447971879,0.0281317403
10,2000,1.1,25,37000,20,0.8,1.0,0.8,-0.6734853038,-0.2282006725,1.1145557872,0.6628092061
18,2000,1.1,25,37000,20,0.8,1.0,0.8,-1.3666879477,-0.5793958097,1.8585819351,1.0212420163
26,2000,1.1,25,37000,20,0.8,1.0,0.8,-1.9026695574,-0.9199452777,2.6708260054,1.3853375204
0,2000,1.1,75,30000,20,0.8,1.0,0.8,0.041219976,0.0257786057,0.041219976,0.0257786057
10,2000,1.1,75,30000,20,0.8,1.0,0.8,-0.7205030363,-0.2380497042,1.0052886361,0.6375534778
18,2000,1.1,75,30000,20,0.8,1.0,0.8,-1.4050360494,-0.5852036745,1.7317513484,0.9857866104
26,2000,1.1,75,30000,20,0.8,1.0,0.8,-1.9382693107,-0.9198945175,2.5165123972,1.337862313
0,2000,1.1,75,37000,20,0.8,1.0,0.8,0.0413659777,0.0258727411,0.0413659777,0.0258727411
10,2000,1.1,75,37000,20,0.8,1.0,0.8,-0.7213965144,-0.237082455,1.0081841645,0.6401013749
18,2000,1.1,75,37000,20,0.8,1.0,0.8,-1.4080178087,-0.5846439022,1.7365231976,0.9898004183
26,2000,1.1,75,37000,20,0.8,1.0,0.8,-1.9480139107,-0.9275276637,2.5310012518,1.3419507709
0,5000,0.9,25,30000,20,0.8,1.0,0.8,0.0744598421,0.0480204187,0.0744598421,0.0480204187
10,5000,0.9,25,30000,20,0.8,1.0,0.8,-1.5552405582,-0.6505650345,2.8746026249,1.5721224094
18,5000,0.9,25,30000,20,0.8,1.0,0.8,-2.648557901,-1.4803071306,5.1919428329,2.5040512777
26,5000,0.9,25,30000,20,0.8,1.0,0.8,-3.770843011,-2.3098360211,7.8520408887,3.4654863239
0,5000,0.9,25,37000,20,0.8,1.0,0.8,0.0747621181,0.0482143727,0.0747621181,0.0482143727
10,5000,0.9,25,37000,20,0.8,1.0,0.8,-1.5513720574,-0.6488435959,2.8890149494,1.5788577086
18,5000,0.9,25,37000,20,0.8,1.0,0.8,-2.6404921453,-1.4788114437,5.2166321304,2.512317595
26,5000,0.9,25,37000,20,0.8,1.0,0.8,-3.7534694806,-2.30764761,7.8946501182,3.4754609379
0,5000,0.9,75,30000,20,0.8,1.0,0.8,0.0683055237,0.0441424796,0.0683055237,0.0441424796
10,5000,0.9,75,30000,20,0.8,1.0,0.8,-1.5731605537,-0.6666108969,2.7632221843,1.5142376679
18,5000,0.9,75,30000,20,0.8,1.0,0.8,-2.4979385244,-1.4932756262,5.1847681989,2.4306288475
26,5000,0.9,75,30000,20,0.8,1.0,0.8,-3.4860571565,-2.3217023807,8.1767355994,3.3868432692
0,5000,0.9,75,37000,20,0.8,1.0,0.8,0.0685951219,0.0443288012,0.0685951219,0.0443288012
10,5000,0.9,75,37000,20,0.8,1.0,0.8,-1.5687505799,-0.6651856768,2.7852466535,1.5237462166
18,5000,0.9,75,37000,20,0.8,1.0,0.8,-2.4840371418,-1.4902993234,5.2227683086,2.4434827523
26,5000,0.9,75,37000,20,0.8,1.0,0.8,-3.4609223453,-2.3185940082,8.2456351731,3.4015875534
0,5000,1.1,25,30000,20,0.8,1.0,0.8,0.0439833368,0.027519472,0.0439833368,0.027519472
10,5000,1.1,25,30000,20,0.8,1.0,0.8,-1.5999923806,-0.6000673771,2.7497073662,1.6146082637
18,5000,1.1,25,30000,20,0.8,1.0,0.8,-2.7002339459,-1.4293965654,5.0937678887,2.5517726631
26,5000,1.1,25,30000,20,0.8,1.0,0.8,-3.7627434396,-2.251734718,7.7409335674,3.5145053409
0,5000,1.1,25,37000,20,0.8,1.0,0.8,0.0447971879,0.0281317403,0.0447971879,0.0281317403
10,5000,1.1,25,37000,20,0.8,1.0,0.8,-1.4999258028,-0.5894822794,2.9589164013,1.6466864736
18,5000,1.1,25,37000,20,0.8,1.0,0.8,-2.6761326815,-1.4277803294,5.1730313259,2.5689508256
26,5000,1.1,25,37000,20,0.8,1.0,0.8,-3.7290326873,-2.2486833084,7.8282615454,3.5301195324
0,5000,1.1,75,30000,20,0.8,1.0,0.8,0.041219976,0.0257786057,0.041219976,0.0257786057
10,5000,1.1,75,30000,20,0.8,1.0,0.8,-1.5435344133,-0.6053028284,2.6211153063,1.6078540614
18,5000,1.1,75,30000,20,0.8,1.0,0.8,-2.5640966465,-1.4367521279,4.9606722096,2.5080371875
26,5000,1.1,75,30000,20,0.8,1.0,0.8,-3.4779738774,-2.259374646,7.96399426,3.4595818189
0,5000,1.1,75,37000,20,0.8,1.0,0.8,0.0413659777,0.0258727411,0.0413659777,0.0258727411
10,5000,1.1,75,37000,20,0.8,1.0,0.8,-1.5187793264,-0.6005139957,2.6926617584,1.6199678674
18,5000,1.1,75,37000,20,0.8,1.0,0.8,-2.5597468331,-1.4327022912,5.0364632815,2.522994526
26,5000,1.1,75,37000,20,0.8,1.0,0.8,-3.4463902631,-2.2544226344,8.0515979708,3.4774778234
0,2000,0.9,25,30000,20,0.8,1.0,1.2,0.0855650604,0.0526719036,0.0855650604,0.0526719036
10,2000,0.9,25,30000,20,0.8,1.0,1.2,-0.5308526732,-0.2266418128,1.2674344076,0.6620419218
18,2000,0.9,25,30000,20,0.8,1.0,1.2,-1.3062639406,-0.5845558834,1.9416357868,1.0111850044
26,2000,0.9,25,30000,20,0.8,1.0,1.2,-1.9064585813,-0.9314417593,2.7104896751,1.3745272885
0,2000,0.9,25,37000,20,0.8,1.0,1.2,0.0859183789,0.0528895204,0.0859183789,0.0528895204
10,2000,0.9,25,37000,20,0.8,1.0,1.2,-0.5291158842,-0.2260202095,1.2744789635,0.6637794551
18,2000,0.9,25,37000,20,0.8,1.0,1.2,-1.3035652428,-0.5841233462,1.9504483764,1.0139832962
26,2000,0.9,25,37000,20,0.8,1.0,1.2,-1.90406879,-0.9315653319,2.7218333615,1.3782724519
0,2000,0.9,75,30000,20,0.8,1.0,1.2,0.0788045665,0.0485859783,0.0788045665,0.0485859783
10,2000,0.9,75,30000,20,0.8,1.0,1.2,-0.9138747901,-0.2684524834,0.8728123924,0.6004469933
18,2000,0.9,75,30000,20,0.8,1.0,1.2,-1.5760629952,-0.627534127,1.5411847315,0.9409907208
26,2000,0.9,75,30000,20,0.8,1.0,1.2,-2.0197452055,-0.9505364535,2.377244114,1.3061159428
0,2000,0.9,75,37000,20,0.8,1.0,1.2,0.079226847,0.0488463802,0.079226847,0.0488463802
10,2000,0.9,75,37000,20,0.8,1.0,1.2,-0.9264893629,-0.2689036276,0.877111597,0.598436103
18,2000,0.9,75,37000,20,0.8,1.0,1.2,-1.5911619235,-0.6285047416,1.5447039267,0.9404417891
26,2000,0.9,75,37000,20,0.8,1.0,1.2,-2.0214033491,-0.9518790777,2.3925207032,1.30833895
0,2000,1.1,25,30000,20,0.8,1.0,1.2,0.0846056749,0.0512971961,0.0846056749,0.0512971961
10,2000,1.1,25,30000,20,0.8,1.0,1.2,-0.7608117096,-0.251982282,1.0895470978,0.6367768557
18,2000,1.1,25,30000,20,0.8,1.0,1.2,-1.4360533412,-0.6000229253,1.8327824653,0.9942710109
26,2000,1.1,25,30000,20,0.8,1.0,1.2,-1.9889800255,-0.9420728941,2.63240939,1.3608506101
0,2000,1.1,25,37000,20,0.8,1.0,1.2,0.0890082691,0.053584263,0.0890082691,0.053584263
10,2000,1.1,25,37000,20,0.8,1.0,1.2,-0.7707900224,-0.2522169944,1.0821338379,0.6388459769
18,2000,1.1,25,37000,20,0.8,1.0,1.2,-1.4462094074,-0.6005239485,1.8275102321,0.9967551277
26,2000,1.1,25,37000,20,0.8,1.0,1.2,-1.990505861,-0.9414918422,2.6350688831,1.3646138852
0,2000,1.1,75,30000,20,0.8,1.0,1.2,0.0680943309,0.0405589445,0.0680943309,0.0405589445
10,2000,1.1,75,30000,20,0.8,1.0,1.2,-0.8138356869,-0.2639716907,1.0485534684,0.6137690425
18,2000,1.1,75,30000,20,0.8,1.0,1.2,-1.4821931388,-0.6081845663,1.7705767632,0.9630965688
26,2000,1.1,75,30000,20,0.8,1.0,1.2,-2.0477777241,-0.9429849663,2.5282564675,1.3164601368
0,2000,1.1,75,37000,20,0.8,1.0,1.2,0.0705209258,0.0419446113,0.0705209258,0.0419446113
10,2000,1.1,75,37000,20,0.8,1.0,1.2,-0.8022254562,-0.2664259088,0.9878183492,0.6115332254
18,2000,1.1,75,37000,20,0.8,1.0,1.2,-1.4733120283,-0.6107299235,1.7209629263,0.9625882865
26,2000,1.1,75,37000,20,0.8,1.0,1.2,-2.0803126949,-0.9504313597,2.4884267164,1.3196136946
0,5000,0.9,25,30000,20,0.8,1.0,1.2,0.0855650604,0.0526719036,0.0855650604,0.0526719036
10,5000,0.9,25,30000,20,0.8,1.0,1.2,-1.5878093441,-0.6773871453,2.8264355559,1.5365180183
18,5000,0.9,25,30000,20,0.8,1.0,1.2,-2.7068840713,-1.4772112992,5.0969632221,2.4944314081
26,5000,0.9,25,30000,20,0.8,1.0,1.2,-3.7542369243,-2.2520927685,7.7597433794,3.501714465
0,5000,0.9,25,37000,20,0.8,1.0,1.2,0.0859183789,0.0528895204,0.0859183789,0.0528895204
10,5000,0.9,25,37000,20,0.8,1.0,1.2,-1.5831455684,-0.6756010267,2.8417111473,1.5429283734
18,5000,0.9,25,37000,20,0.8,1.0,1.2,-2.7003575925,-1.475839063,5.1207850727,2.5026875727
26,5000,0.9,25,37000,20,0.8,1.0,1.2,-3.7372565517,-2.2488814433,7.800103352,3.5126420238
0,5000,0.9,75,30000,20,0.8,1.0,1.2,0.0788045665,0.0485859783,0.0788045665,0.0485859783
10,5000,0.9,75,30000,20,0.8,1.0,1.2,-1.5957625462,-0.6928781073,2.7259549274,1.4812738531
18,5000,0.9,75,30000,20,0.8,1.0,1.2,-2.5603146178,-1.4768175228,5.0320954038,2.4268916993
26,5000,0.9,75,30000,20,0.8,1.0,1.2,-3.4679570549,-2.2377636013,8.0135352001,3.446750651
0,5000,0.9,75,37000,20,0.8,1.0,1.2,0.079226847,0.0488463802,0.079226847,0.0488463802
10,5000,0.9,75,37000,20,0.8,1.0,1.2,-1.5889501971,-0.6911863569,2.7506187147,1.4907324493
18,5000,0.9,75,37000,20,0.8,1.0,1.2,-2.5493563209,-1.4737325954,5.0686970384,2.4401573106
26,5000,0.9,75,37000,20,0.8,1.0,1.2,-3.4369385145,-2.2315821093,8.0911291238,3.4661560658
0,5000,1.1,25,30000,20,0.8,1.0,1.2,0.0846056749,0.0512971961,0.0846056749,0.0512971961
10,5000,1.1,25,30000,20,0.8,1.0,1.2,-1.5369480768,-0.6313955249,2.9654645289,1.607736182
18,5000,1.1,25,30000,20,0.8,1.0,1.2,-2.7666297053,-1.446636139,5.0911879148,2.5412717683
26,5000,1.1,25,30000,20,0.8,1.0,1.2,-3.7621762651,-2.2118188004,7.6764134199,3.5408778371
0,5000,1.1,25,37000,20,0.8,1.0,1.2,0.0890082691,0.053584263,0.0890082691,0.053584263
10,5000,1.1,25,37000,20,0.8,1.0,1.2,-1.6027846434,-0.6275769822,2.9413416679,1.6287689966
18,5000,1.1,25,37000,20,0.8,1.0,1.2,-2.7757708858,-1.4438820795,5.1016610484,2.5598040191
26,5000,1.1,25,37000,20,0.8,1.0,1.2,-3.753222196,-2.2076111697,7.7069865246,3.5581034503
0,5000,1.1,75,30000,20,0.8,1.0,1.2,0.0680943309,0.0405589445,0.0680943309,0.0405589445
10,5000,1.1,75,30000,20,0.8,1.0,1.2,-1.5486929647,-0.6441042533,2.8336035649,1.5311290605
18,5000,1.1,75,30000,20,0.8,1.0,1.2,-2.6680920866,-1.4448129732,4.9791482421,2.4563723808
26,5000,1.1,75,30000,20,0.8,1.0,1.2,-3.4877419159,-2.1980399427,7.8490721783,3.4722937162
0,5000,1.1,75,37000,20,0.8,1.0,1.2,0.0705209258,0.0419446113,0.0705209258,0.0419446113
10,5000,1.1,75,37000,20,0.8,1.0,1.2,-1.5524808489,-0.6426472224,2.891906847,1.5415236118
18,5000,1.1,75,37000,20,0.8,1.0,1.2,-2.6651130761,-1.4435084533,5.0086488723,2.4678785417
26,5000,1.1,75,37000,20,0.8,1.0,1.2,-3.4534568377,-2.1910518141,7.9328375995,3.4921402295
0,2000,0.9,25,30000,20,0.8,1.0,1.6,0.1335193092,0.0802946876,0.1335193092,0.0802946876
10,2000,0.9,25,30000,20,0.8,1.0,1.6,-0.5817155257,-0.2299676787,1.2133275642,0.6540825749
18,2000,0.9,25,30000,20,0.8,1.0,1.6,-1.345444475,-0.599230816,1.9038541209,1.0068752592
26,2000,0.9,25,30000,20,0.8,1.0,1.6,-1.9569457315,-0.9472367186,2.6813469172,1.3761947806
0,2000,0.9,25,37000,20,0.8,1.0,1.6,0.0970146162,0.0586866346,0.0970146162,0.0586866346
10,2000,0.9,25,37000,20,0.8,1.0,1.6,-0.5266415263,-0.2276851373,1.2105460034,0.6630033509
18,2000,0.9,25,37000,20,0.8,1.0,1.6,-1.2878142627,-0.5883917905,1.915537779,1.0171121037
26,2000,0.9,25,37000,20,0.8,1.0,1.6,-1.9464069832,-0.9440930058,2.6703894743,1.3816791747
0,2000,0.9,75,30000,20,0.8,1.0,1.6,0.1211332958,0.0728330123,0.1211332958,0.0728330123
10,2000,0.9,75,30000,20,0.8,1.0,1.6,-0.6182199356,-0.2398684813,1.1585573229,0.6321260274
18,2000,0.9,75,30000,20,0.8,1.0,1.6,-1.4670571927,-0.6164985091,1.7729977078,0.9657307156
26,2000,0.9,75,30000,20,0.8,1.0,1.6,-2.0470384139,-0.9597692384,2.5108692409,1.3235114934
0,2000,0.9,75,37000,20,0.8,1.0,1.6,0.119623649,0.0717210649,0.119623649,0.0717210649
10,2000,0.9,75,37000,20,0.8,1.0,1.6,-0.6211774498,-0.240428162,1.1559104428,0.6330042748
18,2000,0.9,75,37000,20,0.8,1.0,1.6,-1.475869852,-0.6172609641,1.7695358429,0.9679965708
26,2000,0.9,75,37000,20,0.8,1.0,1.6,-2.0470890671,-0.9612255166,2.5164719039,1.3283288423
0,2000,1.1,25,30000,20,0.8,1.0,1.6,0.0574740667,0.033252023,0.0574740667,0.033252023
10,2000,1.1,25,30000,20,0.8,1.0,1.6,-0.7458896702,-0.2529014863,1.1270315434,0.6519147279
18,2000,1.1,25,30000,20,0.8,1.0,1.6,-1.4314551545,-0.6236106988,1.8357057531,1.0056202418
26,2000,1.1,25,30000,20,0.8,1.0,1.6,-2.0314005489,-0.9581184201,2.6177748201,1.3743000138
0,2000,1.1,25,37000,20,0.8,1.0,1.6,0.0576806148,0.0333775541,0.0576806148,0.0333775541
10,2000,1.1,25,37000,20,0.8,1.0,1.6,-0.7835079359,-0.2589532101,1.0598911161,0.6543305759
18,2000,1.1,25,37000,20,0.8,1.0,1.6,-1.4257177017,-0.6284427584,1.8194091972,1.012711219
26,2000,1.1,25,37000,20,0.8,1.0,1.6,-2.0366503076,-0.9575952013,2.5737693679,1.3784549596
0,2000,1.1,75,30000,20,0.8,1.0,1.6,0.0542530796,0.0313391545,0.0542530796,0.0313391545
10,2000,1.1,75,30000,20,0.8,1.0,1.6,-0.8880310498,-0.2922755147,0.9182740932,0.6288872974
18,2000,1.1,75,30000,20,0.8,1.0,1.6,-1.5156195175,-0.6329951476,1.6652289145,0.985840294
26,2000,1.1,75,30000,20,0.8,1.0,1.6,-2.1557826829,-0.9763464961,2.4145921405,1.3389058135
0,2000,1.1,75,37000,20,0.8,1.0,1.6,0.0544953614,0.0314865565,0.0544953614,0.0314865565
10,2000,1.1,75,37000,20,0.8,1.0,1.6,-0.8966356375,-0.2921835133,0.906028815,0.6336790336
18,2000,1.1,75,37000,20,0.8,1.0,1.6,-1.5237592475,-0.6332590028,1.6570325074,0.9920098534
26,2000,1.1,75,37000,20,0.8,1.0,1.6,-2.1456269897,-0.9813517059,2.4215944754,1.3462546981
0,5000,0.9,25,30000,20,0.8,1.0,1.6,0.1335193092,0.0802946876,0.1335193092,0.0802946876
10,5000,0.9,25,30000,20,0.8,1.0,1.6,-1.545868394,-0.6856325668,3.0484588545,1.5578228475
18,5000,0.9,25,30000,20,0.8,1.0,1.6,-2.7762493387,-1.4998218555,5.1548091531,2.5151998453
26,5000,0.9,25,30000,20,0.8,1.0,1.6,-3.7742581569,-2.2473349124,7.7447506023,3.553424511
0,5000,0.9,25,37000,20,0.8,1.0,1.6,0.0970146162,0.0586866346,0.0970146162,0.0586866346
10,5000,0.9,25,37000,20,0.8,1.0,1.6,-1.6264930054,-0.7021276218,2.7946166343,1.5286511324
18,5000,0.9,25,37000,20,0.8,1.0,1.6,-2.7976364574,-1.5051630048,5.0377782354,2.5057269496
26,5000,0.9,25,37000,20,0.8,1.0,1.6,-3.775121234,-2.2478652216,7.7125168457,3.5550921455
0,5000,0.9,75,30000,20,0.8,1.0,1.6,0.1211332958,0.0728330123,0.1211332958,0.0728330123
10,5000,0.9,75,30000,20,0.8,1.0,1.6,-1.8446981318,-0.7411892374,2.5248617009,1.4578338295
18,5000,0.9,75,30000,20,0.8,1.0,1.6,-2.7225504717,-1.5066711257,4.8483322555,2.4308759365
26,5000,0.9,75,30000,20,0.8,1.0,1.6,-3.5247831642,-2.2231488107,7.8499807182,3.5064941052
0,5000,0.9,75,37000,20,0.8,1.0,1.6,0.119623649,0.0717210649,0.119623649,0.0717210649
10,5000,0.9,75,37000,20,0.8,1.0,1.6,-1.858695353,-0.7415656772,2.5266314446,1.4617896576
18,5000,0.9,75,37000,20,0.8,1.0,1.6,-2.7142480105,-1.5038387398,4.8789926016,2.4424551092
26,5000,0.9,75,37000,20,0.8,1.0,1.6,-3.497799113,-2.2164768719,7.9225142267,3.5255792987
0,5000,1.1,25,30000,20,0.8,1.0,1.6,0.0574740667,0.033252023,0.0574740667,0.033252023
10,5000,1.1,25,30000,20,0.8,1.0,1.6,-1.5277474873,-0.6518371191,2.9362577806,1.6000621739
18,5000,1.1,25,30000,20,0.8,1.0,1.6,-2.8978596785,-1.4847322509,5.0046765397,2.5398922976
26,5000,1.1,25,30000,20,0.8,1.0,1.6,-3.838614265,-2.2263291936,7.5661457416,3.5688745705
0,5000,1.1,25,37000,20,0.8,1.0,1.6,0.0576806148,0.0333775541,0.0576806148,0.0333775541
10,5000,1.1,25,37000,20,0.8,1.0,1.6,-1.5306336919,-0.650548515,2.9480591416,1.6102493578
18,5000,1.1,25,37000,20,0.8,1.0,1.6,-2.887896804,-1.4827853721,5.0396129247,2.5529426295
26,5000,1.1,25,37000,20,0.8,1.0,1.6,-3.8261681983,-2.2236701816,7.6030493826,3.5814691806
0,5000,1.1,75,30000,20,0.8,1.0,1.6,0.0542530796,0.0313391545,0.0542530796,0.0313391545
10,5000,1.1,75,30000,20,0.8,1.0,1.6,-1.8881268547,-0.7303188941,2.2450387769,1.492992062
18,5000,1.1,75,30000,20,0.8,1.0,1.6,-2.8791815738,-1.5012901501,4.4967590218,2.4446402858
26,5000,1.1,75,30000,20,0.8,1.0,1.6,-3.6159437055,-2.2100290145,7.4341563099,3.5082246556
0,5000,1.1,75,37000,20,0.8,1.0,1.6,0.0544953614,0.0314865565,0.0544953614,0.0314865565
10,5000,1.1,75,37000,20,0.8,1.0,1.6,-1.9050418788,-0.7276219713,2.2490620633,1.5102714832
18,5000,1.1,75,37000,20,0.8,1.0,1.6,-2.8807457352,-1.4984783623,4.5233895712,2.4660604328
26,5000,1.1,75,37000,20,0.8,1.0,1.6,-3.5944065354,-2.202075862,7.4946997177,3.5348396878
0,2000,0.9,25,30000,20,0.8,1.5,0.8,0.0974266322,0.0694184855,0.0974266322,0.0694184855
10,2000,0.9,25,30000,20,0.8,1.5,0.8,-0.6819777017,-0.2143504343,1.3160001327,0.7376552662
18,2000,0.9,25,30000,20,0.8,1.5,0.8,-1.3870490505,-0.6203343852,2.0442720003,1.1223574156
26,2000,0.9,25,30000,20,0.8,1.5,0.8,-2.0133198723,-0.9971705388,2.8066612794,1.516850381
0,2000,0.9,25,37000,20,0.8,1.5,0.8,0.0977017952,0.0696179724,0.0977017952,0.0696179724
10,2000,0.9,25,37000,20,0.8,1.5,0.8,-0.6703564271,-0.2137532604,1.3423565,0.7395544242
18,2000,0.9,25,37000,20,0.8,1.5,0.8,-1.3783107024,-0.6187904265,2.0677759908,1.1250127797
26,2000,0.9,25,37000,20,0.8,1.5,0.8,-2.0078441509,-0.9986099734,2.8256062248,1.5187245309
0,2000,0.9,75,30000,20,0.8,1.5,0.8,0.1320146774,0.0939067569,0.1320146774,0.0939067569
10,2000,0.9,75,30000,20,0.8,1.5,0.8,-0.902046857,-0.170840364,0.643399984,0.8575803957
18,2000,0.9,75,30000,20,0.8,1.5,0.8,-1.6696408209,-0.5859163321,1.355405034,1.2199538144
26,2000,0.9,75,30000,20,0.8,1.5,0.8,-2.1500287019,-0.9800241559,2.2041694965,1.5859651144
0,2000,0.9,75,37000,20,0.8,1.5,0.8,0.1649099357,0.1171121477,0.1649099357,0.1171121477
10,2000,0.9,75,37000,20,0.8,1.5,0.8,-0.8993162769,-0.2021958516,1.0226262091,0.7588481462
18,2000,0.9,75,37000,20,0.8,1.5,0.8,-1.5863101029,-0.5852765218,1.7811438102,1.1360226506
26,2000,0.9,75,37000,20,0.8,1.5,0.8,-2.0981495105,-0.9918071608,2.5764358354,1.5091644101
0,2000,1.1,25,30000,20,0.8,1.5,0.8,0.0814724072,0.0558972487,0.0814724072,0.0558972487
10,2000,1.1,25,30000,20,0.8,1.5,0.8,-0.8130326717,-0.2252013269,1.0333673849,0.7452322962
18,2000,1.1,25,30000,20,0.8,1.5,0.8,-1.50218877,-0.6076080897,1.8254278881,1.1325920218
26,2000,1.1,25,30000,20,0.8,1.5,0.8,-2.0829685042,-0.9983316437,2.650049732,1.5205062956
0,2000,1.1,25,37000,20,0.8,1.5,0.8,0.0838994999,0.057796272,0.0838994999,0.057796272
10,2000,1.1,25,37000,20,0.8,1.5,0.8,-0.7491558043,-0.2009066244,1.1776716908,0.7823625404
18,2000,1.1,25,37000,20,0.8,1.5,0.8,-1.4559555283,-0.6009212132,1.9157423275,1.1618269
26,2000,1.1,25,37000,20,0.8,1.5,0.8,-2.0768864756,-1.0117680916,2.6991970511,1.5435836642
0,2000,1.1,75,30000,20,0.8,1.5,0.8,0.0521281553,0.0351471381,0.0521281553,0.0351471381
10,2000,1.1,75,30000,20,0.8,1.5,0.8,-1.1429791094,-0.1832962124,0.6472084374,0.8428818954
18,2000,1.1,75,30000,20,0.8,1.5,0.8,-1.771098207,-0.5836247253,1.4645072849,1.2033693502
26,2000,1.1,75,30000,20,0.8,1.5,0.8,-2.2823084826,-0.9817941323,2.2771509262,1.5727416672
0,2000,1.1,75,37000,20,0.8,1.5,0.8,0.0522683444,0.035249081,0.0522683444,0.035249081
10,2000,1.1,75,37000,20,0.8,1.5,0.8,-1.1305799775,-0.1808844675,0.6734781632,0.8536292846
18,2000,1.1,75,37000,20,0.8,1.5,0.8,-1.76319362,-0.5791459596,1.4881696204,1.2149909864
26,2000,1.1,75,37000,20,0.8,1.5,0.8,-2.2781903704,-0.9804561778,2.2994084474,1.5838492764
0,5000,0.9,25,30000,20,0.8,1.5,0.8,0.0974266322,0.0694184855,0.0974266322,0.0694184855
10,5000,0.9,25,30000,20,0.8,1.5,0.8,-1.6354681521,-0.6751326714,2.8790207132,1.7403286118
18,5000,0.9,25,30000,20,0.8,1.5,0.8,-2.8610463226,-1.6292502266,5.2264183896,2.7278302446
26,5000,0.9,25,30000,20,0.8,1.5,0.8,-3.9323319352,-2.5720446995,7.9755528404,3.723913832
0,5000,0.9,25,37000,20,0.8,1.5,0.8,0.0977017952,0.0696179724,0.0977017952,0.0696179724
10,5000,0.9,25,37000,20,0.8,1.5,0.8,-1.6361084182,-0.6741445336,2.8830528274,1.7440999515
18,5000,0.9,25,37000,20,0.8,1.5,0.8,-2.8581362133,-1.6294187053,5.2377788042,2.7323465834
26,5000,0.9,25,37000,20,0.8,1.5,0.8,-3.9215903863,-2.5708857518,7.9985809817,3.7292431419
0,5000,0.9,75,30000,20,0.8,1.5,0.8,0.1320146774,0.0939067569,0.1320146774,0.0939067569
10,5000,0.9,75,30000,20,0.8,1.5,0.8,-1.615561612,-0.6940382013,2.7065754302,1.6992924792
18,5000,0.9,75,30000,20,0.8,1.5,0.8,-2.7390764944,-1.6459463562,5.0312049455,2.6513076167
26,5000,0.9,75,30000,20,0.8,1.5,0.8,-3.6259294542,-2.6005456688,8.2393682617,3.6261309435
0,5000,0.9,75,37000,20,0.8,1.5,0.8,0.1649099357,0.1171121477,0.1649099357,0.1171121477
10,5000,0.9,75,37000,20,0.8,1.5,0.8,-1.6946299131,-0.6759805089,3.1095475366,1.6987063474
18,5000,0.9,75,37000,20,0.8,1.5,0.8,-2.7164561161,-1.6411533238,5.387367742,2.6534946262
26,5000,0.9,75,37000,20,0.8,1.5,0.8,-3.6045640846,-2.6013124011,8.412375446,3.6218103056
0,5000,1.1,25,30000,20,0.8,1.5,0.8,0.0814724072,0.0558972487,0.0814724072,0.0558972487
10,5000,1.1,25,30000,20,0.8,1.5,0.8,-1.5503499746,-0.6166528823,2.9565952822,1.7942154874
18,5000,1.1,25,30000,20,0.8,1.5,0.8,-2.9145791228,-1.5697710105,5.2010402771,2.7867978136
26,5000,1.1,25,30000,20,0.8,1.5,0.8,-3.9532127572,-2.5099134535,7.8670022966,3.7810433347
0,5000,1.1,25,37000,20,0.8,1.5,0.8,0.0838994999,0.057796272,0.0838994999,0.057796272
10,5000,1.1,25,37000,20,0.8,1.5,0.8,-1.5076437999,-0.6189769921,3.0577551446,1.7953717413
18,5000,1.1,25,37000,20,0.8,1.5,0.8,-2.9185186408,-1.577462343,5.231596201,2.7801627921
26,5000,1.1,25,37000,20,0.8,1.5,0.8,-3.9319808348,-2.5130616174,7.9179954584,3.7841972975
0,5000,1.1,75,30000,20,0.8,1.5,0.8,0.0521281553,0.0351471381,0.0521281553,0.0351471381
10,5000,1.1,75,30000,20,0.8,1.5,0.8,-1.4819968685,-0.6311414837,2.7428195963,1.7469776737
18,5000,1.1,75,30000,20,0.8,1.5,0.8,-2.8459186223,-1.5827593627,4.9372956035,2.7054289597
26,5000,1.1,75,30000,20,0.8,1.5,0.8,-3.6737835968,-2.5360851605,7.9916104064,3.6803277228
0,5000,1.1,75,37000,20,0.8,1.5,0.8,0.0522683444,0.035249081,0.0522683444,0.035249081
10,5000,1.1,75,37000,20,0.8,1.5,0.8,-1.4809604859,-0.6292560526,2.7478332093,1.7520788146
18,5000,1.1,75,37000,20,0.8,1.5,0.8,-2.8429613011,-1.5812644894,4.9536504152,2.7136631627
26,5000,1.1,75,37000,20,0.8,1.5,0.8,-3.6574361698,-2.5336257834,8.0326831117,3.6910675278
0,2000,0.9,25,30000,20,0.8,1.5,1.2,0.1100367242,0.0755362164,0.1100367242,0.0755362164
10,2000,0.9,25,30000,20,0.8,1.5,1.2,-0.7062471112,-0.2245247296,1.2262691014,0.7316334809
18,2000,0.9,25,30000,20,0.8,1.5,1.2,-1.4072873269,-0.6379814137,1.9546246127,1.1195290431
26,2000,0.9,25,30000,20,0.8,1.5,1.2,-2.0638662207,-1.0093312981,2.7178832231,1.51866348
0,2000,0.9,25,37000,20,0.8,1.5,1.2,0.1103585935,0.0757622825,0.1103585935,0.0757622825
10,2000,0.9,25,37000,20,0.8,1.5,1.2,-0.6973006706,-0.2231746044,1.2490461343,0.7343038019
18,2000,0.9,25,37000,20,0.8,1.5,1.2,-1.4009333748,-0.6362888164,1.9748144119,1.1226953298
26,2000,0.9,25,37000,20,0.8,1.5,1.2,-2.0595442189,-1.0102870586,2.7344685557,1.5215770416
0,2000,0.9,75,30000,20,0.8,1.5,1.2,0.1003923622,0.0688847327,0.1003923622,0.0688847327
10,2000,0.9,75,30000,20,0.8,1.5,1.2,-0.8398649284,-0.2367330229,1.0504007904,0.7484253931
18,2000,0.9,75,30000,20,0.8,1.5,1.2,-1.5323281887,-0.618205408,1.7928864616,1.1301238154
26,2000,0.9,75,30000,20,0.8,1.5,1.2,-2.1515233489,-1.0240595434,2.5019696224,1.5098626702
0,2000,0.9,75,37000,20,0.8,1.5,1.2,0.1514504945,0.1050357251,0.1514504945,0.1050357251
10,2000,0.9,75,37000,20,0.8,1.5,1.2,-0.840561119,-0.2273156288,1.2049416274,0.7163468553
18,2000,0.9,75,37000,20,0.8,1.5,1.2,-1.5405880176,-0.6099112004,1.9364362862,1.0994630704
26,2000,0.9,75,37000,20,0.8,1.5,1.2,-2.125943113,-1.0237618207,2.6830658278,1.4811965745
0,2000,1.1,25,30000,20,0.8,1.5,1.2,0.064299444,0.0415347225,0.064299444,0.0415347225
10,2000,1.1,25,30000,20,0.8,1.5,1.2,-0.7438412103,-0.2117401398,1.2096334652,0.8215869122
18,2000,1.1,25,30000,20,0.8,1.5,1.2,-1.5055200725,-0.6284343716,1.8761317525,1.1880877938
26,2000,1.1,25,30000,20,0.8,1.5,1.2,-2.1146596809,-1.0119913305,2.6592491941,1.5675550553
0,2000,1.1,25,37000,20,0.8,1.5,1.2,0.0644475485,0.0416389707,0.0644475485,0.0416389707
10,2000,1.1,25,37000,20,0.8,1.5,1.2,-0.7594885851,-0.2103700761,1.2147360953,0.8223174992
18,2000,1.1,25,37000,20,0.8,1.5,1.2,-1.5175162838,-0.6259538209,1.8857477736,1.1899732027
26,2000,1.1,25,37000,20,0.8,1.5,1.2,-2.1184046096,-1.0081566196,2.6687113926,1.571363701
0,2000,1.1,75,30000,20,0.8,1.5,1.2,0.0604040093,0.0388553168,0.0604040093,0.0388553168
10,2000,1.1,75,30000,20,0.8,1.5,1.2,-1.0876053358,-0.2397489899,0.5637297136,0.8147124269
18,2000,1.1,75,30000,20,0.8,1.5,1.2,-1.7268537207,-0.6435450871,1.3736040269,1.1809078622
26,2000,1.1,75,30000,20,0.8,1.5,1.2,-2.3151653623,-1.0316938248,2.1106495648,1.5587102616
0,2000,1.1,75,37000,20,0.8,1.5,1.2,0.060582754,0.0389812157,0.060582754,0.0389812157
10,2000,1.1,75,37000,20,0.8,1.5,1.2,-1.2328105817,-0.2426335262,0.4537161298,0.773984084
18,2000,1.1,75,37000,20,0.8,1.5,1.2,-1.8285508846,-0.6822738231,1.2562247816,1.1412312783
26,2000,1.1,75,37000,20,0.8,1.5,1.2,-2.3835881641,-1.0547255997,2.0726023544,1.5252440817
0,5000,0.9,25,30000,20,0.8,1.5,1.2,0.1100367242,0.0755362164,0.1100367242,0.0755362164
10,5000,0.9,25,30000,20,0.8,1.5,1.2,-1.6600436876,-0.7143580734,2.8233887852,1.7153618758
18,5000,0.9,25,30000,20,0.8,1.5,1.2,-2.9240710464,-1.6501535316,5.1178021715,2.7343750527
26,5000,0.9,25,30000,20,0.8,1.5,1.2,-3.9224697977,-2.5466655051,7.8359964699,3.7880957854
0,5000,0.9,25,37000,20,0.8,1.5,1.2,0.1103585935,0.0757622825,0.1103585935,0.0757622825
10,5000,0.9,25,37000,20,0.8,1.5,1.2,-1.660801755,-0.7143718748,2.8296219152,1.7191042214
18,5000,0.9,25,37000,20,0.8,1.5,1.2,-2.9216730246,-1.6504563001,5.1303262813,2.739313106
26,5000,0.9,25,37000,20,0.8,1.5,1.2,-3.9130691136,-2.5462556811,7.8587969476,3.7934516767
0,5000,0.9,75,30000,20,0.8,1.5,1.2,0.1003923622,0.0688847327,0.1003923622,0.0688847327
10,5000,0.9,75,30000,20,0.8,1.5,1.2,-1.5705113721,-0.7264661025,2.877864717,1.6618415329
18,5000,0.9,75,30000,20,0.8,1.5,1.2,-2.8054345044,-1.6513998918,5.0465699456,2.6540129952
26,5000,0.9,75,30000,20,0.8,1.5,1.2,-3.6070497722,-2.5519393868,8.115441168,3.7005115684
0,5000,0.9,75,37000,20,0.8,1.5,1.2,0.1514504945,0.1050357251,0.1514504945,0.1050357251
10,5000,0.9,75,37000,20,0.8,1.5,1.2,-1.6425587797,-0.7216879047,2.9183434722,1.689438216
18,5000,0.9,75,37000,20,0.8,1.5,1.2,-2.8133485523,-1.6533744915,5.1239456857,2.6784164359
26,5000,0.9,75,37000,20,0.8,1.5,1.2,-3.6070708741,-2.551100953,8.1280562175,3.7179194821
0,5000,1.1,25,30000,20,0.8,1.5,1.2,0.064299444,0.0415347225,0.064299444,0.0415347225
10,5000,1.1,25,30000,20,0.8,1.5,1.2,-1.7677766078,-0.6449060093,3.0282579092,1.8461823488
18,5000,1.1,25,30000,20,0.8,1.5,1.2,-3.0353026283,-1.5986889367,5.1695535707,2.8313059931
26,5000,1.1,25,30000,20,0.8,1.5,1.2,-3.9935253293,-2.4945464907,7.756421802,3.8649188498
0,5000,1.1,25,37000,20,0.8,1.5,1.2,0.0644475485,0.0416389707,0.0644475485,0.0416389707
10,5000,1.1,25,37000,20,0.8,1.5,1.2,-1.7651671143,-0.6425323963,3.0374371879,1.8513973737
18,5000,1.1,25,37000,20,0.8,1.5,1.2,-3.0336160302,-1.5987872786,5.1830411112,2.8376992454
26,5000,1.1,25,37000,20,0.8,1.5,1.2,-3.9897764043,-2.4942605556,7.7717256015,3.8684132661
0,5000,1.1,75,30000,20,0.8,1.5,1.2,0.0604040093,0.0388553168,0.0604040093,0.0388553168
10,5000,1.1,75,30000,20,0.8,1.5,1.2,-1.7187201325,-0.6746011455,3.0345117696,1.6956776219
18,5000,1.1,75,30000,20,0.8,1.5,1.2,-2.9546960937,-1.6102818263,5.0550289072,2.6801273336
26,5000,1.1,75,30000,20,0.8,1.5,1.2,-3.7078772919,-2.5052202606,7.8421045374,3.7276371105
0,5000,1.1,75,37000,20,0.8,1.5,1.2,0.060582754,0.0389812157,0.060582754,0.0389812157
10,5000,1.1,75,37000,20,0.8,1.5,1.2,-1.6969582852,-0.6577245121,2.9853958585,1.8049950678
18,5000,1.1,75,37000,20,0.8,1.5,1.2,-2.9517285355,-1.6033157386,5.0039019314,2.7718126567
26,5000,1.1,75,37000,20,0.8,1.5,1.2,-3.6946890116,-2.4955509122,7.8327151541,3.7957777597
0,2000,0.9,25,30000,20,0.8,1.5,1.6,0.2173432416,0.1468119425,0.2173432416,0.1468119425
10,2000,0.9,25,30000,20,0.8,1.5,1.6,-0.7780409945,-0.225784696,1.1552526237,0.7604605424
18,2000,0.9,25,30000,20,0.8,1.5,1.6,-1.4477173371,-0.6285494478,1.9263349786,1.1538372776
26,2000,0.9,25,30000,20,0.8,1.5,1.6,-2.1010401603,-1.0324221903,2.6996088038,1.5507740226
0,2000,0.9,25,37000,20,0.8,1.5,1.6,0.1855121425,0.1259537011,0.1855121425,0.1259537011
10,2000,0.9,25,37000,20,0.8,1.5,1.6,-0.7733281034,-0.2187066223,1.1919985317,0.7499024593
18,2000,0.9,25,37000,20,0.8,1.5,1.6,-1.429108725,-0.6397878388,1.9508397495,1.1441646766
26,2000,0.9,25,37000,20,0.8,1.5,1.6,-2.0993930255,-1.0274970444,2.7227312762,1.546316882
0,2000,0.9,75,30000,20,0.8,1.5,1.6,0.1121690389,0.0759322013,0.1121690389,0.0759322013
10,2000,0.9,75,30000,20,0.8,1.5,1.6,-0.915076983,-0.2776778007,0.9970730671,0.6996573459
18,2000,0.9,75,30000,20,0.8,1.5,1.6,-1.6085533172,-0.6617267488,1.7415970346,1.089384118
26,2000,0.9,75,30000,20,0.8,1.5,1.6,-2.2355137082,-1.055361582,2.5238840828,1.4826832865
0,2000,0.9,75,37000,20,0.8,1.5,1.6,0.1125196167,0.0761768176,0.1125196167,0.0761768176
10,2000,0.9,75,37000,20,0.8,1.5,1.6,-0.9170768626,-0.2764082136,0.9999852003,0.7014920042
18,2000,0.9,75,37000,20,0.8,1.5,1.6,-1.6117968935,-0.6606331853,1.744836715,1.0918826656
26,2000,0.9,75,37000,20,0.8,1.5,1.6,-2.2354101182,-1.0552866227,2.5307813063,1.4863050375
0,2000,1.1,25,30000,20,0.8,1.5,1.6,0.072878964,0.0462098823,0.072878964,0.0462098823
10,2000,1.1,25,30000,20,0.8,1.5,1.6,-0.9124343738,-0.2717667744,0.9174616351,0.7559295649
18,2000,1.1,25,30000,20,0.8,1.5,1.6,-1.5738938474,-0.6583036291,1.7255937259,1.1464887069
26,2000,1.1,25,30000,20,0.8,1.5,1.6,-2.1936268665,-1.0593195187,2.5666416915,1.5424409887
0,2000,1.1,25,37000,20,0.8,1.5,1.6,0.073057173,0.0463339157,0.073057173,0.0463339157
10,2000,1.1,25,37000,20,0.8,1.5,1.6,-0.915675226,-0.2710423044,0.8906576498,0.7639324311
18,2000,1.1,25,37000,20,0.8,1.5,1.6,-1.5790490531,-0.6572520565,1.7086621841,1.156346409
26,2000,1.1,25,37000,20,0.8,1.5,1.6,-2.1962159589,-1.0606766656,2.5542165084,1.5507557118
0,2000,1.1,75,30000,20,0.8,1.5,1.6,0.0684699209,0.0432093324,0.0684699209,0.0432093324
10,2000,1.1,75,30000,20,0.8,1.5,1.6,-0.8905483475,-0.2874566943,1.0005104567,0.6897211184
18,2000,1.1,75,30000,20,0.8,1.5,1.6,-1.5840385588,-0.6717933526,1.7476499251,1.0795481516
26,2000,1.1,75,30000,20,0.8,1.5,1.6,-2.2869506297,-1.058482496,2.4916312425,1.4698302047
0,2000,1.1,75,37000,20,0.8,1.5,1.6,0.0686885093,0.0433615885,0.0686885093,0.0433615885
10,2000,1.1,75,37000,20,0.8,1.5,1.6,-0.9075396404,-0.2884854584,0.9681862914,0.6938177677
18,2000,1.1,75,37000,20,0.8,1.5,1.6,-1.6036513796,-0.6731656019,1.7138677129,1.0840294303
26,2000,1.1,75,37000,20,0.8,1.5,1.6,-2.3045838004,-1.0599818088,2.463133917,1.4752037749
0,5000,0.9,25,30000,20,0.8,1.5,1.6,0.2173432416,0.1468119425,0.2173432416,0.1468119425
10,5000,0.9,25,30000,20,0.8,1.5,1.6,-1.7017174907,-0.7411729006,3.0269850735,1.7342130525
18,5000,0.9,25,30000,20,0.8,1.5,1.6,-3.0049624512,-1.6903456664,5.1797607201,2.7657429525
26,5000,0.9,25,30000,20,0.8,1.5,1.6,-3.9684809535,-2.5708138721,7.7939086837,3.8497675515
0,5000,0.9,25,37000,20,0.8,1.5,1.6,0.1855121425,0.1259537011,0.1855121425,0.1259537011
10,5000,0.9,25,37000,20,0.8,1.5,1.6,-1.6560266664,-0.7401043572,3.0431161169,1.7428019074
18,5000,0.9,25,37000,20,0.8,1.5,1.6,-2.990266298,-1.6910862798,5.1730437862,2.7761415422
26,5000,0.9,25,37000,20,0.8,1.5,1.6,-3.9536622834,-2.5694939771,7.8001035939,3.8617760432
0,5000,0.9,75,30000,20,0.8,1.5,1.6,0.1121690389,0.0759322013,0.1121690389,0.0759322013
10,5000,0.9,75,30000,20,0.8,1.5,1.6,-1.5474800208,-0.7593170248,2.6863355826,1.6662305793
18,5000,0.9,75,30000,20,0.8,1.5,1.6,-2.9456016272,-1.6998895196,4.8200654877,2.675219702
26,5000,0.9,75,30000,20,0.8,1.5,1.6,-3.6927980445,-2.565413817,7.8121417847,3.7738429028
0,5000,0.9,75,37000,20,0.8,1.5,1.6,0.1125196167,0.0761768176,0.1125196167,0.0761768176
10,5000,0.9,75,37000,20,0.8,1.5,1.6,-1.5441101166,-0.7578667752,2.6947890527,1.6712314555
18,5000,0.9,75,37000,20,0.8,1.5,1.6,-2.9426460528,-1.6987983944,4.8378015807,2.6835539563
26,5000,0.9,75,37000,20,0.8,1.5,1.6,-3.6775020979,-2.5620579101,7.849526312,3.7854145495
0,5000,1.1,25,30000,20,0.8,1.5,1.6,0.072878964,0.0462098823,0.072878964,0.0462098823
10,5000,1.1,25,30000,20,0.8,1.5,1.6,-1.5260916566,-0.6984083863,2.9753806171,1.7634624492
18,5000,1.1,25,30000,20,0.8,1.5,1.6,-3.0809654226,-1.6619479108,5.053258308,2.7874807987
26,5000,1.1,25,30000,20,0.8,1.5,1.6,-4.0708585647,-2.5494966344,7.6082888584,3.8703961015
0,5000,1.1,25,37000,20,0.8,1.5,1.6,0.073057173,0.0463339157,0.073057173,0.0463339157
10,5000,1.1,25,37000,20,0.8,1.5,1.6,-1.5248567137,-0.6974807011,2.9810894368,1.7658458232
18,5000,1.1,25,37000,20,0.8,1.5,1.6,-3.0779823235,-1.6615673005,5.0660244028,2.7920816539
26,5000,1.1,25,37000,20,0.8,1.5,1.6,-4.0641742484,-2.5480066377,7.627728742,3.8768412325
0,5000,1.1,75,30000,20,0.8,1.5,1.6,0.0684699209,0.0432093324,0.0684699209,0.0432093324
10,5000,1.1,75,30000,20,0.8,1.5,1.6,-1.4186808529,-0.7111111125,2.7084573988,1.7108044528
18,5000,1.1,75,30000,20,0.8,1.5,1.6,-3.0607675465,-1.673542724,4.684920393,2.7009864623
26,5000,1.1,75,30000,20,0.8,1.5,1.6,-3.8520945741,-2.546820623,7.4928934285,3.7817073447
0,5000,1.1,75,37000,20,0.8,1.5,1.6,0.0686885093,0.0433615885,0.0686885093,0.0433615885
10,5000,1.1,75,37000,20,0.8,1.5,1.6,-1.4158840245,-0.7096844031,2.7144044091,1.7156361543
18,5000,1.1,75,37000,20,0.8,1.5,1.6,-3.0577076242,-1.6729028111,4.6998234484,2.7092123236
26,5000,1.1,75,37000,20,0.8,1.5,1.6,-3.8410631058,-2.5437230053,7.5246223855,3.7935142223
0,2000,0.9,25,30000,20,0.8,2.0,0.8,0.1157574555,0.0864832112,0.1157574555,0.0864832112
10,2000,0.9,25,30000,20,0.8,2.0,0.8,-0.9023207909,-0.1826468923,1.0829960616,0.8083700899
18,2000,0.9,25,30000,20,0.8,2.0,0.8,-1.5764411775,-0.6240188634,1.9076145996,1.2084384371
26,2000,0.9,25,30000,20,0.8,2.0,0.8,-2.1904216721,-1.0075779455,2.7259482384,1.6299071251
0,2000,0.9,25,37000,20,0.8,2.0,0.8,0.1159634048,0.0866433861,0.1159634048,0.0866433861
10,2000,0.9,25,37000,20,0.8,2.0,0.8,-0.9022334815,-0.1821100751,1.0837012576,0.8094154409
18,2000,0.9,25,37000,20,0.8,2.0,0.8,-1.5775763874,-0.622352439,1.9088783674,1.2102951378
26,2000,0.9,25,37000,20,0.8,2.0,0.8,-2.1906389091,-1.0090416272,2.7283667003,1.6312618844
0,2000,0.9,75,30000,20,0.8,2.0,0.8,0.1072573161,0.0800004734,0.1072573161,0.0800004734
10,2000,0.9,75,30000,20,0.8,2.0,0.8,-0.9822006182,-0.1952382775,0.5969284044,0.9275773089
18,2000,0.9,75,30000,20,0.8,2.0,0.8,-1.7061345653,-0.5957786604,1.4171508817,1.3151899604
26,2000,0.9,75,30000,20,0.8,2.0,0.8,-2.3742706368,-1.0044190841,2.2810632667,1.7010679811
0,2000,0.9,75,37000,20,0.8,2.0,0.8,0.1074607836,0.0801594504,0.1074607836,0.0801594504
10,2000,0.9,75,37000,20,0.8,2.0,0.8,-1.0122677121,-0.1910350498,0.5644196956,0.9326417501
18,2000,0.9,75,37000,20,0.8,2.0,0.8,-1.731727415,-0.591994158,1.3925746106,1.3201697318
26,2000,0.9,75,37000,20,0.8,2.0,0.8,-2.3880655333,-1.0017331909,2.2657541574,1.7063595494
0,2000,1.1,25,30000,20,0.8,2.0,0.8,0.0774263224,0.0541856534,0.0774263224,0.0541856534
10,2000,1.1,25,30000,20,0.8,2.0,0.8,-0.945987439,-0.1899246336,0.9534212806,0.8783657763
18,2000,1.1,25,30000,20,0.8,2.0,0.8,-1.6485514928,-0.5973934697,1.7956561744,1.2686983755
26,2000,1.1,25,30000,20,0.8,2.0,0.8,-2.2929627314,-1.0335634453,2.6804654893,1.6555417121
0,2000,1.1,25,37000,20,0.8,2.0,0.8,0.0800380846,0.0560470736,0.0800380846,0.0560470736
10,2000,1.1,25,37000,20,0.8,2.0,0.8,-0.9577212094,-0.1878867471,1.035048645,0.8273729687
18,2000,1.1,25,37000,20,0.8,2.0,0.8,-1.659050634,-0.5985465956,1.8592821526,1.2270480413
26,2000,1.1,25,37000,20,0.8,2.0,0.8,-2.278328638,-1.0382587625,2.7023801754,1.6236676302
0,2000,1.1,75,30000,20,0.8,2.0,0.8,0.0610625645,0.0418239004,0.0610625645,0.0418239004
10,2000,1.1,75,30000,20,0.8,2.0,0.8,-0.9503014031,-0.2112253937,1.1422841026,0.7661609805
18,2000,1.1,75,30000,20,0.8,2.0,0.8,-1.6654894573,-0.6119736949,1.9297886598,1.1623796972
26,2000,1.1,75,30000,20,0.8,2.0,0.8,-2.390256538,-1.0146586762,2.7062865753,1.5614665544
0,2000,1.1,75,37000,20,0.8,2.0,0.8,0.0612040873,0.0419341186,0.0612040873,0.0419341186
10,2000,1.1,75,37000,20,0.8,2.0,0.8,-0.946348226,-0.2104811433,1.156602492,0.7663223586
18,2000,1.1,75,37000,20,0.8,2.0,0.8,-1.6588169447,-0.6116036922,1.9470436825,1.1627793698
26,2000,1.1,75,37000,20,0.8,2.0,0.8,-2.3854086138,-1.0142421705,2.7225844648,1.5622612288
0,5000,0.9,25,30000,20,0.8,2.0,0.8,0.1157574555,0.0864832112,0.1157574555,0.0864832112
10,5000,0.9,25,30000,20,0.8,2.0,0.8,-1.8814832956,-0.6537885298,2.7036353418,1.9061677827
18,5000,0.9,25,30000,20,0.8,2.0,0.8,-3.1746218581,-1.7000537852,5.2331497599,2.899172041
26,5000,0.9,25,30000,20,0.8,2.0,0.8,-4.2276891343,-2.7310699073,8.0805927475,3.8974871891
0,5000,0.9,25,37000,20,0.8,2.0,0.8,0.1159634048,0.0866433861,0.1159634048,0.0866433861
10,5000,0.9,25,37000,20,0.8,2.0,0.8,-1.8817236578,-0.6525377708,2.702792374,1.9101195751
18,5000,0.9,25,37000,20,0.8,2.0,0.8,-3.173218502,-1.6997088047,5.2390334794,2.9030480033
26,5000,0.9,25,37000,20,0.8,2.0,0.8,-4.2210506152,-2.730443999,8.0997188198,3.8999697616
0,5000,0.9,75,30000,20,0.8,2.0,0.8,0.1072573161,0.0800004734,0.1072573161,0.0800004734
10,5000,0.9,75,30000,20,0.8,2.0,0.8,-1.771254084,-0.6641887141,2.8911600704,1.890730782
18,5000,0.9,75,30000,20,0.8,2.0,0.8,-3.0585553265,-1.7019251624,5.1464589242,2.8573122616
26,5000,0.9,75,30000,20,0.8,2.0,0.8,-3.9172907881,-2.7616431119,8.2638100833,3.8013690064
0,5000,0.9,75,37000,20,0.8,2.0,0.8,0.1074607836,0.0801594504,0.1074607836,0.0801594504
10,5000,0.9,75,37000,20,0.8,2.0,0.8,-1.7174878598,-0.6787912543,2.9297941149,1.8788212144
18,5000,0.9,75,37000,20,0.8,2.0,0.8,-3.0417517172,-1.7107618221,5.1546605895,2.8537030748
26,5000,0.9,75,37000,20,0.8,2.0,0.8,-3.8936675179,-2.7610234178,8.3024499723,3.8152826686
0,5000,1.1,25,30000,20,0.8,2.0,0.8,0.0774263224,0.0541856534,0.0774263224,0.0541856534
10,5000,1.1,25,30000,20,0.8,2.0,0.8,-1.6319582259,-0.625329037,3.0405293069,1.9215010092
18,5000,1.1,25,30000,20,0.8,2.0,0.8,-3.2029112483,-1.6565892029,5.3000354499,2.9424319709
26,5000,1.1,25,30000,20,0.8,2.0,0.8,-4.2709771413,-2.6704171499,7.9720734885,3.9518354378
0,5000,1.1,25,37000,20,0.8,2.0,0.8,0.0800380846,0.0560470736,0.0800380846,0.0560470736
10,5000,1.1,25,37000,20,0.8,2.0,0.8,-1.5913479459,-0.6097223455,2.9481644028,1.9841384182
18,5000,1.1,25,37000,20,0.8,2.0,0.8,-3.1882042096,-1.6488242687,5.2313405725,2.9861661311
26,5000,1.1,25,37000,20,0.8,2.0,0.8,-4.2643092045,-2.6697950818,7.9626104906,3.9779617907
0,5000,1.1,75,30000,20,0.8,2.0,0.8,0.0610625645,0.0418239004,0.0610625645,0.0418239004
10,5000,1.1,75,30000,20,0.8,2.0,0.8,-1.5665224741,-0.6467823006,2.7824638087,1.8657937246
18,5000,1.1,75,30000,20,0.8,2.0,0.8,-3.18620141,-1.6628683192,4.944078252,2.8635653628
26,5000,1.1,75,30000,20,0.8,2.0,0.8,-4.0033840738,-2.7091573043,7.9601236475,3.8368369389
0,5000,1.1,75,37000,20,0.8,2.0,0.8,0.0612040873,0.0419341186,0.0612040873,0.0419341186
10,5000,1.1,75,37000,20,0.8,2.0,0.8,-1.5536588328,-0.6461654351,2.7894279549,1.8685650701
18,5000,1.1,75,37000,20,0.8,2.0,0.8,-3.1804103675,-1.6627724382,4.9530221253,2.868992442
26,5000,1.1,75,37000,20,0.8,2.0,0.8,-3.9971390585,-2.7077303721,7.9784935266,3.8434400726
0,2000,0.9,25,30000,20,0.8,2.0,1.2,0.1299066275,0.0942197844,0.1299066275,0.0942197844
10,2000,0.9,25,30000,20,0.8,2.0,1.2,-0.9355327457,-0.2082354223,1.0411376046,0.8027607254
18,2000,0.9,25,30000,20,0.8,2.0,1.2,-1.6254057013,-0.6168136268,1.8649114429,1.2189690659
26,2000,0.9,25,30000,20,0.8,2.0,1.2,-2.2142583107,-1.0770088981,2.6887302639,1.6336998509
0,2000,0.9,25,37000,20,0.8,2.0,1.2,0.1301339954,0.0943928476,0.1301339954,0.0943928476
10,2000,0.9,25,37000,20,0.8,2.0,1.2,-0.9358002744,-0.2075471359,1.041605524,0.8038226033
18,2000,0.9,25,37000,20,0.8,2.0,1.2,-1.616163403,-0.6273688575,1.8683081564,1.2186512049
26,2000,0.9,25,37000,20,0.8,2.0,1.2,-2.2191359752,-1.0775151836,2.6943193779,1.6355143441
0,2000,0.9,75,30000,20,0.8,2.0,1.2,0.1206748597,0.0873439404,0.1206748597,0.0873439404
10,2000,0.9,75,30000,20,0.8,2.0,1.2,-1.0656228811,-0.2309181977,0.6566199116,0.8753003516
18,2000,0.9,75,30000,20,0.8,2.0,1.2,-1.7853600511,-0.635823807,1.449112777,1.2772779369
26,2000,0.9,75,30000,20,0.8,2.0,1.2,-2.4281749378,-1.0565946043,2.3052341199,1.6750982529
0,2000,0.9,75,37000,20,0.8,2.0,1.2,0.1209142949,0.0875268272,0.1209142949,0.0875268272
10,2000,0.9,75,37000,20,0.8,2.0,1.2,-1.0691852324,-0.2257178166,0.6217338071,0.9130619107
18,2000,0.9,75,37000,20,0.8,2.0,1.2,-1.7874321581,-0.6309933051,1.4203355448,1.3118635611
26,2000,0.9,75,37000,20,0.8,2.0,1.2,-2.4276416872,-1.0575137028,2.2787037118,1.705274482
0,2000,1.1,25,30000,20,0.8,2.0,1.2,0.0949548716,0.0644692273,0.0949548716,0.0644692273
10,2000,1.1,25,30000,20,0.8,2.0,1.2,-0.9907501825,-0.2370203944,0.9882111641,0.7974751902
18,2000,1.1,25,30000,20,0.8,2.0,1.2,-1.6716684827,-0.645835273,1.8189949479,1.210049117
26,2000,1.1,25,30000,20,0.8,2.0,1.2,-2.3234855661,-1.0836148339,2.6674274425,1.618757855
0,2000,1.1,25,37000,20,0.8,2.0,1.2,0.1051449395,0.0720333152,0.1051449395,0.0720333152
10,2000,1.1,25,37000,20,0.8,2.0,1.2,-0.9889477695,-0.2389328721,0.9959371357,0.7962943777
18,2000,1.1,25,37000,20,0.8,2.0,1.2,-1.6735044256,-0.6474615366,1.8234740228,1.2090302682
26,2000,1.1,25,37000,20,0.8,2.0,1.2,-2.3286691187,-1.0798703843,2.6735542331,1.6200422737
0,2000,1.1,75,30000,20,0.8,2.0,1.2,0.0710051763,0.046800401,0.0710051763,0.046800401
10,2000,1.1,75,30000,20,0.8,2.0,1.2,-1.2534754028,-0.2056756387,0.4409914289,0.9171783176
18,2000,1.1,75,30000,20,0.8,2.0,1.2,-1.9165414763,-0.6172002273,1.2795862458,1.3133121984
26,2000,1.1,75,30000,20,0.8,2.0,1.2,-2.5688064834,-1.041517893,2.0578255827,1.7117288882
0,2000,1.1,75,37000,20,0.8,2.0,1.2,0.071175578,0.0469300805,0.071175578,0.0469300805
10,2000,1.1,75,37000,20,0.8,2.0,1.2,-1.2326465959,-0.205251765,0.4539291701,0.9247571106
18,2000,1.1,75,37000,20,0.8,2.0,1.2,-1.9087730259,-0.6157622953,1.2935237478,1.3195879087
26,2000,1.1,75,37000,20,0.8,2.0,1.2,-2.5619949588,-1.0425285229,2.0657295979,1.7188740612
0,5000,0.9,25,30000,20,0.8,2.0,1.2,0.1299066275,0.0942197844,0.1299066275,0.0942197844
10,5000,0.9,25,30000,20,0.8,2.0,1.2,-1.5966035386,-0.7219182323,2.953985229,1.9042145056
18,5000,0.9,25,30000,20,0.8,2.0,1.2,-3.1639384034,-1.7555456784,5.2114192495,2.946026386
26,5000,0.9,25,30000,20,0.8,2.0,1.2,-4.1961430977,-2.7603898559,7.9590531965,3.9991176858
0,5000,0.9,25,37000,20,0.8,2.0,1.2,0.1301339954,0.0943928476,0.1301339954,0.0943928476
10,5000,0.9,25,37000,20,0.8,2.0,1.2,-1.6086399188,-0.7207187329,2.9340829107,1.9131179793
18,5000,0.9,25,37000,20,0.8,2.0,1.2,-3.1655442591,-1.7552004558,5.2056800329,2.9534261591
26,5000,0.9,25,37000,20,0.8,2.0,1.2,-4.1912461936,-2.7598084044,7.9707699442,4.0039986894
0,5000,0.9,75,30000,20,0.8,2.0,1.2,0.1206748597,0.0873439404,0.1206748597,0.0873439404
10,5000,0.9,75,30000,20,0.8,2.0,1.2,-2.1245435247,-0.6920169865,2.7569577667,1.961788512
18,5000,0.9,75,30000,20,0.8,2.0,1.2,-3.1751592331,-1.7333314632,5.0087111685,2.962236999
26,5000,0.9,75,30000,20,0.8,2.0,1.2,-3.9702546886,-2.7510699604,8.0332544705,3.9730959669
0,5000,0.9,75,37000,20,0.8,2.0,1.2,0.1209142949,0.0875268272,0.1209142949,0.0875268272
10,5000,0.9,75,37000,20,0.8,2.0,1.2,-2.0400384444,-0.6793736007,2.8865704991,2.0231047727
18,5000,0.9,75,37000,20,0.8,2.0,1.2,-3.1625487058,-1.7273832521,5.0775740552,3.0122847802
26,5000,0.9,75,37000,20,0.8,2.0,1.2,-3.9465799512,-2.7443495712,8.0837638314,4.0129508404
0,5000,1.1,25,30000,20,0.8,2.0,1.2,0.0949548716,0.0644692273,0.0949548716,0.0644692273
10,5000,1.1,25,30000,20,0.8,2.0,1.2,-1.4318687752,-0.6707544291,3.1214716955,1.9019677681
18,5000,1.1,25,30000,20,0.8,2.0,1.2,-3.1900658781,-1.7115793187,5.2239474033,2.9543181287
26,5000,1.1,25,30000,20,0.8,2.0,1.2,-4.3067754555,-2.7215232065,7.810300282,4.0150275018
0,5000,1.1,25,37000,20,0.8,2.0,1.2,0.1051449395,0.0720333152,0.1051449395,0.0720333152
10,5000,1.1,25,37000,20,0.8,2.0,1.2,-1.4285328099,-0.6719424906,3.1528290541,1.9089549116
18,5000,1.1,25,37000,20,0.8,2.0,1.2,-3.1866621754,-1.7126927244,5.2533090937,2.9611430245
26,5000,1.1,25,37000,20,0.8,2.0,1.2,-4.2976273886,-2.7252381763,7.8416178353,4.0192129468
0,5000,1.1,75,30000,20,0.8,2.0,1.2,0.0710051763,0.046800401,0.0710051763,0.046800401
10,5000,1.1,75,30000,20,0.8,2.0,1.2,-1.8363367776,-0.5835798211,3.2852540371,2.1871169411
18,5000,1.1,75,30000,20,0.8,2.0,1.2,-3.3258442782,-1.6589261207,5.2115074169,3.1556294359
26,5000,1.1,75,30000,20,0.8,2.0,1.2,-4.0922387845,-2.6873812472,7.912117721,4.1135667703
0,5000,1.1,75,37000,20,0.8,2.0,1.2,0.071175578,0.0469300805,0.071175578,0.0469300805
10,5000,1.1,75,37000,20,0.8,2.0,1.2,-1.7902885982,-0.5863862417,3.3084480318,2.1919568754
18,5000,1.1,75,37000,20,0.8,2.0,1.2,-3.289459706,-1.6797375395,5.2980280385,3.110302932
26,5000,1.1,75,37000,20,0.8,2.0,1.2,-4.0719264848,-2.6958312365,7.9628217585,4.0949905524
0,2000,0.9,25,30000,20,0.8,2.0,1.6,0.1438697372,0.1032671613,0.1438697372,0.1032671613
10,2000,0.9,25,30000,20,0.8,2.0,1.6,-0.870173051,-0.2408111855,1.0861848781,0.8204270013
18,2000,0.9,25,30000,20,0.8,2.0,1.6,-1.5976031019,-0.6565299226,1.8716835623,1.2407018577
26,2000,0.9,25,30000,20,0.8,2.0,1.6,-2.2698479877,-1.0798003384,2.720155028,1.6693941303
0,2000,0.9,25,37000,20,0.8,2.0,1.6,0.1441218373,0.1034577824,0.1441218373,0.1034577824
10,2000,0.9,25,37000,20,0.8,2.0,1.6,-0.8792224778,-0.2402640612,1.0677969766,0.8247153567
18,2000,0.9,25,37000,20,0.8,2.0,1.6,-1.6013249013,-0.6559178394,1.8605521251,1.24589321
26,2000,0.9,25,37000,20,0.8,2.0,1.6,-2.2707853075,-1.0811840306,2.7132088706,1.6738926725
0,2000,0.9,75,30000,20,0.8,2.0,1.6,0.1935063506,0.1399559389,0.1935063506,0.1399559389
10,2000,0.9,75,30000,20,0.8,2.0,1.6,-1.0627418732,-0.2290625965,1.1027356823,0.7973980718
18,2000,0.9,75,30000,20,0.8,2.0,1.6,-1.6957105644,-0.6451877056,1.9332306101,1.2115510991
26,2000,0.9,75,30000,20,0.8,2.0,1.6,-2.4028547716,-1.0618746801,2.7068077966,1.6280721179
0,2000,0.9,75,37000,20,0.8,2.0,1.6,0.1341031477,0.096049582,0.1341031477,0.096049582
10,2000,0.9,75,37000,20,0.8,2.0,1.6,-0.9122457623,-0.2685909371,0.8917350365,0.7975071835
18,2000,0.9,75,37000,20,0.8,2.0,1.6,-1.647777967,-0.6806386317,1.6585647378,1.2114622144
26,2000,0.9,75,37000,20,0.8,2.0,1.6,-2.3712297284,-1.0939019342,2.4547250461,1.6296355081
0,2000,1.1,25,30000,20,0.8,2.0,1.6,0.0869194728,0.0569944348,0.0869194728,0.0569944348
10,2000,1.1,25,30000,20,0.8,2.0,1.6,-0.8744722786,-0.2356399553,1.241382049,0.780914027
18,2000,1.1,25,30000,20,0.8,2.0,1.6,-1.5752724096,-0.6565197895,2.0314626851,1.2029023312
26,2000,1.1,25,30000,20,0.8,2.0,1.6,-2.2597366814,-1.1337596958,2.7840311936,1.6242089119
0,2000,1.1,25,37000,20,0.8,2.0,1.6,0.0889151969,0.0583801292,0.0889151969,0.0583801292
10,2000,1.1,25,37000,20,0.8,2.0,1.6,-0.9062098939,-0.23704248,1.2115939086,0.7840264281
18,2000,1.1,25,37000,20,0.8,2.0,1.6,-1.6050208057,-0.6554332392,2.0077398838,1.2065065292
26,2000,1.1,25,37000,20,0.8,2.0,1.6,-2.2699131178,-1.1251514739,2.7906963417,1.6274248253
0,2000,1.1,75,30000,20,0.8,2.0,1.6,0.1337058904,0.0917585799,0.1337058904,0.0917585799
10,2000,1.1,75,30000,20,0.8,2.0,1.6,-1.0881483678,-0.2650801739,0.9483761661,0.776767092
18,2000,1.1,75,30000,20,0.8,2.0,1.6,-1.8045197122,-0.679192765,1.7169415474,1.1911427048
26,2000,1.1,75,30000,20,0.8,2.0,1.6,-2.527936894,-1.0939654423,2.4920223753,1.6060433176
0,2000,1.1,75,37000,20,0.8,2.0,1.6,0.0810599014,0.0526647945,0.0810599014,0.0526647945
10,2000,1.1,75,37000,20,0.8,2.0,1.6,-1.0584792639,-0.2455789075,1.031996813,0.7636473816
18,2000,1.1,75,37000,20,0.8,2.0,1.6,-1.7883459413,-0.6587798638,1.7922944718,1.1779818149
26,2000,1.1,75,37000,20,0.8,2.0,1.6,-2.4479892445,-1.1538216091,2.5414853402,1.5864589745
0,5000,0.9,25,30000,20,0.8,2.0,1.6,0.1438697372,0.1032671613,0.1438697372,0.1032671613
10,5000,0.9,25,30000,20,0.8,2.0,1.6,-1.5422436238,-0.7674476981,3.0541966832,1.8526288876
18,5000,0.9,25,30000,20,0.8,2.0,1.6,-3.2102067119,-1.8144447225,5.1990417595,2.9428347675
26,5000,0.9,25,30000,20,0.8,2.0,1.6,-4.2549207366,-2.804846257,7.8614582117,4.068709585
0,5000,0.9,25,37000,20,0.8,2.0,1.6,0.1441218373,0.1034577824,0.1441218373,0.1034577824
10,5000,0.9,25,37000,20,0.8,2.0,1.6,-1.5383683621,-0.7667197521,3.0671597725,1.8542400058
18,5000,0.9,25,37000,20,0.8,2.0,1.6,-3.2075397539,-1.8143035455,5.2114498631,2.9454781176
26,5000,0.9,25,37000,20,0.8,2.0,1.6,-4.2490189719,-2.8043834038,7.8785926936,4.0724313022
0,5000,0.9,75,30000,20,0.8,2.0,1.6,0.1935063506,0.1399559389,0.1935063506,0.1399559389
10,5000,0.9,75,30000,20,0.8,2.0,1.6,-1.7088770142,-0.7691246185,2.7896548569,1.9338686103
18,5000,0.9,75,30000,20,0.8,2.0,1.6,-3.2610739448,-1.8088447089,4.933489422,2.9752381923
26,5000,0.9,75,30000,20,0.8,2.0,1.6,-4.0110159624,-2.8193413172,7.8016116683,4.0452576152
0,5000,0.9,75,37000,20,0.8,2.0,1.6,0.1341031477,0.096049582,0.1341031477,0.096049582
10,5000,0.9,75,37000,20,0.8,2.0,1.6,-1.4289127162,-0.7832103158,3.0037945216,1.8297983297
18,5000,0.9,75,37000,20,0.8,2.0,1.6,-3.166219389,-1.8246615727,5.0164073454,2.881612742
26,5000,0.9,75,37000,20,0.8,2.0,1.6,-4.0011795245,-2.8257370184,7.8920623333,3.9756830869
0,5000,1.1,25,30000,20,0.8,2.0,1.6,0.0869194728,0.0569944348,0.0869194728,0.0569944348
10,5000,1.1,25,30000,20,0.8,2.0,1.6,-1.870654644,-0.7118177822,2.9311032969,1.92429703
18,5000,1.1,25,30000,20,0.8,2.0,1.6,-3.361567473,-1.799533213,5.1188079291,2.9929289474
26,5000,1.1,25,30000,20,0.8,2.0,1.6,-4.4161509782,-2.7894482105,7.6490402963,4.0939943601
0,5000,1.1,25,37000,20,0.8,2.0,1.6,0.0889151969,0.0583801292,0.0889151969,0.0583801292
10,5000,1.1,25,37000,20,0.8,2.0,1.6,-1.8714231057,-0.7193013862,2.9211343778,1.9245859214
18,5000,1.1,25,37000,20,0.8,2.0,1.6,-3.3370856246,-1.7699948726,5.1128207766,3.0051941917
26,5000,1.1,25,37000,20,0.8,2.0,1.6,-4.4145529884,-2.7909297667,7.6781970487,4.0972499163
0,5000,1.1,75,30000,20,0.8,2.0,1.6,0.1337058904,0.0917585799,0.1337058904,0.0917585799
10,5000,1.1,75,30000,20,0.8,2.0,1.6,-1.4823354266,-0.744673254,2.7520943208,1.8725507264
18,5000,1.1,75,30000,20,0.8,2.0,1.6,-3.2958913277,-1.7876969172,4.7600171008,2.9196603969
26,5000,1.1,75,30000,20,0.8,2.0,1.6,-4.2506255666,-2.7939651399,7.4588368183,4.0014831865
0,5000,1.1,75,37000,20,0.8,2.0,1.6,0.0810599014,0.0526647945,0.0810599014,0.0526647945
10,5000,1.1,75,37000,20,0.8,2.0,1.6,-2.0501896529,-0.7021085594,2.7015295246,2.0741651727
18,5000,1.1,75,37000,20,0.8,2.0,1.6,-3.4552138143,-1.7726791275,4.7800300297,3.0808286667
26,5000,1.1,75,37000,20,0.8,2.0,1.6,-4.2444496523,-2.7730278989,7.483036152,4.1310198651
0,2000,0.9,25,30000,20,1.2,1.0,0.8,0.1004849524,0.0713869142,0.1004849524,0.0713869142
10,2000,0.9,25,30000,20,1.2,1.0,0.8,-0.7175472762,-0.2148245956,1.1691196255,0.7130967527
18,2000,0.9,25,30000,20,1.2,1.0,0.8,-1.3881134502,-0.591684837,1.9052852701,1.0831606647
26,2000,0.9,25,30000,20,1.2,1.0,0.8,-1.9798132093,-0.9585942429,2.6680858733,1.4592125432
0,2000,0.9,25,37000,20,1.2,1.0,0.8,0.0983137756,0.0699075626,0.0983137756,0.0699075626
10,2000,0.9,25,37000,20,1.2,1.0,0.8,-0.7239963062,-0.2143857067,1.158276033,0.7133854852
18,2000,0.9,25,37000,20,1.2,1.0,0.8,-1.3920294482,-0.5910580637,1.8994375486,1.0844990543
26,2000,0.9,25,37000,20,1.2,1.0,0.8,-1.9817197023,-0.9592450055,2.6670847501,1.4608869135
0,2000,0.9,75,30000,20,1.2,1.0,0.8,0.0862602415,0.061594174,0.0862602415,0.061594174
10,2000,0.9,75,30000,20,1.2,1.0,0.8,-0.8007574429,-0.2326641478,0.9410210164,0.6836833406
18,2000,0.9,75,30000,20,1.2,1.0,0.8,-1.4904018374,-0.5952238136,1.6661702038,1.0477753734
26,2000,0.9,75,30000,20,1.2,1.0,0.8,-2.0508624065,-0.9714486744,2.4739858541,1.4093792222
0,2000,0.9,75,37000,20,1.2,1.0,0.8,0.0826484102,0.0589456966,0.0826484102,0.0589456966
10,2000,0.9,75,37000,20,1.2,1.0,0.8,-0.8449226854,-0.2282904928,0.9365515638,0.6837966111
18,2000,0.9,75,37000,20,1.2,1.0,0.8,-1.5264888326,-0.591119806,1.6703182329,1.0494890453
26,2000,0.9,75,37000,20,1.2,1.0,0.8,-2.060082248,-0.9695131383,2.4485487871,1.4113419339
0,2000,1.1,25,30000,20,1.2,1.0,0.8,0.0823923792,0.0572895468,0.0823923792,0.0572895468
10,2000,1.1,25,30000,20,1.2,1.0,0.8,-0.7407010065,-0.2054750416,1.0738736629,0.7125925422
18,2000,1.1,25,30000,20,1.2,1.0,0.8,-1.4087396663,-0.6148134884,1.8007065091,1.0726610774
26,2000,1.1,25,30000,20,1.2,1.0,0.8,-2.0236411525,-0.9415105802,2.5779663923,1.4579801484
0,2000,1.1,25,37000,20,1.2,1.0,0.8,0.0876725338,0.0609390623,0.0876725338,0.0609390623
10,2000,1.1,25,37000,20,1.2,1.0,0.8,-0.7576414274,-0.2199871217,1.0592698526,0.7134389017
18,2000,1.1,25,37000,20,1.2,1.0,0.8,-1.4386782202,-0.5855766018,1.8113291763,1.0851174693
26,2000,1.1,25,37000,20,1.2,1.0,0.8,-2.0157820894,-0.9576099279,2.6134523056,1.4589757969
0,2000,1.1,75,30000,20,1.2,1.0,0.8,0.0466477472,0.0324091415,0.0466477472,0.0324091415
10,2000,1.1,75,30000,20,1.2,1.0,0.8,-0.8955085217,-0.2197682987,0.924536971,0.689021255
18,2000,1.1,75,30000,20,1.2,1.0,0.8,-1.5773731743,-0.5834690275,1.6524083737,1.0526471342
26,2000,1.1,75,30000,20,1.2,1.0,0.8,-2.0929551966,-0.9566719845,2.3751725004,1.4130800552
0,2000,1.1,75,37000,20,1.2,1.0,0.8,0.0467600799,0.0324900338,0.0467600799,0.0324900338
10,2000,1.1,75,37000,20,1.2,1.0,0.8,-0.8970685369,-0.2188851405,0.9238677797,0.6904842948
18,2000,1.1,75,37000,20,1.2,1.0,0.8,-1.5800890307,-0.5825947519,1.6520811225,1.054778062
26,2000,1.1,75,37000,20,1.2,1.0,0.8,-2.0992575693,-0.9580365247,2.3785024413,1.4160116887
0,5000,0.9,25,30000,20,1.2,1.0,0.8,0.1004849524,0.0713869142,0.1004849524,0.0713869142
10,5000,0.9,25,30000,20,1.2,1.0,0.8,-1.5612305999,-0.6457114228,2.8551234803,1.6719792696
18,5000,0.9,25,30000,20,1.2,1.0,0.8,-2.8205360698,-1.5476922589,5.0818898709,2.6244773598
26,5000,0.9,25,30000,20,1.2,1.0,0.8,-3.9128055679,-2.4422215551,7.6985203385,3.5872495046
0,5000,0.9,25,37000,20,1.2,1.0,0.8,0.0983137756,0.0699075626,0.0983137756,0.0699075626
10,5000,0.9,25,37000,20,1.2,1.0,0.8,-1.5711914867,-0.6418541388,2.866874692,1.7045552276
18,5000,0.9,25,37000,20,1.2,1.0,0.8,-2.8210864043,-1.5464725552,5.1029319411,2.6447583963
26,5000,0.9,25,37000,20,1.2,1.0,0.8,-3.9053340753,-2.4414018667,7.7270656846,3.6014357444
0,5000,0.9,75,30000,20,1.2,1.0,0.8,0.0862602415,0.061594174,0.0862602415,0.061594174
10,5000,0.9,75,30000,20,1.2,1.0,0.8,-1.5016285824,-0.6571525895,2.6437290199,1.6120960572
18,5000,0.9,75,30000,20,1.2,1.0,0.8,-2.7345097187,-1.5571791708,4.8996464959,2.5410907003
26,5000,0.9,75,30000,20,1.2,1.0,0.8,-3.6476368749,-2.4687613456,7.9145911142,3.4982182813
0,5000,0.9,75,37000,20,1.2,1.0,0.8,0.0826484102,0.0589456966,0.0826484102,0.0589456966
10,5000,0.9,75,37000,20,1.2,1.0,0.8,-1.5229989565,-0.6598143418,2.6344414915,1.6115744574
18,5000,0.9,75,37000,20,1.2,1.0,0.8,-2.7256640909,-1.5727306725,4.927749496,2.5344774405
26,5000,0.9,75,37000,20,1.2,1.0,0.8,-3.6332628763,-2.4671048153,7.9542106414,3.506800362
0,5000,1.1,25,30000,20,1.2,1.0,0.8,0.0823923792,0.0572895468,0.0823923792,0.0572895468
10,5000,1.1,25,30000,20,1.2,1.0,0.8,-1.473931255,-0.5874280767,2.9421474461,1.7193030549
18,5000,1.1,25,30000,20,1.2,1.0,0.8,-2.8388691973,-1.4875335345,5.0869208471,2.675040335
26,5000,1.1,25,30000,20,1.2,1.0,0.8,-3.9085705683,-2.3783237061,7.6275916251,3.6424599592
0,5000,1.1,25,37000,20,1.2,1.0,0.8,0.0876725338,0.0609390623,0.0876725338,0.0609390623
10,5000,1.1,25,37000,20,1.2,1.0,0.8,-1.5143977789,-0.5874889898,2.8633389014,1.7222117512
18,5000,1.1,25,37000,20,1.2,1.0,0.8,-2.860190029,-1.4941679502,5.0437704774,2.6759769448
26,5000,1.1,25,37000,20,1.2,1.0,0.8,-3.9066586508,-2.3782590859,7.6277834258,3.6469822929
0,5000,1.1,75,30000,20,1.2,1.0,0.8,0.0466477472,0.0324091415,0.0466477472,0.0324091415
10,5000,1.1,75,30000,20,1.2,1.0,0.8,-1.4893596452,-0.5933601997,2.6499727395,1.7106333769
18,5000,1.1,75,30000,20,1.2,1.0,0.8,-2.7861648739,-1.4945713854,4.8298975907,2.6312465325
26,5000,1.1,75,30000,20,1.2,1.0,0.8,-3.6549657484,-2.3963175607,7.7377937131,3.5795964037
0,5000,1.1,75,37000,20,1.2,1.0,0.8,0.0467600799,0.0324900338,0.0467600799,0.0324900338
10,5000,1.1,75,37000,20,1.2,1.0,0.8,-1.4136985837,-0.5918227606,2.7971479352,1.7166612001
18,5000,1.1,75,37000,20,1.2,1.0,0.8,-2.7666391783,-1.4946186966,4.9186192053,2.6371147411
26,5000,1.1,75,37000,20,1.2,1.0,0.8,-3.6279480532,-2.3947613337,7.8176441785,3.587387931
0,2000,0.9,25,30000,20,1.2,1.0,1.2,0.1148671351,0.0806339153,0.1148671351,0.0806339153
10,2000,0.9,25,30000,20,1.2,1.0,1.2,-0.7191386831,-0.2216341139,1.1288549598,0.702081743
18,2000,0.9,25,30000,20,1.2,1.0,1.2,-1.387083082,-0.6112134266,1.8625380394,1.0736354856
26,2000,0.9,25,30000,20,1.2,1.0,1.2,-2.0174554563,-0.9694870295,2.6099670498,1.4556151521
0,2000,0.9,25,37000,20,1.2,1.0,1.2,0.1192712588,0.083872265,0.1192712588,0.083872265
10,2000,0.9,25,37000,20,1.2,1.0,1.2,-0.7024469704,-0.2193286849,1.1315003784,0.7003993467
18,2000,0.9,25,37000,20,1.2,1.0,1.2,-1.3777300036,-0.6125917903,1.8604142579,1.0723692577
26,2000,0.9,25,37000,20,1.2,1.0,1.2,-2.0150712504,-0.9664568658,2.6114309103,1.4563971219
0,2000,0.9,75,30000,20,1.2,1.0,1.2,0.0847195815,0.0584400438,0.0847195815,0.0584400438
10,2000,0.9,75,30000,20,1.2,1.0,1.2,-0.8870987151,-0.2567137857,0.9053515436,0.6583591642
18,2000,0.9,75,30000,20,1.2,1.0,1.2,-1.5645435971,-0.6199825155,1.6319619644,1.0262288495
26,2000,0.9,75,30000,20,1.2,1.0,1.2,-2.0974293116,-0.968300393,2.373571807,1.4005323309
0,2000,0.9,75,37000,20,1.2,1.0,1.2,0.0849474162,0.058598539,0.0849474162,0.058598539
10,2000,0.9,75,37000,20,1.2,1.0,1.2,-0.8856607596,-0.2537549881,0.9213592273,0.6602847033
18,2000,0.9,75,37000,20,1.2,1.0,1.2,-1.5652931874,-0.6172470344,1.646131536,1.0286256638
26,2000,0.9,75,37000,20,1.2,1.0,1.2,-2.1281450273,-0.9961723786,2.3867645114,1.3977388963
0,2000,1.1,25,30000,20,1.2,1.0,1.2,0.0592459751,0.0393301528,0.0592459751,0.0393301528
10,2000,1.1,25,30000,20,1.2,1.0,1.2,-0.8493588362,-0.2497773131,0.9521002377,0.6802321836
18,2000,1.1,25,30000,20,1.2,1.0,1.2,-1.5159504583,-0.6150839817,1.7114341242,1.0561324485
26,2000,1.1,25,30000,20,1.2,1.0,1.2,-2.0814612168,-0.9857238872,2.5269528629,1.4382512796
0,2000,1.1,25,37000,20,1.2,1.0,1.2,0.0593658453,0.0394134694,0.0593658453,0.0394134694
10,2000,1.1,25,37000,20,1.2,1.0,1.2,-0.8480505135,-0.2501151595,0.9510385099,0.681112193
18,2000,1.1,25,37000,20,1.2,1.0,1.2,-1.5154225987,-0.6154139516,1.7113496121,1.0574935206
26,2000,1.1,25,37000,20,1.2,1.0,1.2,-2.0945115714,-0.9959317243,2.5346069643,1.4380173673
0,2000,1.1,75,30000,20,1.2,1.0,1.2,0.0547960152,0.0363341982,0.0547960152,0.0363341982
10,2000,1.1,75,30000,20,1.2,1.0,1.2,-0.9112447521,-0.2272605197,1.0253942551,0.7750047595
18,2000,1.1,75,30000,20,1.2,1.0,1.2,-1.5856223894,-0.5941057215,1.7447316386,1.1325872061
26,2000,1.1,75,30000,20,1.2,1.0,1.2,-2.1880570381,-0.9737532677,2.4277801609,1.4877134132
0,2000,1.1,75,37000,20,1.2,1.0,1.2,0.0549385441,0.0364333916,0.0549385441,0.0364333916
10,2000,1.1,75,37000,20,1.2,1.0,1.2,-0.6496927782,-0.2420664244,1.143965982,0.7169045227
18,2000,1.1,75,37000,20,1.2,1.0,1.2,-1.5267734145,-0.5850544532,1.733538409,1.0792441241
26,2000,1.1,75,37000,20,1.2,1.0,1.2,-2.1270973443,-1.0024285913,2.4152805585,1.433953684
0,5000,0.9,25,30000,20,1.2,1.0,1.2,0.1148671351,0.0806339153,0.1148671351,0.0806339153
10,5000,0.9,25,30000,20,1.2,1.0,1.2,-1.6557267361,-0.6838507138,2.7911528354,1.6492909267
18,5000,0.9,25,30000,20,1.2,1.0,1.2,-2.8777519185,-1.5689758033,4.9880136387,2.6259357874
26,5000,0.9,25,30000,20,1.2,1.0,1.2,-3.901927928,-2.4195353238,7.5882868354,3.6361908852
0,5000,0.9,25,37000,20,1.2,1.0,1.2,0.1192712588,0.083872265,0.1192712588,0.083872265
10,5000,0.9,25,37000,20,1.2,1.0,1.2,-1.6538336884,-0.6710692973,2.8786055059,1.6832133719
18,5000,0.9,25,37000,20,1.2,1.0,1.2,-2.8761132757,-1.5698911215,5.0412871153,2.6448716544
26,5000,0.9,25,37000,20,1.2,1.0,1.2,-3.8909062621,-2.4167614416,7.6276794769,3.6508665727
0,5000,0.9,75,30000,20,1.2,1.0,1.2,0.0847195815,0.0584400438,0.0847195815,0.0584400438
10,5000,0.9,75,30000,20,1.2,1.0,1.2,-1.6353736946,-0.6978551569,2.4322832301,1.6241058471
18,5000,0.9,75,30000,20,1.2,1.0,1.2,-2.8293477809,-1.5735339325,4.7104689774,2.5764091275
26,5000,0.9,75,30000,20,1.2,1.0,1.2,-3.6486268446,-2.4224021471,7.6909780151,3.5929733092
0,5000,0.9,75,37000,20,1.2,1.0,1.2,0.0849474162,0.058598539,0.0849474162,0.058598539
10,5000,0.9,75,37000,20,1.2,1.0,1.2,-1.6441911038,-0.6951646131,2.4408574231,1.6276127301
18,5000,0.9,75,37000,20,1.2,1.0,1.2,-2.8262816198,-1.5714238347,4.7314676741,2.5848943612
26,5000,0.9,75,37000,20,1.2,1.0,1.2,-3.6343837443,-2.419315684,7.7289178007,3.6035656627
0,5000,1.1,25,30000,20,1.2,1.0,1.2,0.0592459751,0.0393301528,0.0592459751,0.0393301528
10,5000,1.1,25,30000,20,1.2,1.0,1.2,-1.7344571884,-0.6351088704,2.91293284,1.7305899074
18,5000,1.1,25,30000,20,1.2,1.0,1.2,-2.9709322817,-1.5266691101,5.0207664082,2.6922916185
26,5000,1.1,25,30000,20,1.2,1.0,1.2,-3.9496237808,-2.3685452301,7.527771544,3.6973834672
0,5000,1.1,25,37000,20,1.2,1.0,1.2,0.0593658453,0.0394134694,0.0593658453,0.0394134694
10,5000,1.1,25,37000,20,1.2,1.0,1.2,-1.7344585507,-0.6331827617,2.9165120129,1.7350567896
18,5000,1.1,25,37000,20,1.2,1.0,1.2,-2.9697709537,-1.5261567107,5.0309465483,2.6975643355
26,5000,1.1,25,37000,20,1.2,1.0,1.2,-3.9433135855,-2.3671711551,7.5449391967,3.7033592607
0,5000,1.1,75,30000,20,1.2,1.0,1.2,0.0547960152,0.0363341982,0.0547960152,0.0363341982
10,5000,1.1,75,30000,20,1.2,1.0,1.2,-1.4126164086,-0.6371492663,2.6667773271,1.6363800895
18,5000,1.1,75,30000,20,1.2,1.0,1.2,-2.8738630253,-1.5351436974,4.6876820268,2.5789121955
26,5000,1.1,75,30000,20,1.2,1.0,1.2,-3.6972116555,-2.3769505377,7.5077894083,3.5950133758
0,5000,1.1,75,37000,20,1.2,1.0,1.2,0.0549385441,0.0364333916,0.0549385441,0.0364333916
10,5000,1.1,75,37000,20,1.2,1.0,1.2,-1.4125374523,-0.6336507964,2.6702519424,1.6422773494
18,5000,1.1,75,37000,20,1.2,1.0,1.2,-2.8723549344,-1.5326951388,4.7019852029,2.5874408386
26,5000,1.1,75,37000,20,1.2,1.0,1.2,-3.684682601,-2.3739784888,7.5387412594,3.6053024819
0,2000,0.9,25,30000,20,1.2,1.0,1.6,0.1543937758,0.1062219329,0.1543937758,0.1062219329
10,2000,0.9,25,30000,20,1.2,1.0,1.6,-0.5831366126,-0.1977761199,1.2186820748,0.782462164
18,2000,0.9,25,30000,20,1.2,1.0,1.6,-1.3923373243,-0.600817263,1.8567706053,1.1373861024
26,2000,0.9,25,30000,20,1.2,1.0,1.6,-2.0254186249,-0.9778629221,2.6077293281,1.5088512558
0,2000,0.9,25,37000,20,1.2,1.0,1.6,0.1202475123,0.0814654461,0.1202475123,0.0814654461
10,2000,0.9,25,37000,20,1.2,1.0,1.6,-0.733527351,-0.2363877063,1.1493428154,0.705759869
18,2000,0.9,25,37000,20,1.2,1.0,1.6,-1.3981198136,-0.6263256074,1.8817599981,1.0844920944
26,2000,0.9,25,37000,20,1.2,1.0,1.6,-2.0530990594,-0.9927521206,2.612262425,1.4707152128
0,2000,0.9,75,30000,20,1.2,1.0,1.6,0.1460939414,0.09869677,0.1460939414,0.09869677
10,2000,0.9,75,30000,20,1.2,1.0,1.6,-0.844578131,-0.2547237018,1.1351149132,0.6798682437
18,2000,0.9,75,30000,20,1.2,1.0,1.6,-1.5185908337,-0.6229218412,1.8504174145,1.0526443267
26,2000,0.9,75,30000,20,1.2,1.0,1.6,-2.1248238181,-1.0126614694,2.59396079,1.4226610111
0,2000,0.9,75,37000,20,1.2,1.0,1.6,0.1499676566,0.1011959782,0.1499676566,0.1011959782
10,2000,0.9,75,37000,20,1.2,1.0,1.6,-0.8501576746,-0.2546503853,1.1231194324,0.6815338926
18,2000,0.9,75,37000,20,1.2,1.0,1.6,-1.5240639155,-0.6227981735,1.841108169,1.055068448
26,2000,0.9,75,37000,20,1.2,1.0,1.6,-2.132042845,-1.006224881,2.59048987,1.4276426751
0,2000,1.1,25,30000,20,1.2,1.0,1.6,0.1018418767,0.0668026678,0.1018418767,0.0668026678
10,2000,1.1,25,30000,20,1.2,1.0,1.6,-0.7967165279,-0.244899532,1.0274815749,0.6883184311
18,2000,1.1,25,30000,20,1.2,1.0,1.6,-1.4487855352,-0.6527806514,1.7696865997,1.0607387941
26,2000,1.1,25,30000,20,1.2,1.0,1.6,-2.1152363885,-0.9989806722,2.4931820895,1.4494711253
0,2000,1.1,25,37000,20,1.2,1.0,1.6,0.1029621051,0.0675787556,0.1029621051,0.0675787556
10,2000,1.1,25,37000,20,1.2,1.0,1.6,-0.7884167258,-0.2436450841,1.0351706653,0.6901141442
18,2000,1.1,25,37000,20,1.2,1.0,1.6,-1.4439936546,-0.6510561883,1.7759864146,1.0630058436
26,2000,1.1,25,37000,20,1.2,1.0,1.6,-2.1151787854,-0.9997771656,2.4993575538,1.4515960293
0,2000,1.1,75,30000,20,1.2,1.0,1.6,0.0890796772,0.0583980453,0.0890796772,0.0583980453
10,2000,1.1,75,30000,20,1.2,1.0,1.6,-0.9312234442,-0.2836210914,0.818069647,0.6573243046
18,2000,1.1,75,30000,20,1.2,1.0,1.6,-1.6033689966,-0.6509645619,1.5530245282,1.0299778242
26,2000,1.1,75,30000,20,1.2,1.0,1.6,-2.2665689334,-1.0195506526,2.2987674696,1.4048226045
0,2000,1.1,75,37000,20,1.2,1.0,1.6,0.0871401371,0.0570989086,0.0871401371,0.0570989086
10,2000,1.1,75,37000,20,1.2,1.0,1.6,-0.9292891446,-0.2848523492,0.8069230059,0.6567330255
18,2000,1.1,75,37000,20,1.2,1.0,1.6,-1.6028320739,-0.6522174827,1.5430057817,1.0301478174
26,2000,1.1,75,37000,20,1.2,1.0,1.6,-2.2683006961,-1.0210373648,2.2905917282,1.4059760823
0,5000,0.9,25,30000,20,1.2,1.0,1.6,0.1543937758,0.1062219329,0.1543937758,0.1062219329
10,5000,0.9,25,30000,20,1.2,1.0,1.6,-1.638873981,-0.7260308632,2.7194895121,1.6324636441
18,5000,0.9,25,30000,20,1.2,1.0,1.6,-2.9663210799,-1.6098452152,4.8995909456,2.6420977681
26,5000,0.9,25,30000,20,1.2,1.0,1.6,-3.9452554658,-2.4445625971,7.4797271871,3.6846758236
0,5000,0.9,25,37000,20,1.2,1.0,1.6,0.1202475123,0.0814654461,0.1202475123,0.0814654461
10,5000,0.9,25,37000,20,1.2,1.0,1.6,-1.6082384892,-0.7094124541,2.8136385409,1.6833333369
18,5000,0.9,25,37000,20,1.2,1.0,1.6,-2.9632276009,-1.6064481323,4.950991063,2.667531627
26,5000,0.9,25,37000,20,1.2,1.0,1.6,-3.9384457362,-2.4433446266,7.5224465012,3.7024687731
0,5000,0.9,75,30000,20,1.2,1.0,1.6,0.1460939414,0.09869677,0.1460939414,0.09869677
10,5000,0.9,75,30000,20,1.2,1.0,1.6,-1.604339542,-0.7246178467,2.7973623693,1.6075531002
18,5000,0.9,75,30000,20,1.2,1.0,1.6,-2.8956120738,-1.6116250446,4.8540653793,2.5740515171
26,5000,0.9,75,30000,20,1.2,1.0,1.6,-3.6835677217,-2.4341019324,7.6254724808,3.6271453195
0,5000,0.9,75,37000,20,1.2,1.0,1.6,0.1499676566,0.1011959782,0.1499676566,0.1011959782
10,5000,0.9,75,37000,20,1.2,1.0,1.6,-1.6134189327,-0.7240156467,2.7927181214,1.6130392898
18,5000,0.9,75,37000,20,1.2,1.0,1.6,-2.8946253499,-1.6117852083,4.8638714336,2.5830088013
26,5000,0.9,75,37000,20,1.2,1.0,1.6,-3.6700946057,-2.4302961878,7.6557815009,3.6399687676
0,5000,1.1,25,30000,20,1.2,1.0,1.6,0.1018418767,0.0668026678,0.1018418767,0.0668026678
10,5000,1.1,25,30000,20,1.2,1.0,1.6,-1.3937151357,-0.6405411768,2.903301614,1.7005879301
18,5000,1.1,25,30000,20,1.2,1.0,1.6,-2.9719743187,-1.5672513986,4.9105425856,2.6776349164
26,5000,1.1,25,30000,20,1.2,1.0,1.6,-4.0122095848,-2.4125987721,7.3557262546,3.7105067198
0,5000,1.1,25,37000,20,1.2,1.0,1.6,0.1029621051,0.0675787556,0.1029621051,0.0675787556
10,5000,1.1,25,37000,20,1.2,1.0,1.6,-1.408622028,-0.6342457078,2.8845239422,1.7081869289
18,5000,1.1,25,37000,20,1.2,1.0,1.6,-2.9763393535,-1.5633699605,4.9093858995,2.6853604638
26,5000,1.1,25,37000,20,1.2,1.0,1.6,-4.0086473844,-2.4109131879,7.3679278643,3.7170358483
0,5000,1.1,75,30000,20,1.2,1.0,1.6,0.0890796772,0.0583980453,0.0890796772,0.0583980453
10,5000,1.1,75,30000,20,1.2,1.0,1.6,-1.4915018924,-0.6710857795,2.6376033183,1.702282483
18,5000,1.1,75,30000,20,1.2,1.0,1.6,-3.0161331168,-1.5810096706,4.6099615661,2.6446680742
26,5000,1.1,75,30000,20,1.2,1.0,1.6,-3.7871472421,-2.3990778846,7.3176589018,3.6803343566
0,5000,1.1,75,37000,20,1.2,1.0,1.6,0.0871401371,0.0570989086,0.0871401371,0.0570989086
10,5000,1.1,75,37000,20,1.2,1.0,1.6,-1.4786616258,-0.6686603107,2.6269296062,1.6919930105
18,5000,1.1,75,37000,20,1.2,1.0,1.6,-2.9930159414,-1.5792725147,4.6460074645,2.6433686894
26,5000,1.1,75,37000,20,1.2,1.0,1.6,-3.7759108954,-2.3967095098,7.3557229745,3.6834496392
0,2000,0.9,25,30000,20,1.2,1.5,0.8,0.1080278436,0.0824258503,0.1080278436,0.0824258503
10,2000,0.9,25,30000,20,1.2,1.5,0.8,-0.8665131035,-0.190224404,1.024740322,0.7807621093
18,2000,0.9,25,30000,20,1.2,1.5,0.8,-1.5431587692,-0.5799835475,1.8266143052,1.1765904928
26,2000,0.9,25,30000,20,1.2,1.5,0.8,-2.129380453,-1.0154710945,2.6533110573,1.5637740842
0,2000,0.9,25,37000,20,1.2,1.5,0.8,0.107822892,0.082290653,0.107822892,0.082290653
10,2000,0.9,25,37000,20,1.2,1.5,0.8,-0.857982536,-0.1893138511,1.0323430482,0.782633297
18,2000,0.9,25,37000,20,1.2,1.5,0.8,-1.5466051907,-0.5793419889,1.8228501905,1.1774751012
26,2000,0.9,25,37000,20,1.2,1.5,0.8,-2.1205319676,-0.9999979897,2.6541691389,1.5677806499
0,2000,0.9,75,30000,20,1.2,1.5,0.8,0.0969266968,0.0740002182,0.0969266968,0.0740002182
10,2000,0.9,75,30000,20,1.2,1.5,0.8,-0.7648719933,-0.1979663524,1.1428351711,0.7615433266
18,2000,0.9,75,30000,20,1.2,1.5,0.8,-1.4538419819,-0.6017539316,1.7343255354,1.1563090177
26,2000,0.9,75,30000,20,1.2,1.5,0.8,-2.1774995915,-0.9883258094,2.4885484701,1.5439976245
0,2000,0.9,75,37000,20,1.2,1.5,0.8,0.0970980687,0.0741347408,0.0970980687,0.0741347408
10,2000,0.9,75,37000,20,1.2,1.5,0.8,-0.7551687509,-0.19975065,1.1601291077,0.7535152826
18,2000,0.9,75,37000,20,1.2,1.5,0.8,-1.578349554,-0.6005068652,1.7205638187,1.169757849
26,2000,0.9,75,37000,20,1.2,1.5,0.8,-2.2269436128,-1.0000961581,2.5133480203,1.5515390914
0,2000,1.1,25,30000,20,1.2,1.5,0.8,0.0664144244,0.0484758876,0.0664144244,0.0484758876
10,2000,1.1,25,30000,20,1.2,1.5,0.8,-0.9069124609,-0.1920549859,1.0212400336,0.7743899757
18,2000,1.1,25,30000,20,1.2,1.5,0.8,-1.5702742491,-0.6064433653,1.8138417698,1.160872539
26,2000,1.1,25,30000,20,1.2,1.5,0.8,-2.1731419324,-0.9976387212,2.6057309963,1.5637312169
0,2000,1.1,25,37000,20,1.2,1.5,0.8,0.0675135293,0.049292283,0.0675135293,0.049292283
10,2000,1.1,25,37000,20,1.2,1.5,0.8,-0.902464417,-0.1902382557,1.0287362494,0.7763043722
18,2000,1.1,25,37000,20,1.2,1.5,0.8,-1.5688142014,-0.6042293452,1.8193741618,1.1633463207
26,2000,1.1,25,37000,20,1.2,1.5,0.8,-2.1681825146,-1.0019073754,2.6054052891,1.5640600733
0,2000,1.1,75,30000,20,1.2,1.5,0.8,0.0622834343,0.0453189213,0.0622834343,0.0453189213
10,2000,1.1,75,30000,20,1.2,1.5,0.8,-1.2147015012,-0.1563221246,0.4027759725,0.8872621386
18,2000,1.1,75,30000,20,1.2,1.5,0.8,-1.8670516006,-0.5511603697,1.2351754422,1.2598708195
26,2000,1.1,75,30000,20,1.2,1.5,0.8,-2.410588715,-1.0086830718,2.0713825437,1.6204071731
0,2000,1.1,75,37000,20,1.2,1.5,0.8,0.0624047942,0.0454140644,0.0624047942,0.0454140644
10,2000,1.1,75,37000,20,1.2,1.5,0.8,-1.230780403,-0.1528603004,0.3933692269,0.8880397596
18,2000,1.1,75,37000,20,1.2,1.5,0.8,-1.8787126623,-0.5484665743,1.2289183877,1.2614156597
26,2000,1.1,75,37000,20,1.2,1.5,0.8,-2.4293967483,-0.9955641522,2.0489738489,1.6266628502
0,5000,0.9,25,30000,20,1.2,1.5,0.8,0.1080278436,0.0824258503,0.1080278436,0.0824258503
10,5000,0.9,25,30000,20,1.2,1.5,0.8,-1.7451972892,-0.6384172836,2.7070076282,1.8208335119
18,5000,0.9,25,30000,20,1.2,1.5,0.8,-3.0614082528,-1.6364703921,5.0912977149,2.8024275366
26,5000,0.9,25,30000,20,1.2,1.5,0.8,-4.1206603289,-2.6183708892,7.7880658929,3.7911859371
0,5000,0.9,25,37000,20,1.2,1.5,0.8,0.107822892,0.082290653,0.107822892,0.082290653
10,5000,0.9,25,37000,20,1.2,1.5,0.8,-1.6012635456,-0.6295542142,2.9123855318,1.8919064501
18,5000,0.9,25,37000,20,1.2,1.5,0.8,-3.0375419553,-1.6283581838,5.1420311588,2.8572584831
26,5000,0.9,25,37000,20,1.2,1.5,0.8,-4.1070248896,-2.6144464834,7.8086621167,3.826261735
0,5000,0.9,75,30000,20,1.2,1.5,0.8,0.0969266968,0.0740002182,0.0969266968,0.0740002182
10,5000,0.9,75,30000,20,1.2,1.5,0.8,-1.3646743549,-0.5991498733,3.4578330289,1.9323661277
18,5000,0.9,75,30000,20,1.2,1.5,0.8,-2.9028749847,-1.5982329189,5.4055111793,2.8669752287
26,5000,0.9,75,30000,20,1.2,1.5,0.8,-3.8230472358,-2.6231960283,8.1656791478,3.7800112312
0,5000,0.9,75,37000,20,1.2,1.5,0.8,0.0970980687,0.0741347408,0.0970980687,0.0741347408
10,5000,0.9,75,37000,20,1.2,1.5,0.8,-1.7134302064,-0.6173651687,2.9478791547,1.9763477198
18,5000,0.9,75,37000,20,1.2,1.5,0.8,-2.9534539739,-1.6096882146,5.0686437462,2.8961363307
26,5000,0.9,75,37000,20,1.2,1.5,0.8,-3.8173958736,-2.6333421353,8.0637755464,3.7939437992
0,5000,1.1,25,30000,20,1.2,1.5,0.8,0.0664144244,0.0484758876,0.0664144244,0.0484758876
10,5000,1.1,25,30000,20,1.2,1.5,0.8,-1.6583868966,-0.5349782545,3.2206771461,2.0626951689
18,5000,1.1,25,30000,20,1.2,1.5,0.8,-3.0632917855,-1.5562303247,5.2650698644,2.9639182189
26,5000,1.1,25,30000,20,1.2,1.5,0.8,-4.1382181126,-2.5413608201,7.7853992684,3.9130438256
0,5000,1.1,25,37000,20,1.2,1.5,0.8,0.0675135293,0.049292283,0.0675135293,0.049292283
10,5000,1.1,25,37000,20,1.2,1.5,0.8,-1.7149526934,-0.5252116709,3.1572557909,2.0656184784
18,5000,1.1,25,37000,20,1.2,1.5,0.8,-3.0708838971,-1.5583707503,5.24828504,2.9635862311
26,5000,1.1,25,37000,20,1.2,1.5,0.8,-4.1416932871,-2.5355443592,7.7964683721,3.9215429467
0,5000,1.1,75,30000,20,1.2,1.5,0.8,0.0622834343,0.0453189213,0.0622834343,0.0453189213
10,5000,1.1,75,30000,20,1.2,1.5,0.8,-1.7796842244,-0.5987944748,2.7868136705,1.8669081761
18,5000,1.1,75,30000,20,1.2,1.5,0.8,-3.0650164992,-1.5830098265,4.8516616284,2.8180435301
26,5000,1.1,75,30000,20,1.2,1.5,0.8,-3.8908309937,-2.5815000424,7.736543679,3.7700633159
0,5000,1.1,75,37000,20,1.2,1.5,0.8,0.0624047942,0.0454140644,0.0624047942,0.0454140644
10,5000,1.1,75,37000,20,1.2,1.5,0.8,-1.7747868911,-0.5926083824,2.8370793515,1.8525450096
18,5000,1.1,75,37000,20,1.2,1.5,0.8,-3.0705671148,-1.5826512293,4.9126141279,2.806520913
26,5000,1.1,75,37000,20,1.2,1.5,0.8,-3.8844740869,-2.5786807718,7.7665660839,3.7650144429
0,2000,0.9,25,30000,20,1.2,1.5,1.2,0.1245605492,0.0922483284,0.1245605492,0.0922483284
10,2000,0.9,25,30000,20,1.2,1.5,1.2,-0.8776830803,-0.2079143544,1.0244390039,0.7722040437
18,2000,0.9,25,30000,20,1.2,1.5,1.2,-1.5367205089,-0.6151466507,1.8155431762,1.171953697
26,2000,0.9,25,30000,20,1.2,1.5,1.2,-2.1323759755,-1.0304182841,2.6026689382,1.5763007495
0,2000,0.9,25,37000,20,1.2,1.5,1.2,0.1245877239,0.0922171891,0.1245877239,0.0922171891
10,2000,0.9,25,37000,20,1.2,1.5,1.2,-0.7764731147,-0.2202105293,1.0689759412,0.7860963168
18,2000,0.9,25,37000,20,1.2,1.5,1.2,-1.4831954227,-0.613735522,1.8291994649,1.1833497959
26,2000,0.9,25,37000,20,1.2,1.5,1.2,-2.1470618207,-1.0107129082,2.6407117998,1.588934173
0,2000,0.9,75,30000,20,1.2,1.5,1.2,0.1359622861,0.1018003916,0.1359622861,0.1018003916
10,2000,0.9,75,30000,20,1.2,1.5,1.2,-0.8528138493,-0.2255633682,1.0987518407,0.758036546
18,2000,0.9,75,30000,20,1.2,1.5,1.2,-1.6234978825,-0.6141039452,1.6947606207,1.1670426731
26,2000,0.9,75,30000,20,1.2,1.5,1.2,-2.2818725029,-1.0081182052,2.4729621306,1.5607380058
0,2000,0.9,75,37000,20,1.2,1.5,1.2,0.1411875511,0.1055012493,0.1411875511,0.1055012493
10,2000,0.9,75,37000,20,1.2,1.5,1.2,-0.8947877991,-0.2230194386,1.0444384119,0.7643269429
18,2000,0.9,75,37000,20,1.2,1.5,1.2,-1.6040822585,-0.6137006063,1.7776018399,1.1558503001
26,2000,0.9,75,37000,20,1.2,1.5,1.2,-2.2670904965,-1.007160207,2.5450224847,1.5506445609
0,2000,1.1,25,30000,20,1.2,1.5,1.2,0.0778475755,0.0548136972,0.0778475755,0.0548136972
10,2000,1.1,25,30000,20,1.2,1.5,1.2,-1.0227518216,-0.2001426798,0.7281834992,0.8841452445
18,2000,1.1,25,30000,20,1.2,1.5,1.2,-1.6529018551,-0.6004224185,1.5952822158,1.2626789792
26,2000,1.1,25,30000,20,1.2,1.5,1.2,-2.2505888878,-1.0247123921,2.4558098306,1.6423491039
0,2000,1.1,25,37000,20,1.2,1.5,1.2,0.077986749,0.0549234842,0.077986749,0.0549234842
10,2000,1.1,25,37000,20,1.2,1.5,1.2,-1.0307150198,-0.1986650149,0.7216327332,0.8848688596
18,2000,1.1,25,37000,20,1.2,1.5,1.2,-1.659180489,-0.5992167584,1.5929025391,1.2637080417
26,2000,1.1,25,37000,20,1.2,1.5,1.2,-2.2518397905,-1.0223868424,2.4541829337,1.6439433216
0,2000,1.1,75,30000,20,1.2,1.5,1.2,0.0728122722,0.0510580548,0.0728122722,0.0510580549
10,2000,1.1,75,30000,20,1.2,1.5,1.2,-0.9754485301,-0.2389238946,0.6286596371,0.7908485311
18,2000,1.1,75,30000,20,1.2,1.5,1.2,-1.6737524256,-0.6301639066,1.3908654539,1.1802439757
26,2000,1.1,75,30000,20,1.2,1.5,1.2,-2.3520485183,-1.0246119868,2.191232037,1.5714518345
0,2000,1.1,75,37000,20,1.2,1.5,1.2,0.072957882,0.0511693992,0.072957882,0.0511693992
10,2000,1.1,75,37000,20,1.2,1.5,1.2,-0.9705772497,-0.2381732749,0.6288627465,0.7926081682
18,2000,1.1,75,37000,20,1.2,1.5,1.2,-1.6705229944,-0.6293887643,1.3902430004,1.1825101926
26,2000,1.1,75,37000,20,1.2,1.5,1.2,-2.3504242859,-1.0238736124,2.1910542721,1.5745734568
0,5000,0.9,25,30000,20,1.2,1.5,1.2,0.1245605492,0.0922483284,0.1245605492,0.0922483284
10,5000,0.9,25,30000,20,1.2,1.5,1.2,-1.4952791827,-0.6951683642,2.9429059315,1.802258807
18,5000,0.9,25,30000,20,1.2,1.5,1.2,-3.0485954887,-1.6837762803,5.0693308108,2.8252678471
26,5000,0.9,25,30000,20,1.2,1.5,1.2,-4.0859028667,-2.6368066032,7.6730649269,3.8621819563
0,5000,0.9,25,37000,20,1.2,1.5,1.2,0.1245877239,0.0922171891,0.1245877239,0.0922171891
10,5000,0.9,25,37000,20,1.2,1.5,1.2,-1.5024486248,-0.6945481883,2.9323147443,1.8040955676
18,5000,0.9,25,37000,20,1.2,1.5,1.2,-3.0504365503,-1.6834659538,5.0679069544,2.8285949913
26,5000,0.9,25,37000,20,1.2,1.5,1.2,-4.0824239409,-2.6348532111,7.6867879401,3.8667879464
0,5000,0.9,75,30000,20,1.2,1.5,1.2,0.1359622861,0.1018003916,0.1359622861,0.1018003916
10,5000,0.9,75,30000,20,1.2,1.5,1.2,-2.0732314283,-0.7027423424,2.2728424533,1.76006428
18,5000,0.9,75,30000,20,1.2,1.5,1.2,-3.1148975883,-1.6829949908,4.7340960375,2.7424310317
26,5000,0.9,75,30000,20,1.2,1.5,1.2,-3.901277893,-2.6506662483,7.71342814,3.7552532996
0,5000,0.9,75,37000,20,1.2,1.5,1.2,0.1411875511,0.1055012493,0.1411875511,0.1055012493
10,5000,0.9,75,37000,20,1.2,1.5,1.2,-1.3616800855,-0.7143750747,3.0921896597,1.7561778285
18,5000,0.9,75,37000,20,1.2,1.5,1.2,-2.9803272062,-1.6957867151,5.0361512654,2.7491607822
26,5000,0.9,75,37000,20,1.2,1.5,1.2,-3.8159747169,-2.6582216829,7.824863605,3.7686356261
0,5000,1.1,25,30000,20,1.2,1.5,1.2,0.0778475755,0.0548136972,0.0778475755,0.0548136972
10,5000,1.1,25,30000,20,1.2,1.5,1.2,-1.6763182145,-0.6331326806,3.0783751679,1.9554928326
18,5000,1.1,25,30000,20,1.2,1.5,1.2,-3.1182793044,-1.6303678691,5.1012892005,2.9276994616
26,5000,1.1,25,30000,20,1.2,1.5,1.2,-4.1737652926,-2.5831467587,7.6002619156,3.9386885855
0,5000,1.1,25,37000,20,1.2,1.5,1.2,0.077986749,0.0549234842,0.077986749,0.0549234842
10,5000,1.1,25,37000,20,1.2,1.5,1.2,-1.6851713768,-0.6296216601,3.0401052527,1.9402859057
18,5000,1.1,25,37000,20,1.2,1.5,1.2,-3.1200652817,-1.6299669075,5.0873512144,2.9176554761
26,5000,1.1,25,37000,20,1.2,1.5,1.2,-4.1727493089,-2.5834274983,7.5994944184,3.937087343
0,5000,1.1,75,30000,20,1.2,1.5,1.2,0.0728122722,0.0510580549,0.0728122722,0.0510580549
10,5000,1.1,75,30000,20,1.2,1.5,1.2,-1.4936182878,-0.6667637642,2.7509250373,1.7866968528
18,5000,1.1,75,30000,20,1.2,1.5,1.2,-3.1326434713,-1.6482666028,4.734119217,2.7819102843
26,5000,1.1,75,30000,20,1.2,1.5,1.2,-3.9549564106,-2.6065738971,7.4293581656,3.800423378
0,5000,1.1,75,37000,20,1.2,1.5,1.2,0.072957882,0.0511693992,0.072957882,0.0511693992
10,5000,1.1,75,37000,20,1.2,1.5,1.2,-1.4867490391,-0.6650503319,2.7533715326,1.7897117779
18,5000,1.1,75,37000,20,1.2,1.5,1.2,-3.128843271,-1.6473185622,4.7408197499,2.7870770568
26,5000,1.1,75,37000,20,1.2,1.5,1.2,-3.9496995579,-2.6052040526,7.4460920204,3.8069882862
0,2000,0.9,25,30000,20,1.2,1.5,1.6,0.1353894565,0.0993747302,0.1353894565,0.0993747302
10,2000,0.9,25,30000,20,1.2,1.5,1.6,-0.8333961382,-0.231416767,1.0630303837,0.8045628295
18,2000,0.9,25,30000,20,1.2,1.5,1.6,-1.5270195541,-0.6316953835,1.8270858958,1.2100826045
26,2000,0.9,25,30000,20,1.2,1.5,1.6,-2.1705489478,-1.0475234769,2.640431696,1.6187236865
0,2000,0.9,25,37000,20,1.2,1.5,1.6,0.1547142082,0.1156292016,0.1547142082,0.1156292016
10,2000,0.9,25,37000,20,1.2,1.5,1.6,-0.8649753948,-0.2213686909,1.0920885453,0.7912218656
18,2000,0.9,25,37000,20,1.2,1.5,1.6,-1.5130587755,-0.622635488,1.885141685,1.2018437356
26,2000,0.9,25,37000,20,1.2,1.5,1.6,-2.1542782541,-1.0607857411,2.6733048221,1.605377399
0,2000,0.9,75,30000,20,1.2,1.5,1.6,0.1243417936,0.0911426887,0.1243417936,0.0911426887
10,2000,0.9,75,30000,20,1.2,1.5,1.6,-0.8656698039,-0.2584865302,0.9678791953,0.7551470329
18,2000,0.9,75,30000,20,1.2,1.5,1.6,-1.575369412,-0.6559019463,1.7014994663,1.1547936944
26,2000,0.9,75,30000,20,1.2,1.5,1.6,-2.2766627002,-1.0545495425,2.4523942654,1.5579259092
0,2000,0.9,75,37000,20,1.2,1.5,1.6,0.1245856538,0.0913279435,0.1245856538,0.0913279435
10,2000,0.9,75,37000,20,1.2,1.5,1.6,-0.857765033,-0.259406616,0.9687932012,0.7560309927
18,2000,0.9,75,37000,20,1.2,1.5,1.6,-1.5685183393,-0.6568659038,1.7024041832,1.1559843719
26,2000,0.9,75,37000,20,1.2,1.5,1.6,-2.2712846272,-1.0554718623,2.4539398462,1.5597755117
0,2000,1.1,25,30000,20,1.2,1.5,1.6,0.0886472767,0.0615384268,0.0886472767,0.0615384268
10,2000,1.1,25,30000,20,1.2,1.5,1.6,-0.9605203541,-0.2420653275,0.8994895533,0.8039528893
18,2000,1.1,25,30000,20,1.2,1.5,1.6,-1.6232395909,-0.6431361377,1.6993006358,1.2085153158
26,2000,1.1,25,30000,20,1.2,1.5,1.6,-2.2547697955,-1.0659711157,2.5301963563,1.6113154367
0,2000,1.1,25,37000,20,1.2,1.5,1.6,0.0887932555,0.0616490228,0.0887932555,0.0616490235
10,2000,1.1,25,37000,20,1.2,1.5,1.6,-0.9603456146,-0.2412617868,0.9028234016,0.8043311343
18,2000,1.1,25,37000,20,1.2,1.5,1.6,-1.6237445238,-0.6424154896,1.7022468813,1.209551467
26,2000,1.1,25,37000,20,1.2,1.5,1.6,-2.2553279064,-1.0652799241,2.53373058,1.6128573829
0,2000,1.1,75,30000,20,1.2,1.5,1.6,0.083192579,0.0575030384,0.083192579,0.0575030384
10,2000,1.1,75,30000,20,1.2,1.5,1.6,-1.1436851597,-0.2595047569,0.6308856853,0.7631483209
18,2000,1.1,75,30000,20,1.2,1.5,1.6,-1.8168680416,-0.6571452366,1.4135091407,1.1653399704
26,2000,1.1,75,30000,20,1.2,1.5,1.6,-2.4676888131,-1.0577672061,2.2112359876,1.5681598654
0,2000,1.1,75,37000,20,1.2,1.5,1.6,0.0833647828,0.0576336597,0.0833647828,0.0576336597
10,2000,1.1,75,37000,20,1.2,1.5,1.6,-1.0465696814,-0.2539405057,0.7922820291,0.7887292675
18,2000,1.1,75,37000,20,1.2,1.5,1.6,-1.7509320642,-0.6525192215,1.5178937124,1.1876093638
26,2000,1.1,75,37000,20,1.2,1.5,1.6,-2.4191395382,-1.0529673264,2.3002316541,1.589073941
0,5000,0.9,25,30000,20,1.2,1.5,1.6,0.1353894565,0.0993747302,0.1353894565,0.0993747302
10,5000,0.9,25,30000,20,1.2,1.5,1.6,-1.5532976606,-0.7355145901,2.8275342085,1.7898820729
18,5000,0.9,25,30000,20,1.2,1.5,1.6,-3.1262323891,-1.7364857634,4.9604868128,2.8493616728
26,5000,0.9,25,30000,20,1.2,1.5,1.6,-4.1442353725,-2.6883396941,7.5469633101,3.9277780236
0,5000,0.9,25,37000,20,1.2,1.5,1.6,0.1547142082,0.1156292016,0.1547142082,0.1156292016
10,5000,0.9,25,37000,20,1.2,1.5,1.6,-1.5899654321,-0.735792215,2.7861161682,1.8012087204
18,5000,0.9,25,37000,20,1.2,1.5,1.6,-3.1338397096,-1.7379350111,4.9486143077,2.8600032364
26,5000,0.9,25,37000,20,1.2,1.5,1.6,-4.1525711124,-2.6835945916,7.5417375222,3.9398874532
0,5000,0.9,75,30000,20,1.2,1.5,1.6,0.1243417936,0.0911426887,0.1243417936,0.0911426887
10,5000,0.9,75,30000,20,1.2,1.5,1.6,-1.8345192659,-0.7230788925,2.1350689492,1.9338444067
18,5000,0.9,75,30000,20,1.2,1.5,1.6,-3.2202329996,-1.7197448848,4.3752107045,2.928128743
26,5000,0.9,75,30000,20,1.2,1.5,1.6,-3.9849116412,-2.6732721067,7.2777004383,3.9676518036
0,5000,0.9,75,37000,20,1.2,1.5,1.6,0.1245856538,0.0913279435,0.1245856538,0.0913279435
10,5000,0.9,75,37000,20,1.2,1.5,1.6,-1.8966517085,-0.7441806944,2.3221361273,1.775773752
18,5000,0.9,75,37000,20,1.2,1.5,1.6,-3.2257919612,-1.7348384357,4.5479084456,2.8015786693
26,5000,0.9,75,37000,20,1.2,1.5,1.6,-3.9803712889,-2.6848668583,7.4345634856,3.8671956863
0,5000,1.1,25,30000,20,1.2,1.5,1.6,0.0886472767,0.0615384268,0.0886472767,0.0615384268
10,5000,1.1,25,30000,20,1.2,1.5,1.6,-1.5155959423,-0.6941109692,2.9233238968,1.8273998
18,5000,1.1,25,30000,20,1.2,1.5,1.6,-3.1782497333,-1.701764763,4.9655198825,2.878119564
26,5000,1.1,25,30000,20,1.2,1.5,1.6,-4.2510181782,-2.6590145605,7.4302779277,3.9613796967
0,5000,1.1,25,37000,20,1.2,1.5,1.6,0.0887932555,0.0616490228,0.0887932555,0.0616490228
10,5000,1.1,25,37000,20,1.2,1.5,1.6,-1.5139790358,-0.6932920608,2.929426019,1.8290132305
18,5000,1.1,25,37000,20,1.2,1.5,1.6,-3.1767344542,-1.701457635,4.9735545148,2.8808773913
26,5000,1.1,25,37000,20,1.2,1.5,1.6,-4.2482126504,-2.6589121083,7.4435587454,3.965398233
0,5000,1.1,75,30000,20,1.2,1.5,1.6,0.083192579,0.0575030384,0.083192579,0.0575030384
10,5000,1.1,75,30000,20,1.2,1.5,1.6,-1.5028753519,-0.702314199,2.621423254,1.7940436008
18,5000,1.1,75,30000,20,1.2,1.5,1.6,-3.2057393677,-1.7051333496,4.5831754513,2.810529201
26,5000,1.1,75,30000,20,1.2,1.5,1.6,-4.1038410633,-2.6657960138,7.2234229304,3.8658394077
0,5000,1.1,75,37000,20,1.2,1.5,1.6,0.0833647828,0.0576336597,0.0833647828,0.0576336597
10,5000,1.1,75,37000,20,1.2,1.5,1.6,-1.5035536463,-0.7005912398,2.6232255808,1.7973836553
18,5000,1.1,75,37000,20,1.2,1.5,1.6,-3.2050713976,-1.7039980613,4.5909586668,2.816048246
26,5000,1.1,75,37000,20,1.2,1.5,1.6,-4.0981584524,-2.6652771801,7.2397138687,3.8721830342
0,2000,0.9,25,30000,20,1.2,2.0,0.8,0.1376584278,0.1084231706,0.1376584278,0.1084231706
10,2000,0.9,25,30000,20,1.2,2.0,0.8,-0.8784580343,-0.161216135,1.0459328018,0.8813053212
18,2000,0.9,25,30000,20,1.2,2.0,0.8,-1.6082181857,-0.5664272003,1.8584187662,1.2842745556
26,2000,0.9,25,30000,20,1.2,2.0,0.8,-2.3060894712,-0.9812894394,2.7143862627,1.6889906262
0,2000,0.9,25,37000,20,1.2,2.0,0.8,0.1378224033,0.1085581539,0.1378224033,0.1085581539
10,2000,0.9,25,37000,20,1.2,2.0,0.8,-0.8798232341,-0.1604123149,1.0439302527,0.883375907
18,2000,0.9,25,37000,20,1.2,2.0,0.8,-1.6095713728,-0.5656875829,1.8570929378,1.2864260712
26,2000,0.9,25,37000,20,1.2,2.0,0.8,-2.3067334646,-0.9807337552,2.7145597699,1.6912322501
0,2000,0.9,75,30000,20,1.2,2.0,0.8,0.1211176846,0.0952119319,0.1211176846,0.0952119319
10,2000,0.9,75,30000,20,1.2,2.0,0.8,-1.0765516403,-0.1609210684,0.8017659064,0.8879049023
18,2000,0.9,75,30000,20,1.2,2.0,0.8,-1.8093519204,-0.5621217281,1.5936013486,1.2851813272
26,2000,0.9,75,30000,20,1.2,2.0,0.8,-2.4708358668,-0.9825545016,2.4415304319,1.6772895099
0,2000,0.9,75,37000,20,1.2,2.0,0.8,0.1212871822,0.0953520202,0.1212871822,0.0953520202
10,2000,0.9,75,37000,20,1.2,2.0,0.8,-1.0764097756,-0.159916423,0.8011975077,0.8892912282
18,2000,0.9,75,37000,20,1.2,2.0,0.8,-1.8101199869,-0.5609999366,1.5926771195,1.286996529
26,2000,0.9,75,37000,20,1.2,2.0,0.8,-2.4721867091,-0.9808736959,2.4413198009,1.679964903
0,2000,1.1,25,30000,20,1.2,2.0,0.8,0.1138653095,0.0860902272,0.1138653095,0.0860902272
10,2000,1.1,25,30000,20,1.2,2.0,0.8,-0.9544843341,-0.1678047461,1.0281169014,0.8819117626
18,2000,1.1,25,30000,20,1.2,2.0,0.8,-1.6817664206,-0.574899188,1.8350397142,1.2824499612
26,2000,1.1,25,30000,20,1.2,2.0,0.8,-2.3567147277,-1.0076004309,2.6964715062,1.6768001702
0,2000,1.1,25,37000,20,1.2,2.0,0.8,0.1073452087,0.0807867596,0.1073452087,0.0807867596
10,2000,1.1,25,37000,20,1.2,2.0,0.8,-0.9989322662,-0.1373321793,0.9997624797,0.9003188636
18,2000,1.1,25,37000,20,1.2,2.0,0.8,-1.699732147,-0.550094946,1.833742135,1.2958267333
26,2000,1.1,25,37000,20,1.2,2.0,0.8,-2.3384280415,-1.0247843157,2.6940832284,1.677698158
0,2000,1.1,75,30000,20,1.2,2.0,0.8,0.0774852985,0.0570090535,0.0774852985,0.0570090535
10,2000,1.1,75,30000,20,1.2,2.0,0.8,-1.0530537847,-0.173568777,1.0309025167,0.8157802768
18,2000,1.1,75,30000,20,1.2,2.0,0.8,-1.7490206376,-0.5805067316,1.842728334,1.2095067643
26,2000,1.1,75,30000,20,1.2,2.0,0.8,-2.463483772,-0.9870879527,2.6391947479,1.6107526453
0,2000,1.1,75,37000,20,1.2,2.0,0.8,0.0776146815,0.0571156947,0.0776146815,0.0571156947
10,2000,1.1,75,37000,20,1.2,2.0,0.8,-1.054038967,-0.172691549,1.0315503759,0.816519423
18,2000,1.1,75,37000,20,1.2,2.0,0.8,-1.7493400316,-0.5798282719,1.8446059059,1.2102533071
26,2000,1.1,75,37000,20,1.2,2.0,0.8,-2.4640865833,-0.9864184786,2.6415620379,1.6120350267
0,5000,0.9,25,30000,20,1.2,2.0,0.8,0.1376584278,0.1084231706,0.1376584278,0.1084231706
10,5000,0.9,25,30000,20,1.2,2.0,0.8,-1.469350763,-0.6455685421,3.116105878,1.9015467509
18,5000,0.9,25,30000,20,1.2,2.0,0.8,-3.2151717947,-1.6876258767,5.2964033922,2.926364367
26,5000,0.9,25,30000,20,1.2,2.0,0.8,-4.3901164239,-2.7346808217,7.9556549616,3.9219170406
0,5000,0.9,25,37000,20,1.2,2.0,0.8,0.1378224033,0.1085581539,0.1378224033,0.1085581539
10,5000,0.9,25,37000,20,1.2,2.0,0.8,-1.4678251451,-0.6443382304,3.1213765521,1.9034837059
18,5000,0.9,25,37000,20,1.2,2.0,0.8,-3.2139910383,-1.6871191913,5.3026838482,2.9286550061
26,5000,0.9,25,37000,20,1.2,2.0,0.8,-4.3868818524,-2.7351561117,7.9648636673,3.923455002
0,5000,0.9,75,30000,20,1.2,2.0,0.8,0.1211176846,0.0952119319,0.1211176846,0.0952119319
10,5000,0.9,75,30000,20,1.2,2.0,0.8,-1.8647963367,-0.5714184711,2.1931252888,2.2147877275
18,5000,0.9,75,30000,20,1.2,2.0,0.8,-3.3609695173,-1.6248580591,4.5231822855,3.1494722976
26,5000,0.9,75,30000,20,1.2,2.0,0.8,-4.2221208784,-2.728333498,7.6565606684,4.0214482711
0,5000,0.9,75,37000,20,1.2,2.0,0.8,0.1212871822,0.0953520202,0.1212871822,0.0953520202
10,5000,0.9,75,37000,20,1.2,2.0,0.8,-1.7938693251,-0.5756830816,2.3032427199,2.2238610453
18,5000,0.9,75,37000,20,1.2,2.0,0.8,-3.324712889,-1.6281346659,4.6219514237,3.1591634218
26,5000,0.9,75,37000,20,1.2,2.0,0.8,-4.2047045394,-2.7269406968,7.6798492556,4.0411609773
0,5000,1.1,25,30000,20,1.2,2.0,0.8,0.1138653095,0.0860902272,0.1138653095,0.0860902272
10,5000,1.1,25,30000,20,1.2,2.0,0.8,-1.419455449,-0.5944154853,3.1579051105,1.9467846562
18,5000,1.1,25,30000,20,1.2,2.0,0.8,-3.2464646557,-1.6338681797,5.2771004555,2.9768371099
26,5000,1.1,25,30000,20,1.2,2.0,0.8,-4.4677228812,-2.6764949151,7.8475760626,3.9774473671
0,5000,1.1,25,37000,20,1.2,2.0,0.8,0.1073452087,0.0807867596,0.1073452087,0.0807867596
10,5000,1.1,25,37000,20,1.2,2.0,0.8,-1.7970257703,-0.6050582406,3.0441835626,1.9546225237
18,5000,1.1,25,37000,20,1.2,2.0,0.8,-3.3082837807,-1.6501214962,5.3190550238,3.0106041525
26,5000,1.1,25,37000,20,1.2,2.0,0.8,-4.460302331,-2.6850140909,7.8815762436,3.9908560615
0,5000,1.1,75,30000,20,1.2,2.0,0.8,0.0774852985,0.0570090535,0.0774852985,0.0570090535
10,5000,1.1,75,30000,20,1.2,2.0,0.8,-2.1493074305,-0.508202452,2.13707652,2.1117356314
18,5000,1.1,75,30000,20,1.2,2.0,0.8,-3.5011860077,-1.5727025654,4.6422332073,3.0433040805
26,5000,1.1,75,30000,20,1.2,2.0,0.8,-4.3550933658,-2.6639877519,7.5487100655,3.9589322231
0,5000,1.1,75,37000,20,1.2,2.0,0.8,0.0776146815,0.0571156947,0.0776146815,0.0571156947
10,5000,1.1,75,37000,20,1.2,2.0,0.8,-2.1629327138,-0.527228912,2.2975432505,2.0280484665
18,5000,1.1,75,37000,20,1.2,2.0,0.8,-3.4886666835,-1.5900648581,4.8045316855,2.9763604007
26,5000,1.1,75,37000,20,1.2,2.0,0.8,-4.3406659859,-2.6793521028,7.6645253231,3.9061259769
0,2000,0.9,25,30000,20,1.2,2.0,1.2,0.1554333743,0.1196668654,0.1554333743,0.1196668654
10,2000,0.9,25,30000,20,1.2,2.0,1.2,-0.8702244924,-0.1859065036,1.0866593274,0.8900916293
18,2000,0.9,25,30000,20,1.2,2.0,1.2,-1.6036622667,-0.6002096501,1.8634403267,1.3051109126
26,2000,0.9,25,30000,20,1.2,2.0,1.2,-2.2950625761,-1.0221429081,2.7052550548,1.7216457907
0,2000,0.9,25,37000,20,1.2,2.0,1.2,0.1556228184,0.1198201771,0.1556228184,0.1198201771
10,2000,0.9,25,37000,20,1.2,2.0,1.2,-0.870856102,-0.1852717176,1.0875741825,0.8910306531
18,2000,0.9,25,37000,20,1.2,2.0,1.2,-1.6043141162,-0.599637331,1.8646556769,1.3062331628
26,2000,0.9,25,37000,20,1.2,2.0,1.2,-2.2955179807,-1.0216905336,2.7070709616,1.7230722415
0,2000,0.9,75,30000,20,1.2,2.0,1.2,0.13726985,0.1053668881,0.13726985,0.1053668881
10,2000,0.9,75,30000,20,1.2,2.0,1.2,-1.0849510642,-0.1879448497,0.8850671685,0.8657811579
18,2000,0.9,75,30000,20,1.2,2.0,1.2,-1.8114800346,-0.5982425569,1.6595080189,1.275254774
26,2000,0.9,75,30000,20,1.2,2.0,1.2,-2.4551793688,-1.0746078612,2.4681076303,1.6711761596
0,2000,0.9,75,37000,20,1.2,2.0,1.2,0.137469241,0.1055288287,0.137469241,0.1055288287
10,2000,0.9,75,37000,20,1.2,2.0,1.2,-1.0924957127,-0.1879414524,0.8764515939,0.8672652892
18,2000,0.9,75,37000,20,1.2,2.0,1.2,-1.8126286262,-0.5982744105,1.657914839,1.2772257387
26,2000,0.9,75,37000,20,1.2,2.0,1.2,-2.4578781986,-1.0693392992,2.469242178,1.6746348337
0,2000,1.1,25,30000,20,1.2,2.0,1.2,0.0998245739,0.0719990986,0.0998245739,0.0719990986
10,2000,1.1,25,30000,20,1.2,2.0,1.2,-0.8924457095,-0.1942197118,1.2004165097,0.8261459105
18,2000,1.1,25,30000,20,1.2,2.0,1.2,-1.6284310269,-0.6084215263,1.9705650654,1.2412407483
26,2000,1.1,25,30000,20,1.2,2.0,1.2,-2.2988175697,-1.0745372977,2.7694972894,1.6559839891
0,2000,1.1,25,37000,20,1.2,2.0,1.2,0.1006718062,0.0726942781,0.1006718062,0.0726942781
10,2000,1.1,25,37000,20,1.2,2.0,1.2,-0.9075813116,-0.1926155815,1.1886428035,0.8291766822
18,2000,1.1,25,37000,20,1.2,2.0,1.2,-1.636798209,-0.6074324137,1.9649402238,1.2440750773
26,2000,1.1,25,37000,20,1.2,2.0,1.2,-2.3025868713,-1.0756908444,2.7692751496,1.6572238964
0,2000,1.1,75,30000,20,1.2,2.0,1.2,0.1012465582,0.0734621519,0.1012465582,0.0734621519
10,2000,1.1,75,30000,20,1.2,2.0,1.2,-0.9970473946,-0.1559214147,1.1593540403,0.850257376
18,2000,1.1,75,30000,20,1.2,2.0,1.2,-1.7135901391,-0.5698905305,1.9354088796,1.257402112
26,2000,1.1,75,30000,20,1.2,2.0,1.2,-2.4219825164,-1.0073832298,2.7046343554,1.6615874046
0,2000,1.1,75,37000,20,1.2,2.0,1.2,0.1300581785,0.0956501299,0.1300581785,0.0956501299
10,2000,1.1,75,37000,20,1.2,2.0,1.2,-1.1661690002,-0.1654627009,0.6074855672,0.9512090412
18,2000,1.1,75,37000,20,1.2,2.0,1.2,-1.880403803,-0.57864048,1.4063822825,1.3549795273
26,2000,1.1,75,37000,20,1.2,2.0,1.2,-2.5337027015,-1.0956025156,2.1956917094,1.7379378002
0,5000,0.9,25,30000,20,1.2,2.0,1.2,0.1554333743,0.1196668654,0.1554333743,0.1196668654
10,5000,0.9,25,30000,20,1.2,2.0,1.2,-1.7957949871,-0.7153154241,2.931545965,1.9099669835
18,5000,0.9,25,30000,20,1.2,2.0,1.2,-3.316432779,-1.7773387618,5.2034299542,2.9819590091
26,5000,0.9,25,30000,20,1.2,2.0,1.2,-4.3909044796,-2.8015627347,7.7993464407,4.0327004126
0,5000,0.9,25,37000,20,1.2,2.0,1.2,0.1556228184,0.1198201771,0.1556228184,0.1198201771
10,5000,0.9,25,37000,20,1.2,2.0,1.2,-1.7930851185,-0.7113215335,2.952852156,1.9292525296
18,5000,0.9,25,37000,20,1.2,2.0,1.2,-3.3183278107,-1.7774851709,5.2121578118,2.9890044497
26,5000,0.9,25,37000,20,1.2,2.0,1.2,-4.3897073215,-2.8010104164,7.8101978771,4.039630095
0,5000,0.9,75,30000,20,1.2,2.0,1.2,0.13726985,0.1053668881,0.13726985,0.1053668881
10,5000,0.9,75,30000,20,1.2,2.0,1.2,-1.3854351719,-0.7447061631,3.0765026383,1.8148700285
18,5000,0.9,75,30000,20,1.2,2.0,1.2,-3.2132841281,-1.778858682,5.0356965659,2.860154457
26,5000,0.9,75,30000,20,1.2,2.0,1.2,-4.187109751,-2.8251300955,7.7787541633,3.8984413434
0,5000,0.9,75,37000,20,1.2,2.0,1.2,0.137469241,0.1055288287,0.137469241,0.1055288287
10,5000,0.9,75,37000,20,1.2,2.0,1.2,-1.383155792,-0.7440231162,3.0822983509,1.816155605
18,5000,0.9,75,37000,20,1.2,2.0,1.2,-3.2114837495,-1.7785811881,5.0436993358,2.8627485096
26,5000,0.9,75,37000,20,1.2,2.0,1.2,-4.1788033513,-2.8188090364,7.7900292167,3.907000652
0,5000,1.1,25,30000,20,1.2,2.0,1.2,0.0998245739,0.0719990986,0.0998245739,0.0719990986
10,5000,1.1,25,30000,20,1.2,2.0,1.2,-1.7457126601,-0.5779970775,3.4845202427,2.1874219385
18,5000,1.1,25,30000,20,1.2,2.0,1.2,-3.3741968011,-1.6801737871,5.433739905,3.1681487965
26,5000,1.1,25,30000,20,1.2,2.0,1.2,-4.5079324302,-2.7314414269,7.8361474054,4.1734192945
0,5000,1.1,25,37000,20,1.2,2.0,1.2,0.1006718062,0.0726942781,0.1006718062,0.0726942781
10,5000,1.1,25,37000,20,1.2,2.0,1.2,-1.7454842278,-0.575734535,3.4883058107,2.1911874541
18,5000,1.1,25,37000,20,1.2,2.0,1.2,-3.3758065828,-1.678919982,5.4386111211,3.1723574824
26,5000,1.1,25,37000,20,1.2,2.0,1.2,-4.5067534277,-2.7320872117,7.8442815905,4.176451009
0,5000,1.1,75,30000,20,1.2,2.0,1.2,0.1012465582,0.0734621519,0.1012465582,0.0734621519
10,5000,1.1,75,30000,20,1.2,2.0,1.2,-2.0175619681,-0.5710287325,2.7817936418,2.1306916934
18,5000,1.1,75,30000,20,1.2,2.0,1.2,-3.5334139712,-1.6899364632,4.7948892191,3.1100215809
26,5000,1.1,75,30000,20,1.2,2.0,1.2,-4.3273104386,-2.7336272395,7.4883830633,4.0929662173
0,5000,1.1,75,37000,20,1.2,2.0,1.2,0.1300581785,0.0956501299,0.1300581785,0.0956501299
10,5000,1.1,75,37000,20,1.2,2.0,1.2,-1.855438508,-0.6797323325,2.6549480128,1.9213840226
18,5000,1.1,75,37000,20,1.2,2.0,1.2,-3.5256281114,-1.7191092433,4.7500378539,2.9581846567
26,5000,1.1,75,37000,20,1.2,2.0,1.2,-4.3672242543,-2.7547097261,7.4122765406,3.987143031
0,2000,0.9,25,30000,20,1.2,2.0,1.6,0.1729266027,0.1320371198,0.1729266027,0.1320371198
10,2000,0.9,25,30000,20,1.2,2.0,1.6,-0.9027081922,-0.1986355539,1.0944464158,0.8841460867
18,2000,0.9,25,30000,20,1.2,2.0,1.6,-1.6348571236,-0.6231213181,1.8703251216,1.3095710955
26,2000,0.9,25,30000,20,1.2,2.0,1.6,-2.3099725039,-1.0609626163,2.7109607155,1.7410272063
0,2000,0.9,25,37000,20,1.2,2.0,1.6,0.1731278862,0.1321992725,0.1731278862,0.1321992725
10,2000,0.9,25,37000,20,1.2,2.0,1.6,-0.9213195547,-0.1964913598,1.0562785841,0.8897505244
18,2000,0.9,25,37000,20,1.2,2.0,1.6,-1.6483789215,-0.6214427217,1.8365897502,1.3165338383
26,2000,0.9,25,37000,20,1.2,2.0,1.6,-2.3197053539,-1.0621357909,2.6842122741,1.7464840793
0,2000,0.9,75,30000,20,1.2,2.0,1.6,0.1848942986,0.1416751714,0.1848942986,0.1416751714
10,2000,0.9,75,30000,20,1.2,2.0,1.6,-1.1082082939,-0.1844972003,0.8559636625,0.9026359506
18,2000,0.9,75,30000,20,1.2,2.0,1.6,-1.825956236,-0.6067034961,1.6334935088,1.3221417131
26,2000,0.9,75,30000,20,1.2,2.0,1.6,-2.4861259991,-1.0735849614,2.4409279884,1.733145692
0,2000,0.9,75,37000,20,1.2,2.0,1.6,0.185233925,0.1419010593,0.185233925,0.1419010597
10,2000,0.9,75,37000,20,1.2,2.0,1.6,-1.1107051483,-0.1838118144,0.8513639541,0.904829889
18,2000,0.9,75,37000,20,1.2,2.0,1.6,-1.8293045965,-0.6059285965,1.6287558067,1.3246827002
26,2000,0.9,75,37000,20,1.2,2.0,1.6,-2.4896388322,-1.0706830364,2.4383786077,1.7367158056
0,2000,1.1,25,30000,20,1.2,2.0,1.6,0.1112033093,0.0792990609,0.1112033093,0.0792990609
10,2000,1.1,25,30000,20,1.2,2.0,1.6,-0.8777991904,-0.2102569604,1.2145172758,0.8316553909
18,2000,1.1,25,30000,20,1.2,2.0,1.6,-1.607085261,-0.6355778038,1.9838779368,1.2593097294
26,2000,1.1,25,30000,20,1.2,2.0,1.6,-2.289675825,-1.1233667232,2.7600522675,1.6848781823
0,2000,1.1,25,37000,20,1.2,2.0,1.6,0.1113263382,0.0793908746,0.1113263382,0.0793908746
10,2000,1.1,25,37000,20,1.2,2.0,1.6,-0.8762625812,-0.2098144147,1.2177263248,0.8326157318
18,2000,1.1,25,37000,20,1.2,2.0,1.6,-1.6068465327,-0.6350729195,1.9863384737,1.2603973455
26,2000,1.1,25,37000,20,1.2,2.0,1.6,-2.2886299875,-1.1233900529,2.763787908,1.6861939476
0,2000,1.1,75,30000,20,1.2,2.0,1.6,0.2051667323,0.1551556182,0.2051667323,0.1551556182
10,2000,1.1,75,30000,20,1.2,2.0,1.6,-1.1250378382,-0.1747767767,0.8505752489,0.920689488
18,2000,1.1,75,30000,20,1.2,2.0,1.6,-1.8631134061,-0.5979731946,1.5970354337,1.3413525305
26,2000,1.1,75,30000,20,1.2,2.0,1.6,-2.5670439189,-1.02765997,2.3950332244,1.7581621487
0,2000,1.1,75,37000,20,1.2,2.0,1.6,0.1549386733,0.1132115354,0.1549386733,0.1132115354
10,2000,1.1,75,37000,20,1.2,2.0,1.6,-1.4181517537,-0.1897966793,0.3183811243,0.9426321868
18,2000,1.1,75,37000,20,1.2,2.0,1.6,-2.0908279007,-0.6163742316,1.1560180499,1.3568649294
26,2000,1.1,75,37000,20,1.2,2.0,1.6,-2.7522723647,-1.046369761,2.0079964175,1.7732016928
0,5000,0.9,25,30000,20,1.2,2.0,1.6,0.1729266027,0.1320371198,0.1729266027,0.1320371198
10,5000,0.9,25,30000,20,1.2,2.0,1.6,-1.8298264184,-0.7057750344,3.1430145495,2.0800718527
18,5000,0.9,25,30000,20,1.2,2.0,1.6,-3.3435892485,-1.8235053961,5.2332443503,3.1064216576
26,5000,0.9,25,30000,20,1.2,2.0,1.6,-4.4480967592,-2.8723417021,7.7591635622,4.1852712321
0,5000,0.9,25,37000,20,1.2,2.0,1.6,0.1731278862,0.1321992725,0.1731278862,0.1321992725
10,5000,0.9,25,37000,20,1.2,2.0,1.6,-1.8281374511,-0.7024254887,3.1568722118,2.0874937482
18,5000,0.9,25,37000,20,1.2,2.0,1.6,-3.3474156384,-1.8254831072,5.2448489548,3.1117340327
26,5000,0.9,25,37000,20,1.2,2.0,1.6,-4.4482253149,-2.8734957658,7.7719237059,4.1883424716
0,5000,0.9,75,30000,20,1.2,2.0,1.6,0.1848942986,0.1416751714,0.1848942986,0.1416751714
10,5000,0.9,75,30000,20,1.2,2.0,1.6,-1.7829098653,-0.765376445,2.6179953002,1.8974322167
18,5000,0.9,75,30000,20,1.2,2.0,1.6,-3.4601542989,-1.8275532214,4.7093130235,2.9665846966
26,5000,0.9,75,30000,20,1.2,2.0,1.6,-4.2565041976,-2.891325831,7.4684277878,4.0388962612
0,5000,0.9,75,37000,20,1.2,2.0,1.6,0.185233925,0.1419010593,0.185233925,0.1419010597
10,5000,0.9,75,37000,20,1.2,2.0,1.6,-1.781610322,-0.764611069,2.6233041095,1.8986384509
18,5000,0.9,75,37000,20,1.2,2.0,1.6,-3.4591811749,-1.8269537508,4.7167742109,2.969499948
26,5000,0.9,75,37000,20,1.2,2.0,1.6,-4.2525933513,-2.8897447222,7.4825055625,4.0440875129
0,5000,1.1,25,30000,20,1.2,2.0,1.6,0.1112033093,0.0792990609,0.1112033093,0.0792990609
10,5000,1.1,25,30000,20,1.2,2.0,1.6,-1.7531097877,-0.7146261245,2.9854315655,1.9778336084
18,5000,1.1,25,30000,20,1.2,2.0,1.6,-3.4515601625,-1.791598623,5.1054983197,3.0708515751
26,5000,1.1,25,30000,20,1.2,2.0,1.6,-4.6209590088,-2.843777776,7.5466794786,4.1681626112
0,5000,1.1,25,37000,20,1.2,2.0,1.6,0.1113263382,0.0793908746,0.1113263382,0.0793908746
10,5000,1.1,25,37000,20,1.2,2.0,1.6,-1.7526260823,-0.7154963664,2.9938581578,1.9734381984
18,5000,1.1,25,37000,20,1.2,2.0,1.6,-3.4503266673,-1.792258129,5.1150289559,3.0698401068
26,5000,1.1,25,37000,20,1.2,2.0,1.6,-4.6186540116,-2.8442949762,7.5568494117,4.1682685749
0,5000,1.1,75,30000,20,1.2,2.0,1.6,0.2051667323,0.1551556182,0.2051667323,0.1551556182
10,5000,1.1,75,30000,20,1.2,2.0,1.6,-1.7221928868,-0.7195154967,2.6683639328,1.9698537744
18,5000,1.1,75,30000,20,1.2,2.0,1.6,-3.5217518316,-1.784905362,4.6759115708,3.0303962258
26,5000,1.1,75,30000,20,1.2,2.0,1.6,-4.4926420043,-2.8520712679,7.2304112381,4.0887341141
0,5000,1.1,75,37000,20,1.2,2.0,1.6,0.1549386733,0.1132115354,0.1549386733,0.1132115354
10,5000,1.1,75,37000,20,1.2,2.0,1.6,-2.3048783629,-0.6317450328,2.2857889563,2.2510330042
18,5000,1.1,75,37000,20,1.2,2.0,1.6,-3.6429832833,-1.7406159043,4.426295282,3.2471938929
26,5000,1.1,75,37000,20,1.2,2.0,1.6,-4.5409395582,-2.8087259782,7.0796277794,4.266882977
0,2000,0.9,25,30000,20,1.6,1.0,0.8,0.0882388262,0.0681492952,0.0882388262,0.0681492952
10,2000,0.9,25,30000,20,1.6,1.0,0.8,-0.8339251115,-0.1997642052,0.9945302312,0.7361938959
18,2000,0.9,25,30000,20,1.6,1.0,0.8,-1.4988677265,-0.5725624751,1.7642472609,1.1175934826
26,2000,0.9,25,30000,20,1.6,1.0,0.8,-2.0719900327,-0.9719140275,2.5655933688,1.4929193102
0,2000,0.9,25,37000,20,1.6,1.0,0.8,0.0882944016,0.0681774961,0.0882944016,0.0681774961
10,2000,0.9,25,37000,20,1.6,1.0,0.8,-0.8341340626,-0.1996687714,0.9941198549,0.7368368695
18,2000,0.9,25,37000,20,1.6,1.0,0.8,-1.4989956678,-0.5724300151,1.7648344889,1.1186687833
26,2000,0.9,25,37000,20,1.6,1.0,0.8,-2.0690314365,-0.966427909,2.5662776082,1.4951476053
0,2000,0.9,75,30000,20,1.6,1.0,0.8,0.0770724634,0.0596882871,0.0770724634,0.0596882871
10,2000,0.9,75,30000,20,1.6,1.0,0.8,-0.8938283236,-0.2016072189,0.6791310091,0.7966267179
18,2000,0.9,75,30000,20,1.6,1.0,0.8,-1.5771477646,-0.5737608251,1.4314682513,1.1638346482
26,2000,0.9,75,30000,20,1.6,1.0,0.8,-2.207633445,-0.9495068374,2.2248073999,1.5309151467
0,2000,0.9,75,37000,20,1.6,1.0,0.8,0.0771998486,0.0597879746,0.0771998486,0.0597879746
10,2000,0.9,75,37000,20,1.6,1.0,0.8,-0.9073666165,-0.199188486,0.6628139359,0.801073383
18,2000,0.9,75,37000,20,1.6,1.0,0.8,-1.5874739671,-0.5711965841,1.4194804644,1.1685898172
26,2000,0.9,75,37000,20,1.6,1.0,0.8,-2.2137942524,-0.9474595897,2.2173732808,1.5358823755
0,2000,1.1,25,30000,20,1.6,1.0,0.8,0.0556890574,0.0418529845,0.0556890574,0.0418529845
10,2000,1.1,25,30000,20,1.6,1.0,0.8,-0.8561976363,-0.1970631504,0.9880877788,0.7370365972
18,2000,1.1,25,30000,20,1.6,1.0,0.8,-1.5045340886,-0.5911664185,1.7616261545,1.1108816839
26,2000,1.1,25,30000,20,1.6,1.0,0.8,-2.0999860823,-0.9655412762,2.5228322726,1.4962689229
0,2000,1.1,25,37000,20,1.6,1.0,0.8,0.0557689343,0.0419154145,0.0557689343,0.0419154145
10,2000,1.1,25,37000,20,1.6,1.0,0.8,-0.8569639853,-0.1965864847,0.9878209507,0.7377336661
18,2000,1.1,25,37000,20,1.6,1.0,0.8,-1.5054602232,-0.5904512087,1.7620525636,1.1120643535
26,2000,1.1,25,37000,20,1.6,1.0,0.8,-2.1017075385,-0.9659908044,2.5247335935,1.4974714423
0,2000,1.1,75,30000,20,1.6,1.0,0.8,0.0517774442,0.0388822438,0.0517774442,0.0388822438
10,2000,1.1,75,30000,20,1.6,1.0,0.8,-1.0136458574,-0.1738175968,0.6349358106,0.8256142465
18,2000,1.1,75,30000,20,1.6,1.0,0.8,-1.6693254535,-0.5535270309,1.4108786612,1.1864634271
26,2000,1.1,75,30000,20,1.6,1.0,0.8,-2.2642854341,-0.9544259479,2.1458067791,1.545693742
0,2000,1.1,75,37000,20,1.6,1.0,0.8,0.0518725603,0.0389566342,0.0518725603,0.0389566342
10,2000,1.1,75,37000,20,1.6,1.0,0.8,-0.9819826758,-0.1747701408,0.6838745093,0.8256779323
18,2000,1.1,75,37000,20,1.6,1.0,0.8,-1.6517456189,-0.5494162178,1.4436115537,1.1898582696
26,2000,1.1,75,37000,20,1.6,1.0,0.8,-2.2528619479,-0.9565683784,2.1753680437,1.5476153925
0,5000,0.9,25,30000,20,1.6,1.0,0.8,0.0882388262,0.0681492952,0.0882388262,0.0681492952
10,5000,0.9,25,30000,20,1.6,1.0,0.8,-1.7256312028,-0.6008937082,2.6692492195,1.8088335475
18,5000,0.9,25,30000,20,1.6,1.0,0.8,-3.021742855,-1.5538806574,4.911399113,2.7388902471
26,5000,0.9,25,30000,20,1.6,1.0,0.8,-4.0999396771,-2.4879264719,7.4773440584,3.6900171289
0,5000,0.9,25,37000,20,1.6,1.0,0.8,0.0882944016,0.0681774961,0.0882944016,0.0681774961
10,5000,0.9,25,37000,20,1.6,1.0,0.8,-1.6927751157,-0.6037237386,2.7153781018,1.8125000108
18,5000,0.9,25,37000,20,1.6,1.0,0.8,-3.0157338005,-1.5566307438,4.9292356163,2.7462590487
26,5000,0.9,25,37000,20,1.6,1.0,0.8,-4.090283147,-2.4878498344,7.4911665058,3.6971519024
0,5000,0.9,75,30000,20,1.6,1.0,0.8,0.0770724634,0.0596882871,0.0770724634,0.0596882871
10,5000,0.9,75,30000,20,1.6,1.0,0.8,-1.8689410487,-0.5792013028,2.5628229796,1.8986419194
18,5000,0.9,75,30000,20,1.6,1.0,0.8,-2.9625290796,-1.5310794646,4.7862731504,2.7710170982
26,5000,0.9,75,30000,20,1.6,1.0,0.8,-3.8640330337,-2.5002780939,7.6450020536,3.6656123091
0,5000,0.9,75,37000,20,1.6,1.0,0.8,0.0771998486,0.0597879746,0.0771998486,0.0597879746
10,5000,0.9,75,37000,20,1.6,1.0,0.8,-1.832234279,-0.5808968329,2.5929960517,1.9043975962
18,5000,0.9,75,37000,20,1.6,1.0,0.8,-2.9544647768,-1.5313205712,4.7968671898,2.7782794179
26,5000,0.9,75,37000,20,1.6,1.0,0.8,-3.8507431801,-2.4997287175,7.669685208,3.6732982842
0,5000,1.1,25,30000,20,1.6,1.0,0.8,0.0556890574,0.0418529845,0.0556890574,0.0418529845
10,5000,1.1,25,30000,20,1.6,1.0,0.8,-1.6455276518,-0.5393269332,3.1023800662,1.9508612666
18,5000,1.1,25,30000,20,1.6,1.0,0.8,-3.0138521165,-1.4908666996,5.0972978463,2.8472615577
26,5000,1.1,25,30000,20,1.6,1.0,0.8,-4.088810089,-2.4207315373,7.5283677929,3.7780183733
0,5000,1.1,25,37000,20,1.6,1.0,0.8,0.0557689343,0.0419154145,0.0557689343,0.0419154145
10,5000,1.1,25,37000,20,1.6,1.0,0.8,-1.594497858,-0.5450705026,3.211898694,1.9285761793
18,5000,1.1,25,37000,20,1.6,1.0,0.8,-3.0026903526,-1.4917348055,5.1420277046,2.8386685633
26,5000,1.1,25,37000,20,1.6,1.0,0.8,-4.0795932336,-2.4260475197,7.5577678595,3.7689784529
0,5000,1.1,75,30000,20,1.6,1.0,0.8,0.0517774442,0.0388822438,0.0517774442,0.0388822438
10,5000,1.1,75,30000,20,1.6,1.0,0.8,-1.6647354926,-0.6025790893,2.673839612,1.7286602129
18,5000,1.1,75,30000,20,1.6,1.0,0.8,-2.9589944724,-1.5253557144,4.6883224123,2.6620916162
26,5000,1.1,75,30000,20,1.6,1.0,0.8,-3.8571849011,-2.4593508509,7.4510781913,3.6176730195
0,5000,1.1,75,37000,20,1.6,1.0,0.8,0.0518725603,0.0389566342,0.0518725603,0.0389566342
10,5000,1.1,75,37000,20,1.6,1.0,0.8,-1.666516925,-0.600050551,2.6825144713,1.7372192961
18,5000,1.1,75,37000,20,1.6,1.0,0.8,-2.9598844705,-1.5258666902,4.6955462501,2.6650001525
26,5000,1.1,75,37000,20,1.6,1.0,0.8,-3.850337174,-2.4570788638,7.4708799823,3.6250767542
0,2000,0.9,25,30000,20,1.6,1.0,1.2,0.1021265167,0.0763476971,0.1021265167,0.0763476971
10,2000,0.9,25,30000,20,1.6,1.0,1.2,-0.8550791493,-0.2248105416,0.9832220596,0.7319773699
18,2000,0.9,25,30000,20,1.6,1.0,1.2,-1.5120739879,-0.6039253921,1.7538488067,1.1239155056
26,2000,0.9,25,30000,20,1.6,1.0,1.2,-2.0996654575,-1.0128420649,2.5426126787,1.5107897629
0,2000,0.9,25,37000,20,1.6,1.0,1.2,0.1021676612,0.0764087276,0.1021676612,0.0764087276
10,2000,0.9,25,37000,20,1.6,1.0,1.2,-0.8561433272,-0.2237303556,0.9824317168,0.7327971232
18,2000,0.9,25,37000,20,1.6,1.0,1.2,-1.5132194491,-0.6029836637,1.7536925356,1.1250318703
26,2000,0.9,25,37000,20,1.6,1.0,1.2,-2.1003934069,-1.0115457441,2.5446973155,1.5123957205
0,2000,0.9,75,30000,20,1.6,1.0,1.2,0.0902301453,0.0676346134,0.0902301453,0.0676346134
10,2000,0.9,75,30000,20,1.6,1.0,1.2,-1.0012583046,-0.2305643919,0.6921628876,0.7862440779
18,2000,0.9,75,30000,20,1.6,1.0,1.2,-1.67171083,-0.6091574887,1.4422803353,1.1631904034
26,2000,0.9,75,30000,20,1.6,1.0,1.2,-2.2325187482,-1.0134363002,2.1987584271,1.5341835884
0,2000,0.9,75,37000,20,1.6,1.0,1.2,0.0903864008,0.067753561,0.0903864008,0.067753561
10,2000,0.9,75,37000,20,1.6,1.0,1.2,-1.0336573537,-0.2286291033,0.6463528797,0.7899800232
18,2000,0.9,75,37000,20,1.6,1.0,1.2,-1.6968567164,-0.6072192159,1.4074000564,1.1671614067
26,2000,0.9,75,37000,20,1.6,1.0,1.2,-2.2410797058,-1.0035598328,2.1653942831,1.5409082523
0,2000,1.1,25,30000,20,1.6,1.0,1.2,0.0659008155,0.0476538178,0.0659008155,0.0476538178
10,2000,1.1,25,30000,20,1.6,1.0,1.2,-0.9472934782,-0.2249492809,0.7691670982,0.7831719409
18,2000,1.1,25,30000,20,1.6,1.0,1.2,-1.568282665,-0.6068906169,1.5882911523,1.168690588
26,2000,1.1,25,30000,20,1.6,1.0,1.2,-2.1886262018,-1.0011751349,2.4172780754,1.5503852687
0,2000,1.1,25,37000,20,1.6,1.0,1.2,0.0659989924,0.0477284393,0.0659989924,0.0477284393
10,2000,1.1,25,37000,20,1.6,1.0,1.2,-0.952223952,-0.2239263451,0.7634347086,0.7857530096
18,2000,1.1,25,37000,20,1.6,1.0,1.2,-1.5714981939,-0.6059881368,1.585836926,1.171305936
26,2000,1.1,25,37000,20,1.6,1.0,1.2,-2.1905802325,-1.0005539418,2.416853633,1.5530209594
0,2000,1.1,75,30000,20,1.6,1.0,1.2,0.0703262818,0.0508457982,0.0703262818,0.0508457982
10,2000,1.1,75,30000,20,1.6,1.0,1.2,-0.9626782354,-0.2227441734,0.931333601,0.7276742731
18,2000,1.1,75,30000,20,1.6,1.0,1.2,-1.6435349612,-0.6020552815,1.6570628712,1.1074476572
26,2000,1.1,75,30000,20,1.6,1.0,1.2,-2.2797183674,-1.0310373842,2.3679664073,1.4762472542
0,2000,1.1,75,37000,20,1.6,1.0,1.2,0.0853235978,0.0617990559,0.0853235978,0.0617990559
10,2000,1.1,75,37000,20,1.6,1.0,1.2,-0.9544392398,-0.2278658873,0.9560933505,0.7264292324
18,2000,1.1,75,37000,20,1.6,1.0,1.2,-1.6470424389,-0.6068313946,1.6713298804,1.1058192033
26,2000,1.1,75,37000,20,1.6,1.0,1.2,-2.2665312001,-1.0484305482,2.4032278767,1.4702176814
0,5000,0.9,25,30000,20,1.6,1.0,1.2,0.1021265167,0.0763476971,0.1021265167,0.0763476971
10,5000,0.9,25,30000,20,1.6,1.0,1.2,-1.5265104703,-0.6781092481,2.8257365317,1.7331340524
18,5000,0.9,25,30000,20,1.6,1.0,1.2,-3.0292472311,-1.6288918064,4.9103496606,2.730032437
26,5000,0.9,25,30000,20,1.6,1.0,1.2,-4.0897916496,-2.5417506151,7.42058331,3.7490266117
0,5000,0.9,25,37000,20,1.6,1.0,1.2,0.1021676612,0.0764087276,0.1021676612,0.0764087276
10,5000,0.9,25,37000,20,1.6,1.0,1.2,-1.5267536964,-0.6775371673,2.8275378997,1.7351506232
18,5000,0.9,25,37000,20,1.6,1.0,1.2,-3.0284697002,-1.6287146837,4.9161248741,2.7328824879
26,5000,0.9,25,37000,20,1.6,1.0,1.2,-4.086181334,-2.5416394049,7.4304016344,3.7520451362
0,5000,0.9,75,30000,20,1.6,1.0,1.2,0.0902301453,0.0676346134,0.0902301453,0.0676346134
10,5000,0.9,75,30000,20,1.6,1.0,1.2,-1.6830422696,-0.6852658692,2.6538311839,1.7180652053
18,5000,0.9,75,30000,20,1.6,1.0,1.2,-3.0185235391,-1.6273038402,4.6994400625,2.6732213479
26,5000,0.9,75,30000,20,1.6,1.0,1.2,-3.8649850187,-2.546620054,7.4540922624,3.6718660491
0,5000,0.9,75,37000,20,1.6,1.0,1.2,0.0903864008,0.067753561,0.0903864008,0.067753561
10,5000,0.9,75,37000,20,1.6,1.0,1.2,-1.6408375077,-0.6911097256,2.6150859688,1.7517491444
18,5000,0.9,75,37000,20,1.6,1.0,1.2,-3.0143188791,-1.6341255361,4.7199762849,2.680659563
26,5000,0.9,75,37000,20,1.6,1.0,1.2,-3.8515238498,-2.5411595497,7.480392142,3.6927100276
0,5000,1.1,25,30000,20,1.6,1.0,1.2,0.0659008155,0.0476538178,0.0659008155,0.0476538178
10,5000,1.1,25,30000,20,1.6,1.0,1.2,-1.4705857949,-0.630585417,2.8543821821,1.7805970269
18,5000,1.1,25,30000,20,1.6,1.0,1.2,-3.0520537945,-1.5861944182,4.8934908661,2.7753266135
26,5000,1.1,25,30000,20,1.6,1.0,1.2,-4.1351084591,-2.4975417671,7.3324287113,3.7877743224
0,5000,1.1,25,37000,20,1.6,1.0,1.2,0.0659989924,0.0477284393,0.0659989924,0.0477284393
10,5000,1.1,25,37000,20,1.6,1.0,1.2,-1.460385252,-0.6299040691,2.8822435274,1.7763919193
18,5000,1.1,25,37000,20,1.6,1.0,1.2,-3.0484328095,-1.586030055,4.9111245335,2.7734008492
26,5000,1.1,25,37000,20,1.6,1.0,1.2,-4.1292949321,-2.4930118272,7.3341647621,3.7866381171
0,5000,1.1,75,30000,20,1.6,1.0,1.2,0.0703262818,0.0508457982,0.0703262818,0.0508457982
10,5000,1.1,75,30000,20,1.6,1.0,1.2,-1.5733330487,-0.6271260792,2.4650219991,1.7969513127
18,5000,1.1,75,30000,20,1.6,1.0,1.2,-3.0922388141,-1.5778327838,4.5121223484,2.754656902
26,5000,1.1,75,30000,20,1.6,1.0,1.2,-3.9521294048,-2.491104526,7.1909058275,3.7463438916
0,5000,1.1,75,37000,20,1.6,1.0,1.2,0.0853235978,0.0617990559,0.0853235978,0.0617990559
10,5000,1.1,75,37000,20,1.6,1.0,1.2,-1.5065794339,-0.617098051,2.5619087264,1.8464652268
18,5000,1.1,75,37000,20,1.6,1.0,1.2,-3.0733039507,-1.5712083205,4.5726181036,2.7949408098
26,5000,1.1,75,37000,20,1.6,1.0,1.2,-3.9361814095,-2.4852257126,7.2312289806,3.7791667562
0,2000,0.9,25,30000,20,1.6,1.0,1.6,0.113744683,0.084241626,0.113744683,0.084241626
10,2000,0.9,25,30000,20,1.6,1.0,1.6,-0.786326607,-0.2394700531,1.0459014342,0.7523409603
18,2000,0.9,25,30000,20,1.6,1.0,1.6,-1.4717926314,-0.6251369975,1.7757145836,1.1428086192
26,2000,0.9,25,30000,20,1.6,1.0,1.6,-2.1176793649,-1.0142881218,2.5618361289,1.5426580481
0,2000,0.9,25,37000,20,1.6,1.0,1.6,0.1128992208,0.083669537,0.1128992208,0.083669537
10,2000,0.9,25,37000,20,1.6,1.0,1.6,-0.8616012171,-0.2354231669,0.9797747867,0.7347118575
18,2000,0.9,25,37000,20,1.6,1.0,1.6,-1.5278057024,-0.6198530767,1.7328774756,1.1301602689
26,2000,0.9,25,37000,20,1.6,1.0,1.6,-2.120630817,-1.0311031877,2.5243312969,1.5269398787
0,2000,0.9,75,30000,20,1.6,1.0,1.6,0.123264549,0.0911401447,0.123264549,0.0911401447
10,2000,0.9,75,30000,20,1.6,1.0,1.6,-0.8795464645,-0.2578314003,0.8923783721,0.7255441164
18,2000,0.9,75,30000,20,1.6,1.0,1.6,-1.5740687365,-0.6415466099,1.6044535674,1.1097813282
26,2000,0.9,75,30000,20,1.6,1.0,1.6,-2.2395180209,-1.0249727682,2.3544808109,1.5003487791
0,2000,0.9,75,37000,20,1.6,1.0,1.6,0.1223023616,0.0904477548,0.1223023616,0.0904477548
10,2000,0.9,75,37000,20,1.6,1.0,1.6,-0.8830282332,-0.2581167473,0.8835820909,0.7257696409
18,2000,0.9,75,37000,20,1.6,1.0,1.6,-1.577830839,-0.6419056898,1.5962401158,1.110256058
26,2000,0.9,75,37000,20,1.6,1.0,1.6,-2.2429588219,-1.0252897063,2.3484785271,1.5016750797
0,2000,1.1,25,30000,20,1.6,1.0,1.6,0.125285207,0.0900836817,0.125285207,0.0900836817
10,2000,1.1,25,30000,20,1.6,1.0,1.6,-0.8222614432,-0.2465371274,1.0418420672,0.7526357231
18,2000,1.1,25,30000,20,1.6,1.0,1.6,-1.5122396984,-0.6333175425,1.7663306368,1.142142986
26,2000,1.1,25,30000,20,1.6,1.0,1.6,-2.1519444748,-1.0320834158,2.547124947,1.5346792267
0,2000,1.1,25,37000,20,1.6,1.0,1.6,0.1254810169,0.090224522,0.1254810169,0.090224522
10,2000,1.1,25,37000,20,1.6,1.0,1.6,-0.8221789281,-0.2453026965,1.0437694288,0.753949293
18,2000,1.1,25,37000,20,1.6,1.0,1.6,-1.5123480176,-0.6322338773,1.7685559139,1.1436219732
26,2000,1.1,25,37000,20,1.6,1.0,1.6,-2.1518784005,-1.0315159235,2.55004725,1.5363460294
0,2000,1.1,75,30000,20,1.6,1.0,1.6,0.0705255213,0.0501888704,0.0705255213,0.0501888704
10,2000,1.1,75,30000,20,1.6,1.0,1.6,-1.050284163,-0.2722501256,0.7863515117,0.7003951897
18,2000,1.1,75,30000,20,1.6,1.0,1.6,-1.6524266944,-0.6530968322,1.5662847969,1.0864397159
26,2000,1.1,75,30000,20,1.6,1.0,1.6,-2.3281796203,-1.0373959783,2.3022469054,1.4750655156
0,2000,1.1,75,37000,20,1.6,1.0,1.6,0.070661056,0.050291147,0.070661056,0.050291147
10,2000,1.1,75,37000,20,1.6,1.0,1.6,-1.0524316802,-0.2714641833,0.7867373661,0.7017342757
18,2000,1.1,75,37000,20,1.6,1.0,1.6,-1.6524186234,-0.6523833841,1.5693294311,1.0879057981
26,2000,1.1,75,37000,20,1.6,1.0,1.6,-2.3290467263,-1.0367926935,2.3053945944,1.477003072
0,5000,0.9,25,30000,20,1.6,1.0,1.6,0.113744683,0.084241626,0.113744683,0.084241626
10,5000,0.9,25,30000,20,1.6,1.0,1.6,-1.4732111915,-0.7127669201,2.8447921515,1.7125941559
18,5000,0.9,25,30000,20,1.6,1.0,1.6,-3.0610256142,-1.6735231425,4.8534990257,2.7337362896
26,5000,0.9,25,30000,20,1.6,1.0,1.6,-4.1260649091,-2.5809089199,7.3163923734,3.7848217088
0,5000,0.9,25,37000,20,1.6,1.0,1.6,0.1128992208,0.083669537,0.1128992208,0.083669537
10,5000,0.9,25,37000,20,1.6,1.0,1.6,-1.4649684046,-0.7117353172,2.868041062,1.715473513
18,5000,0.9,25,37000,20,1.6,1.0,1.6,-3.0573602327,-1.6733321732,4.8690487541,2.7362936866
26,5000,0.9,25,37000,20,1.6,1.0,1.6,-4.1171960836,-2.5777157268,7.3313051826,3.7910424321
0,5000,0.9,75,30000,20,1.6,1.0,1.6,0.123264549,0.0911401447,0.123264549,0.0911401447
10,5000,0.9,75,30000,20,1.6,1.0,1.6,-1.4758119598,-0.7213217149,2.5782425644,1.67317947
18,5000,0.9,75,30000,20,1.6,1.0,1.6,-3.0631455984,-1.6775428399,4.5350317595,2.6621034158
26,5000,0.9,75,30000,20,1.6,1.0,1.6,-3.924054902,-2.5805170151,7.2348240636,3.7081831687
0,5000,0.9,75,37000,20,1.6,1.0,1.6,0.1223023616,0.0904477548,0.1223023616,0.0904477548
10,5000,0.9,75,37000,20,1.6,1.0,1.6,-1.476659577,-0.7250051195,2.5815598033,1.6718652279
18,5000,0.9,75,37000,20,1.6,1.0,1.6,-3.0622493277,-1.6804428776,4.5430601427,2.6637306242
26,5000,0.9,75,37000,20,1.6,1.0,1.6,-3.9183380087,-2.5777649851,7.250720359,3.7155875233
0,5000,1.1,25,30000,20,1.6,1.0,1.6,0.125285207,0.0900836817,0.125285207,0.0900836817
10,5000,1.1,25,30000,20,1.6,1.0,1.6,-1.5070448792,-0.6751735603,2.8131856853,1.7582338633
18,5000,1.1,25,30000,20,1.6,1.0,1.6,-3.1181680399,-1.6388988365,4.8176161917,2.7748096457
26,5000,1.1,25,30000,20,1.6,1.0,1.6,-4.2094140678,-2.5439912965,7.2085822394,3.8213338016
0,5000,1.1,25,37000,20,1.6,1.0,1.6,0.1254810169,0.090224522,0.1254810169,0.090224522
10,5000,1.1,25,37000,20,1.6,1.0,1.6,-1.5064350946,-0.6750400157,2.8176054071,1.7599891914
18,5000,1.1,25,37000,20,1.6,1.0,1.6,-3.1171251502,-1.6388763822,4.8246083593,2.7777134473
26,5000,1.1,25,37000,20,1.6,1.0,1.6,-4.2069013892,-2.5439379941,7.2189720791,3.8248930177
0,5000,1.1,75,30000,20,1.6,1.0,1.6,0.0705255213,0.0501888704,0.0705255213,0.0501888704
10,5000,1.1,75,30000,20,1.6,1.0,1.6,-1.4042053793,-0.6714184176,2.6790040017,1.7130233619
18,5000,1.1,75,30000,20,1.6,1.0,1.6,-3.09634342,-1.6366676545,4.5551540002,2.6948464171
26,5000,1.1,75,30000,20,1.6,1.0,1.6,-4.0378107853,-2.5386284997,7.061082536,3.7300896208
0,5000,1.1,75,37000,20,1.6,1.0,1.6,0.0706610564,0.050291147,0.070661056,0.050291147
10,5000,1.1,75,37000,20,1.6,1.0,1.6,-1.3968955183,-0.6702467583,2.6955609438,1.7153251962
18,5000,1.1,75,37000,20,1.6,1.0,1.6,-3.091991195,-1.6359719823,4.5716829345,2.6988395872
26,5000,1.1,75,37000,20,1.6,1.0,1.6,-4.0328411799,-2.5376756181,7.0818305345,3.7357842105
0,2000,0.9,25,30000,20,1.6,1.5,0.8,0.1293528905,0.1038849417,0.1293528905,0.1038849417
10,2000,0.9,25,30000,20,1.6,1.5,0.8,-0.8596970445,-0.1618855103,0.9134468398,0.8744163886
18,2000,0.9,25,30000,20,1.6,1.5,0.8,-1.5395137789,-0.5592700896,1.7453447916,1.259884263
26,2000,0.9,25,30000,20,1.6,1.5,0.8,-2.2204681806,-0.9590054825,2.5865595022,1.6517972422
0,2000,0.9,25,37000,20,1.6,1.5,0.8,0.1295409319,0.1040734156,0.1295409319,0.1040734156
10,2000,0.9,25,37000,20,1.6,1.5,0.8,-0.858335242,-0.1614456123,0.9172068358,0.8749652575
18,2000,0.9,25,37000,20,1.6,1.5,0.8,-1.5389277688,-0.5588880672,1.7492243365,1.2603853545
26,2000,0.9,25,37000,20,1.6,1.5,0.8,-2.2200687688,-0.9587106508,2.5895541785,1.6528632996
0,2000,0.9,75,30000,20,1.6,1.5,0.8,0.1053805285,0.084724395,0.1053805285,0.084724395
10,2000,0.9,75,30000,20,1.6,1.5,0.8,-1.0298249098,-0.1683234276,0.806665012,0.8482239893
18,2000,0.9,75,30000,20,1.6,1.5,0.8,-1.7368077591,-0.5583129241,1.5722437368,1.235343216
26,2000,0.9,75,30000,20,1.6,1.5,0.8,-2.3629046645,-0.9995056767,2.3827425874,1.605766023
0,2000,0.9,75,37000,20,1.6,1.5,0.8,0.1055218024,0.0848418025,0.1055218024,0.0848418025
10,2000,0.9,75,37000,20,1.6,1.5,0.8,-1.0437500559,-0.1660893989,0.7805818646,0.8530851529
18,2000,0.9,75,37000,20,1.6,1.5,0.8,-1.7483967646,-0.5561755147,1.5501997688,1.2403496935
26,2000,0.9,75,37000,20,1.6,1.5,0.8,-2.3702577002,-0.9978436252,2.365673435,1.6106664475
0,2000,1.1,25,30000,20,1.6,1.5,0.8,0.1355559999,0.1068501281,0.1355559999,0.1068501281
10,2000,1.1,25,30000,20,1.6,1.5,0.8,-0.8533662091,-0.1767460334,1.1187696464,0.8234047564
18,2000,1.1,25,30000,20,1.6,1.5,0.8,-1.5962853935,-0.565617333,1.8160283616,1.2289320205
26,2000,1.1,25,30000,20,1.6,1.5,0.8,-2.2476771662,-0.9960518077,2.6396353077,1.6099406364
0,2000,1.1,25,37000,20,1.6,1.5,0.8,0.1358272857,0.1071263972,0.1358272857,0.1071263972
10,2000,1.1,25,37000,20,1.6,1.5,0.8,-0.8518739106,-0.1778221081,1.1131775425,0.8234344243
18,2000,1.1,25,37000,20,1.6,1.5,0.8,-1.5853129107,-0.5686381566,1.8392261205,1.2223580441
26,2000,1.1,25,37000,20,1.6,1.5,0.8,-2.2452881207,-0.9892708675,2.6575117473,1.6088637876
0,2000,1.1,75,30000,20,1.6,1.5,0.8,0.0719665571,0.0554228083,0.0719665571,0.0554228083
10,2000,1.1,75,30000,20,1.6,1.5,0.8,-1.0725753725,-0.1546992561,0.6442441395,0.8978778056
18,2000,1.1,75,30000,20,1.6,1.5,0.8,-1.7787632884,-0.546841416,1.4175305475,1.2811383547
26,2000,1.1,75,30000,20,1.6,1.5,0.8,-2.4410044411,-0.9504611153,2.2293502514,1.6605657679
0,2000,1.1,75,37000,20,1.6,1.5,0.8,0.0720721522,0.0555104529,0.0720721522,0.0555104529
10,2000,1.1,75,37000,20,1.6,1.5,0.8,-1.0328738508,-0.1604238718,0.6996799996,0.8936182707
18,2000,1.1,75,37000,20,1.6,1.5,0.8,-1.7496469731,-0.5512641088,1.4589105688,1.2786341607
26,2000,1.1,75,37000,20,1.6,1.5,0.8,-2.4269869368,-0.9485764529,2.2621213557,1.6615936851
0,5000,0.9,25,30000,20,1.6,1.5,0.8,0.1293528905,0.1038849417,0.1293528905,0.1038849417
10,5000,0.9,25,30000,20,1.6,1.5,0.8,-1.4899316965,-0.638396238,2.9995571037,1.8530062071
18,5000,0.9,25,30000,20,1.6,1.5,0.8,-3.1517064374,-1.6390822485,5.1128890277,2.8512251948
26,5000,0.9,25,30000,20,1.6,1.5,0.8,-4.3022659875,-2.6362299939,7.669343475,3.8350819334
0,5000,0.9,25,37000,20,1.6,1.5,0.8,0.1295409319,0.1040734156,0.1295409319,0.1040734156
10,5000,0.9,25,37000,20,1.6,1.5,0.8,-1.5014479757,-0.635828049,2.9802128596,1.8570196836
18,5000,0.9,25,37000,20,1.6,1.5,0.8,-3.1540652915,-1.6380312132,5.1089157892,2.8554993927
26,5000,0.9,25,37000,20,1.6,1.5,0.8,-4.3024965163,-2.6426006897,7.6737491604,3.8332898474
0,5000,0.9,75,30000,20,1.6,1.5,0.8,0.1053805285,0.084724395,0.1053805285,0.084724395
10,5000,0.9,75,30000,20,1.6,1.5,0.8,-1.6222756334,-0.5383179866,3.2897537406,2.1125670445
18,5000,0.9,75,30000,20,1.6,1.5,0.8,-3.1847854398,-1.5819530804,5.2679653391,3.0120301132
26,5000,0.9,75,30000,20,1.6,1.5,0.8,-4.082503007,-2.6149376469,7.8720005474,3.8985301044
0,5000,0.9,75,37000,20,1.6,1.5,0.8,0.1055218024,0.0848418025,0.1055218024,0.0848418025
10,5000,0.9,75,37000,20,1.6,1.5,0.8,-1.6202533103,-0.5351047597,3.3023723887,2.1161262848
18,5000,0.9,75,37000,20,1.6,1.5,0.8,-3.1826932646,-1.5727632522,5.2832336191,3.0188963385
26,5000,0.9,75,37000,20,1.6,1.5,0.8,-4.079221781,-2.6110969503,7.889730036,3.9052652004
0,5000,1.1,25,30000,20,1.6,1.5,0.8,0.1355559999,0.1068501281,0.1355559999,0.1068501281
10,5000,1.1,25,30000,20,1.6,1.5,0.8,-1.4340752559,-0.5672172669,2.9967281019,1.925365453
18,5000,1.1,25,30000,20,1.6,1.5,0.8,-3.1455655726,-1.5784694635,5.1255974945,2.9046647311
26,5000,1.1,25,30000,20,1.6,1.5,0.8,-4.3428299723,-2.5855973734,7.5956287553,3.8773662433
0,5000,1.1,25,37000,20,1.6,1.5,0.8,0.1358272857,0.1071263972,0.1358272857,0.1071263972
10,5000,1.1,25,37000,20,1.6,1.5,0.8,-1.4411817495,-0.559234453,3.0158037082,1.9362250346
18,5000,1.1,25,37000,20,1.6,1.5,0.8,-3.1619924993,-1.5713829456,5.1016516813,2.9262475032
26,5000,1.1,25,37000,20,1.6,1.5,0.8,-4.3392209019,-2.5858908751,7.5921096306,3.8870018104
0,5000,1.1,75,30000,20,1.6,1.5,0.8,0.0719665571,0.0554228083,0.0719665571,0.0554228083
10,5000,1.1,75,30000,20,1.6,1.5,0.8,-1.5859825609,-0.5875408186,2.6830369885,1.8455992034
18,5000,1.1,75,30000,20,1.6,1.5,0.8,-3.2547005979,-1.5773004183,4.7155739863,2.8264019505
26,5000,1.1,75,30000,20,1.6,1.5,0.8,-4.1547063621,-2.6013675736,7.4444612163,3.7717019556
0,5000,1.1,75,37000,20,1.6,1.5,0.8,0.0720721522,0.0555104529,0.0720721522,0.0555104529
10,5000,1.1,75,37000,20,1.6,1.5,0.8,-1.5779194922,-0.5881205783,2.6871796957,1.846218383
18,5000,1.1,75,37000,20,1.6,1.5,0.8,-3.2503830618,-1.5778830085,4.7213544183,2.8290627409
26,5000,1.1,75,37000,20,1.6,1.5,0.8,-4.1522536055,-2.6000172209,7.4534973505,3.7763155955
0,2000,0.9,25,30000,20,1.6,1.5,1.2,0.1486526145,0.116577854,0.1486526145,0.116577854
10,2000,0.9,25,30000,20,1.6,1.5,1.2,-0.8011753033,-0.2001092404,1.0561496997,0.8317416035
18,2000,0.9,25,30000,20,1.6,1.5,1.2,-1.5128854746,-0.6002982641,1.8128151646,1.2335899412
26,2000,0.9,25,30000,20,1.6,1.5,1.2,-2.2002921614,-1.0016702004,2.6194831534,1.6442239094
0,2000,0.9,25,37000,20,1.6,1.5,1.2,0.1489479343,0.1167787625,0.1489479343,0.1167787625
10,2000,0.9,25,37000,20,1.6,1.5,1.2,-0.7889417889,-0.2010956607,1.0771802294,0.8315233904
18,2000,0.9,25,37000,20,1.6,1.5,1.2,-1.5051676929,-0.601166356,1.8280379204,1.2332835723
26,2000,0.9,25,37000,20,1.6,1.5,1.2,-2.194258194,-1.0020988205,2.6329725481,1.6446159762
0,2000,0.9,75,30000,20,1.6,1.5,1.2,0.1436251696,0.1126866934,0.1436251696,0.1126866934
10,2000,0.9,75,30000,20,1.6,1.5,1.2,-1.2670322216,-0.1508883762,0.4408298554,0.8934047705
18,2000,0.9,75,30000,20,1.6,1.5,1.2,-1.8921809014,-0.5586337828,1.320874611,1.2759933619
26,2000,0.9,75,30000,20,1.6,1.5,1.2,-2.5130650815,-1.0140942388,2.0770488689,1.660574362
0,2000,0.9,75,37000,20,1.6,1.5,1.2,0.1437794757,0.1128135406,0.1437794757,0.1128135406
10,2000,0.9,75,37000,20,1.6,1.5,1.2,-1.2708164983,-0.1497700267,0.4371323904,0.8958576971
18,2000,0.9,75,37000,20,1.6,1.5,1.2,-1.8956271654,-0.5556556684,1.3186585372,1.2793008749
26,2000,0.9,75,37000,20,1.6,1.5,1.2,-2.5146123943,-1.0135151816,2.0758657074,1.6636094985
0,2000,1.1,25,30000,20,1.6,1.5,1.2,0.1231616958,0.0933145343,0.1231616958,0.0933145343
10,2000,1.1,25,30000,20,1.6,1.5,1.2,-0.8136505997,-0.2216882319,0.8565541903,0.8422549552
18,2000,1.1,25,30000,20,1.6,1.5,1.2,-1.545500241,-0.6244450943,1.7216491149,1.233350761
26,2000,1.1,25,30000,20,1.6,1.5,1.2,-2.2865734973,-1.0255380519,2.4996865603,1.6397837548
0,2000,1.1,25,37000,20,1.6,1.5,1.2,0.1347936214,0.1022320609,0.1347936214,0.1022320609
10,2000,1.1,25,37000,20,1.6,1.5,1.2,-0.7891742969,-0.2227986029,0.901955846,0.8766974749
18,2000,1.1,25,37000,20,1.6,1.5,1.2,-1.4884331856,-0.620930102,1.7811150686,1.2577916739
26,2000,1.1,25,37000,20,1.6,1.5,1.2,-2.2316284132,-1.0294682029,2.5578053724,1.6565827502
0,2000,1.1,75,30000,20,1.6,1.5,1.2,0.0851450939,0.0636337746,0.0851450939,0.0636337746
10,2000,1.1,75,30000,20,1.6,1.5,1.2,-1.0633995056,-0.1986893193,0.8392818992,0.8267108688
18,2000,1.1,75,30000,20,1.6,1.5,1.2,-1.7639139712,-0.596892643,1.5882781794,1.2231117792
26,2000,1.1,75,30000,20,1.6,1.5,1.2,-2.4159051548,-1.0348792374,2.3659680877,1.6096161406
0,2000,1.1,75,37000,20,1.6,1.5,1.2,0.0852785023,0.0637422444,0.0852785023,0.0637422444
10,2000,1.1,75,37000,20,1.6,1.5,1.2,-1.0542251824,-0.1991743732,0.8584205722,0.8253772334
18,2000,1.1,75,37000,20,1.6,1.5,1.2,-1.7583341926,-0.5973271584,1.6043286294,1.2221614953
26,2000,1.1,75,37000,20,1.6,1.5,1.2,-2.411563896,-1.0317776022,2.3822452001,1.6104218254
0,5000,0.9,25,30000,20,1.6,1.5,1.2,0.1486526145,0.116577854,0.1486526145,0.116577854
10,5000,0.9,25,30000,20,1.6,1.5,1.2,-1.5716433043,-0.6847438552,2.847112003,1.8269927331
18,5000,0.9,25,30000,20,1.6,1.5,1.2,-3.1961524208,-1.6949726079,4.9816435165,2.8747464979
26,5000,0.9,25,30000,20,1.6,1.5,1.2,-4.2937482201,-2.6980963482,7.5083071419,3.9050483074
0,5000,0.9,25,37000,20,1.6,1.5,1.2,0.1489479343,0.1167787625,0.1489479343,0.1167787625
10,5000,0.9,25,37000,20,1.6,1.5,1.2,-1.570304869,-0.683712456,2.846632689,1.8289770556
18,5000,0.9,25,37000,20,1.6,1.5,1.2,-3.1947989608,-1.694637004,4.9850759336,2.8772674533
26,5000,0.9,25,37000,20,1.6,1.5,1.2,-4.2926234274,-2.6999242014,7.5140345965,3.9063253704
0,5000,0.9,75,30000,20,1.6,1.5,1.2,0.1436251696,0.1126866934,0.1436251696,0.1126866934
10,5000,0.9,75,30000,20,1.6,1.5,1.2,-1.4407840155,-0.7050448958,2.8368684076,1.7774999837
18,5000,0.9,75,30000,20,1.6,1.5,1.2,-3.1416755353,-1.7110412249,4.8175696111,2.7853314806
26,5000,0.9,75,30000,20,1.6,1.5,1.2,-4.1032594255,-2.7182649994,7.4683273973,3.7942521652
0,5000,0.9,75,37000,20,1.6,1.5,1.2,0.1437794757,0.1128135406,0.1437794757,0.1128135406
10,5000,0.9,75,37000,20,1.6,1.5,1.2,-1.4391797622,-0.7043404554,2.8413070473,1.779314957
18,5000,0.9,75,37000,20,1.6,1.5,1.2,-3.1391065807,-1.7109047517,4.8273161341,2.7880762368
26,5000,0.9,75,37000,20,1.6,1.5,1.2,-4.0983082999,-2.7170740854,7.4811072435,3.798468993
0,5000,1.1,25,30000,20,1.6,1.5,1.2,0.1231616958,0.0933145343,0.1231616958,0.0933145343
10,5000,1.1,25,30000,20,1.6,1.5,1.2,-1.3961141424,-0.6117618061,3.0415325007,1.9018432009
18,5000,1.1,25,30000,20,1.6,1.5,1.2,-3.1702567871,-1.6386943391,5.018399476,2.9285324174
26,5000,1.1,25,30000,20,1.6,1.5,1.2,-4.3625335578,-2.6592848594,7.4323031066,3.9422133322
0,5000,1.1,25,37000,20,1.6,1.5,1.2,0.1347936214,0.1022320609,0.1347936214,0.1022320609
10,5000,1.1,25,37000,20,1.6,1.5,1.2,-1.3745026009,-0.6141745833,3.0043597777,1.902028606
18,5000,1.1,25,37000,20,1.6,1.5,1.2,-3.1437496866,-1.6420148101,5.0264623226,2.9284911711
26,5000,1.1,25,37000,20,1.6,1.5,1.2,-4.3677425368,-2.6440646672,7.4253310407,3.9623148101
0,5000,1.1,75,30000,20,1.6,1.5,1.2,0.0851450939,0.0636337746,0.0851450939,0.0636337746
10,5000,1.1,75,30000,20,1.6,1.5,1.2,-1.5052757729,-0.6508264654,2.6636382967,1.8353363113
18,5000,1.1,75,30000,20,1.6,1.5,1.2,-3.2524382112,-1.6552201794,4.6174395249,2.8464723815
26,5000,1.1,75,30000,20,1.6,1.5,1.2,-4.2354876155,-2.661202137,7.1828626956,3.8493297465
0,5000,1.1,75,37000,20,1.6,1.5,1.2,0.0852785023,0.0637422444,0.0852785023,0.0637422444
10,5000,1.1,75,37000,20,1.6,1.5,1.2,-1.4877893453,-0.6478408884,2.6726278871,1.8383986744
18,5000,1.1,75,37000,20,1.6,1.5,1.2,-3.2426965643,-1.6528150752,4.6250488376,2.8509792223
26,5000,1.1,75,37000,20,1.6,1.5,1.2,-4.2413307997,-2.6704520035,7.203327579,3.8484400104
0,2000,0.9,25,30000,20,1.6,1.5,1.6,0.164039303,0.1277806593,0.164039303,0.1277806593
10,2000,0.9,25,30000,20,1.6,1.5,1.6,-0.8175664576,-0.2158776238,1.0287170137,0.8519353714
18,2000,0.9,25,30000,20,1.6,1.5,1.6,-1.511259958,-0.6249241923,1.7985734888,1.263715751
26,2000,0.9,25,30000,20,1.6,1.5,1.6,-2.2066783953,-1.0342739087,2.5980308415,1.6834874424
0,2000,0.9,25,37000,20,1.6,1.5,1.6,0.1641347752,0.1278233738,0.1641347752,0.1278233738
10,2000,0.9,25,37000,20,1.6,1.5,1.6,-0.8030756109,-0.2166687394,1.0575243377,0.8483493469
18,2000,0.9,25,37000,20,1.6,1.5,1.6,-1.5032445053,-0.6257980457,1.8187222528,1.260175511
26,2000,0.9,25,37000,20,1.6,1.5,1.6,-2.2012454475,-1.0347085375,2.6140584401,1.6810502308
0,2000,0.9,75,30000,20,1.6,1.5,1.6,0.1392282016,0.1082916496,0.1392282016,0.1082916496
10,2000,0.9,75,30000,20,1.6,1.5,1.6,-1.0949568434,-0.208520956,0.7367296323,0.8569595659
18,2000,0.9,75,30000,20,1.6,1.5,1.6,-1.7847970392,-0.6152012202,1.4926826936,1.2636898193
26,2000,0.9,75,30000,20,1.6,1.5,1.6,-2.4223324642,-1.0628615075,2.2811033828,1.6612186345
0,2000,0.9,75,37000,20,1.6,1.5,1.6,0.1394274181,0.1084527171,0.1394274181,0.1084527171
10,2000,0.9,75,37000,20,1.6,1.5,1.6,-1.1026913626,-0.2071375271,0.7235391944,0.8602042342
18,2000,0.9,75,37000,20,1.6,1.5,1.6,-1.7922595572,-0.61379336,1.4806769427,1.2671801595
26,2000,0.9,75,37000,20,1.6,1.5,1.6,-2.4278869997,-1.0605821228,2.2724424256,1.6654476121
0,2000,1.1,25,30000,20,1.6,1.5,1.6,0.1334589819,0.1001300249,0.1334589819,0.1001300249
10,2000,1.1,25,30000,20,1.6,1.5,1.6,-0.8271789428,-0.2387839171,0.9350984046,0.8678222994
18,2000,1.1,25,30000,20,1.6,1.5,1.6,-1.5333332001,-0.644352431,1.7167719989,1.2792138455
26,2000,1.1,25,30000,20,1.6,1.5,1.6,-2.2515505023,-1.0689476151,2.5060260462,1.685705716
0,2000,1.1,25,37000,20,1.6,1.5,1.6,0.1435765904,0.1080630023,0.1435765904,0.1080630023
10,2000,1.1,25,37000,20,1.6,1.5,1.6,-0.787269518,-0.2403662877,0.9206519685,0.8780579081
18,2000,1.1,25,37000,20,1.6,1.5,1.6,-1.4861172431,-0.6463693245,1.7759016268,1.2739841979
26,2000,1.1,25,37000,20,1.6,1.5,1.6,-2.2366105663,-1.0677653363,2.5417169025,1.6819738478
0,2000,1.1,75,30000,20,1.6,1.5,1.6,0.0977201492,0.0722889073,0.0977201492,0.0722889073
10,2000,1.1,75,30000,20,1.6,1.5,1.6,-1.0894273624,-0.2127704864,0.8478222169,0.8278882587
18,2000,1.1,75,30000,20,1.6,1.5,1.6,-1.7747118045,-0.6205025257,1.6016504625,1.2346921309
26,2000,1.1,75,30000,20,1.6,1.5,1.6,-2.4307212087,-1.116567339,2.3256398241,1.6254890073
0,2000,1.1,75,37000,20,1.6,1.5,1.6,0.0981889213,0.0727332958,0.0981889213,0.0727332958
10,2000,1.1,75,37000,20,1.6,1.5,1.6,-0.9335292259,-0.2210882838,1.1557782877,0.7875522158
18,2000,1.1,75,37000,20,1.6,1.5,1.6,-1.9928955246,-0.6115335567,1.2156531049,1.2548027147
26,2000,1.1,75,37000,20,1.6,1.5,1.6,-2.6362018928,-1.0491667375,1.968879032,1.6584812642
0,5000,0.9,25,30000,20,1.6,1.5,1.6,0.164039303,0.1277806593,0.164039303,0.1277806593
10,5000,0.9,25,30000,20,1.6,1.5,1.6,-1.745999407,-0.7413587997,2.8138163166,1.8540069271
18,5000,0.9,25,30000,20,1.6,1.5,1.6,-3.2740560447,-1.7710763219,4.9573794409,2.9329366896
26,5000,0.9,25,30000,20,1.6,1.5,1.6,-4.3384331429,-2.7607650854,7.3881404016,4.0004490545
0,5000,0.9,25,37000,20,1.6,1.5,1.6,0.1641347752,0.1278233738,0.1641347752,0.1278233738
10,5000,0.9,25,37000,20,1.6,1.5,1.6,-1.7458252176,-0.7329734518,2.8725080911,1.9074768426
18,5000,0.9,25,37000,20,1.6,1.5,1.6,-3.2781778695,-1.7741974483,4.9859928047,2.958863353
26,5000,0.9,25,37000,20,1.6,1.5,1.6,-4.3383903306,-2.7615192701,7.4152631763,4.0224908158
0,5000,0.9,75,30000,20,1.6,1.5,1.6,0.1392282016,0.1082916496,0.1392282016,0.1082916496
10,5000,0.9,75,30000,20,1.6,1.5,1.6,-1.8566642103,-0.761946647,2.59542817,1.7955879155
18,5000,0.9,75,30000,20,1.6,1.5,1.6,-3.3297232136,-1.7893461821,4.6060035824,2.8258407927
26,5000,0.9,75,30000,20,1.6,1.5,1.6,-4.1605661226,-2.7854013309,7.2419551509,3.8822647871
0,5000,0.9,75,37000,20,1.6,1.5,1.6,0.1394274181,0.1084527171,0.1394274181,0.1084527171
10,5000,0.9,75,37000,20,1.6,1.5,1.6,-1.8568214783,-0.7615916129,2.5982089051,1.797270413
18,5000,0.9,75,37000,20,1.6,1.5,1.6,-3.3345906447,-1.7944677623,4.6135697116,2.8272930805
26,5000,0.9,75,37000,20,1.6,1.5,1.6,-4.1683513198,-2.7985877756,7.249093633,3.8727881802
0,5000,1.1,25,30000,20,1.6,1.5,1.6,0.1334589819,0.1001300249,0.1334589819,0.1001300249
10,5000,1.1,25,30000,20,1.6,1.5,1.6,-1.7760025736,-0.7064461278,2.8518824271,1.8950166827
18,5000,1.1,25,30000,20,1.6,1.5,1.6,-3.2710535944,-1.7371540491,4.9717524855,2.968903009
26,5000,1.1,25,30000,20,1.6,1.5,1.6,-4.4482774144,-2.7282814508,7.3036993159,4.0401284375
0,5000,1.1,25,37000,20,1.6,1.5,1.6,0.1435765904,0.1080630023,0.1435765904,0.1080630023
10,5000,1.1,25,37000,20,1.6,1.5,1.6,-1.7584495295,-0.7093059223,2.8431505159,1.8965570694
18,5000,1.1,25,37000,20,1.6,1.5,1.6,-3.3055947259,-1.722099671,4.9442806423,2.9797369838
26,5000,1.1,25,37000,20,1.6,1.5,1.6,-4.4472492424,-2.7362377289,7.3028163589,4.0361485506
0,5000,1.1,75,30000,20,1.6,1.5,1.6,0.0977201492,0.0722889073,0.0977201492,0.0722889073
10,5000,1.1,75,30000,20,1.6,1.5,1.6,-1.9032741424,-0.6942798439,2.4641183315,1.9638653965
18,5000,1.1,75,30000,20,1.6,1.5,1.6,-3.4732657417,-1.741486104,4.50637693,2.9685709687
26,5000,1.1,75,30000,20,1.6,1.5,1.6,-4.3461725806,-2.7171216602,6.9346977623,4.0033778064
0,5000,1.1,75,37000,20,1.6,1.5,1.6,0.0981889213,0.0727332958,0.0981889213,0.0727332958
10,5000,1.1,75,37000,20,1.6,1.5,1.6,-1.9458018447,-0.6865557303,2.4108189708,1.9938582633
18,5000,1.1,75,37000,20,1.6,1.5,1.6,-3.4861101083,-1.739474688,4.4844798557,2.9924437992
26,5000,1.1,75,37000,20,1.6,1.5,1.6,-4.3522958366,-2.7120155026,6.9310570679,4.0256077484
0,2000,0.9,25,30000,20,1.6,2.0,0.8,0.170740919,0.1401573315,0.170740919,0.1401573315
10,2000,0.9,25,30000,20,1.6,2.0,0.8,-0.9799304287,-0.0953153019,1.0522461989,0.9426364976
18,2000,0.9,25,30000,20,1.6,2.0,0.8,-1.6932060545,-0.5048186597,1.8823194669,1.3406998197
26,2000,0.9,25,30000,20,1.6,2.0,0.8,-2.3576146927,-0.9747784492,2.7394101259,1.7250228107
0,2000,0.9,25,37000,20,1.6,2.0,0.8,0.170946641,0.1403271324,0.170946641,0.1403271324
10,2000,0.9,25,37000,20,1.6,2.0,0.8,-0.9824704024,-0.0947188748,1.0521683488,0.939518894
18,2000,0.9,25,37000,20,1.6,2.0,0.8,-1.6951262912,-0.5041843072,1.8829410326,1.3383337145
26,2000,0.9,25,37000,20,1.6,2.0,0.8,-2.3580857421,-0.9750088692,2.7411416075,1.7230949072
0,2000,0.9,75,30000,20,1.6,2.0,0.8,0.147328151,0.1206204495,0.147328151,0.1206204495
10,2000,0.9,75,30000,20,1.6,2.0,0.8,-1.2954885135,-0.0721073224,0.4657422653,1.01245345
18,2000,0.9,75,30000,20,1.6,2.0,0.8,-1.9658324125,-0.4874458999,1.3989590144,1.3836897667
26,2000,0.9,75,30000,20,1.6,2.0,0.8,-2.6144395007,-0.9441159885,2.2701775371,1.7568335021
0,2000,0.9,75,37000,20,1.6,2.0,0.8,0.1476309433,0.1208694488,0.1476309433,0.1208694488
10,2000,0.9,75,37000,20,1.6,2.0,0.8,-1.2560072221,-0.0787750113,0.5228388528,1.0094205466
18,2000,0.9,75,37000,20,1.6,2.0,0.8,-1.9623838098,-0.4870271205,1.3816480508,1.3950915563
26,2000,0.9,75,37000,20,1.6,2.0,0.8,-2.6122284234,-0.9430404303,2.2551909216,1.7680262919
0,2000,1.1,25,30000,20,1.6,2.0,0.8,0.1001355983,0.0779751867,0.1001355983,0.0779751867
10,2000,1.1,25,30000,20,1.6,2.0,0.8,-0.9178993355,-0.1481654788,1.205811806,0.8532742348
18,2000,1.1,25,30000,20,1.6,2.0,0.8,-1.6486139225,-0.555277068,2.0133144433,1.2550538556
26,2000,1.1,25,30000,20,1.6,2.0,0.8,-2.3423515375,-1.027252656,2.8239725976,1.6471850368
0,2000,1.1,25,37000,20,1.6,2.0,0.8,0.1002329689,0.0780589061,0.1002329689,0.0780589061
10,2000,1.1,25,37000,20,1.6,2.0,0.8,-0.9188199579,-0.1479502914,1.2050187138,0.8533133475
18,2000,1.1,25,37000,20,1.6,2.0,0.8,-1.6493205763,-0.5551217114,2.0130192361,1.2552265982
26,2000,1.1,25,37000,20,1.6,2.0,0.8,-2.342878515,-1.0273214993,2.8241815242,1.6476183118
0,2000,1.1,75,30000,20,1.6,2.0,0.8,0.0933580054,0.0722729119,0.0933580054,0.0722729119
10,2000,1.1,75,30000,20,1.6,2.0,0.8,-1.0619278194,-0.1382712889,1.0020922225,0.8890385302
18,2000,1.1,75,30000,20,1.6,2.0,0.8,-1.814453876,-0.5393634753,1.7782553311,1.2873954644
26,2000,1.1,75,30000,20,1.6,2.0,0.8,-2.5209090874,-0.9834398783,2.5794540407,1.6744350034
0,2000,1.1,75,37000,20,1.6,2.0,0.8,0.093482679,0.0723802346,0.093482679,0.0723802346
10,2000,1.1,75,37000,20,1.6,2.0,0.8,-1.1899056464,-0.1116686278,0.7513140081,0.9450735797
18,2000,1.1,75,37000,20,1.6,2.0,0.8,-1.9190769661,-0.5165602099,1.5635952899,1.3381789885
26,2000,1.1,75,37000,20,1.6,2.0,0.8,-2.594139908,-0.9973198064,2.3828487984,1.7121971387
0,5000,0.9,25,30000,20,1.6,2.0,0.8,0.170740919,0.1401573315,0.170740919,0.1401573315
10,5000,0.9,25,30000,20,1.6,2.0,0.8,-1.8036212497,-0.6372971153,3.030648932,1.917286177
18,5000,0.9,25,30000,20,1.6,2.0,0.8,-3.4827841895,-1.6899045888,5.3457712071,3.0484860743
26,5000,0.9,25,30000,20,1.6,2.0,0.8,-4.600796085,-2.6929384806,7.9349920603,4.0281677288
0,5000,0.9,25,37000,20,1.6,2.0,0.8,0.170946641,0.1403271324,0.170946641,0.1403271324
10,5000,0.9,25,37000,20,1.6,2.0,0.8,-1.8027744872,-0.6370803052,3.0327812305,1.9182595744
18,5000,0.9,25,37000,20,1.6,2.0,0.8,-3.4881982243,-1.680393328,5.3498758316,3.0581471443
26,5000,0.9,25,37000,20,1.6,2.0,0.8,-4.600938242,-2.7079944565,7.9418723138,4.0215606667
0,5000,0.9,75,30000,20,1.6,2.0,0.8,0.147328151,0.1206204495,0.147328151,0.1206204495
10,5000,0.9,75,30000,20,1.6,2.0,0.8,-1.7081751351,-0.6450256539,2.8971848188,1.8621055084
18,5000,0.9,75,30000,20,1.6,2.0,0.8,-3.4688299486,-1.6646857706,4.9731430429,2.8684943105
26,5000,0.9,75,30000,20,1.6,2.0,0.8,-4.4123319026,-2.7611591604,7.7483382153,3.8041832583
0,5000,0.9,75,37000,20,1.6,2.0,0.8,0.1476309433,0.1208694488,0.1476309433,0.1208694488
10,5000,0.9,75,37000,20,1.6,2.0,0.8,-1.7068812925,-0.644851277,2.8991472253,1.8631477442
18,5000,0.9,75,37000,20,1.6,2.0,0.8,-3.4680733413,-1.6645227713,4.9766822518,2.8706213215
26,5000,0.9,75,37000,20,1.6,2.0,0.8,-4.4091314372,-2.7602775971,7.7567107349,3.8076370163
0,5000,1.1,25,30000,20,1.6,2.0,0.8,0.1001355983,0.0779751867,0.1001355983,0.0779751867
10,5000,1.1,25,30000,20,1.6,2.0,0.8,-1.8822483416,-0.5409540407,2.8562121633,1.9973692699
18,5000,1.1,25,30000,20,1.6,2.0,0.8,-3.4572599077,-1.6069146281,5.3215644124,2.9998625524
26,5000,1.1,25,30000,20,1.6,2.0,0.8,-4.6732130595,-2.6591045128,7.8181277764,4.0044891147
0,5000,1.1,25,37000,20,1.6,2.0,0.8,0.1002329689,0.0780589061,0.1002329689,0.0780589061
10,5000,1.1,25,37000,20,1.6,2.0,0.8,-1.8814952829,-0.5403335153,2.8601203976,1.998689081
18,5000,1.1,25,37000,20,1.6,2.0,0.8,-3.4561465547,-1.6065979472,5.3263048713,3.0022411368
26,5000,1.1,25,37000,20,1.6,2.0,0.8,-4.6724943759,-2.6601911367,7.8234381308,4.0064503207
0,5000,1.1,75,30000,20,1.6,2.0,0.8,0.0933580054,0.0722729119,0.0933580054,0.0722729119
10,5000,1.1,75,30000,20,1.6,2.0,0.8,-1.6432513715,-0.5589687739,2.844184756,2.0778886071
18,5000,1.1,75,30000,20,1.6,2.0,0.8,-3.4667104366,-1.5867097032,4.9003319929,3.0688135864
26,5000,1.1,75,30000,20,1.6,2.0,0.8,-4.5469546442,-2.6710851542,7.5113164018,3.987158549
0,5000,1.1,75,37000,20,1.6,2.0,0.8,0.093482679,0.0723802346,0.093482679,0.0723802346
10,5000,1.1,75,37000,20,1.6,2.0,0.8,-1.6857716031,-0.548470592,2.7543969716,2.1013433028
18,5000,1.1,75,37000,20,1.6,2.0,0.8,-3.5845046578,-1.5667729201,4.7969551187,3.0939236103
26,5000,1.1,75,37000,20,1.6,2.0,0.8,-4.5525894293,-2.6701328671,7.5134598047,3.992017135
0,2000,0.9,25,30000,20,1.6,2.0,1.2,0.1947113539,0.1569828733,0.1947113539,0.1569828733
10,2000,0.9,25,30000,20,1.6,2.0,1.2,-0.9520029943,-0.1196706556,1.065861842,0.9654774822
18,2000,0.9,25,30000,20,1.6,2.0,1.2,-1.6572070372,-0.5409010285,1.8804169706,1.3769244423
26,2000,0.9,25,30000,20,1.6,2.0,1.2,-2.3164907716,-1.0372649003,2.6962196907,1.7744161742
0,2000,0.9,25,37000,20,1.6,2.0,1.2,0.1948559459,0.1572272652,0.1948559459,0.1572272652
10,2000,0.9,25,37000,20,1.6,2.0,1.2,-0.8931317484,-0.1293535923,1.1730919993,0.9389807676
18,2000,0.9,25,37000,20,1.6,2.0,1.2,-1.6297452438,-0.5474113036,1.9495065334,1.3533437667
26,2000,0.9,25,37000,20,1.6,2.0,1.2,-2.2986493919,-1.0447762985,2.7585704055,1.7546462036
0,2000,0.9,75,30000,20,1.6,2.0,1.2,0.2106870738,0.1703584523,0.2106870738,0.1703584523
10,2000,0.9,75,30000,20,1.6,2.0,1.2,-1.1422640031,-0.1011664536,0.7522114236,0.9975442751
18,2000,0.9,75,30000,20,1.6,2.0,1.2,-1.8681638172,-0.5184425325,1.5402284062,1.4062152469
26,2000,0.9,75,30000,20,1.6,2.0,1.2,-2.5316044105,-1.0221100457,2.3467372852,1.7914695979
0,2000,0.9,75,37000,20,1.6,2.0,1.2,0.2110023162,0.1706404114,0.2110023162,0.1706404114
10,2000,0.9,75,37000,20,1.6,2.0,1.2,-1.1348945623,-0.1020820769,0.7669497698,0.9954548276
18,2000,0.9,75,37000,20,1.6,2.0,1.2,-1.8627019321,-0.5190065789,1.5528795009,1.4047405138
26,2000,0.9,75,37000,20,1.6,2.0,1.2,-2.5278031242,-1.0221825273,2.3577998406,1.7909116389
0,2000,1.1,25,30000,20,1.6,2.0,1.2,0.1174443692,0.089512593,0.1174443692,0.089512593
10,2000,1.1,25,30000,20,1.6,2.0,1.2,-0.9437145897,-0.1765660378,1.1604502091,0.8630666402
18,2000,1.1,25,30000,20,1.6,2.0,1.2,-1.6695663256,-0.595985068,1.9537868101,1.2793438589
26,2000,1.1,25,30000,20,1.6,2.0,1.2,-2.3551279237,-1.0563900254,2.7643499534,1.6937424811
0,2000,1.1,25,37000,20,1.6,2.0,1.2,0.1175648889,0.0896147343,0.1175648889,0.0896147343
10,2000,1.1,25,37000,20,1.6,2.0,1.2,-0.9368469243,-0.1767735664,1.1715948246,0.8631115853
18,2000,1.1,25,37000,20,1.6,2.0,1.2,-1.6694589764,-0.5950392139,1.9558177171,1.2799035205
26,2000,1.1,25,37000,20,1.6,2.0,1.2,-2.3547940748,-1.057515579,2.7659019234,1.6940332116
0,2000,1.1,75,30000,20,1.6,2.0,1.2,0.1097463398,0.0831222145,0.1097463398,0.0831222145
10,2000,1.1,75,30000,20,1.6,2.0,1.2,-1.024012331,-0.1738222581,1.0787120489,0.862994169
18,2000,1.1,75,30000,20,1.6,2.0,1.2,-1.7900918558,-0.5855486904,1.8009416889,1.283158593
26,2000,1.1,75,30000,20,1.6,2.0,1.2,-2.5007243289,-1.0137814339,2.589885796,1.6961785079
0,2000,1.1,75,37000,20,1.6,2.0,1.2,0.1100540889,0.0833838329,0.1100540889,0.0833838329
10,2000,1.1,75,37000,20,1.6,2.0,1.2,-0.9403723589,-0.1779322132,1.2375704403,0.8385804466
18,2000,1.1,75,37000,20,1.6,2.0,1.2,-1.9899208075,-0.5473081013,1.4184226809,1.3549748032
26,2000,1.1,75,37000,20,1.6,2.0,1.2,-2.7094494091,-0.9975862419,2.1780239352,1.7621040256
0,5000,0.9,25,30000,20,1.6,2.0,1.2,0.1947113539,0.1569828733,0.1947113539,0.1569828733
10,5000,0.9,25,30000,20,1.6,2.0,1.2,-1.8875046612,-0.5878969273,3.3090497568,2.2235205562
18,5000,0.9,25,30000,20,1.6,2.0,1.2,-3.4795204262,-1.6919072536,5.3283928176,3.2143615277
26,5000,0.9,25,30000,20,1.6,2.0,1.2,-4.6263849124,-2.7736299548,7.8184478473,4.2066208643
0,5000,0.9,25,37000,20,1.6,2.0,1.2,0.1948559459,0.1572272652,0.1948559459,0.1572272652
10,5000,0.9,25,37000,20,1.6,2.0,1.2,-1.8867959388,-0.5861474453,3.3122557757,2.2260984801
18,5000,0.9,25,37000,20,1.6,2.0,1.2,-3.4788871355,-1.6911425408,5.3321836115,3.2167469752
26,5000,0.9,25,37000,20,1.6,2.0,1.2,-4.6252040308,-2.773894189,7.8236763284,4.2084558357
0,5000,0.9,75,30000,20,1.6,2.0,1.2,0.2106870738,0.1703584523,0.2106870738,0.1703584523
10,5000,0.9,75,30000,20,1.6,2.0,1.2,-1.8640102924,-0.6994980458,2.7274481671,1.9278840066
18,5000,0.9,75,30000,20,1.6,2.0,1.2,-3.6872433081,-1.7468269379,4.7220704229,2.9727918209
26,5000,0.9,75,30000,20,1.6,2.0,1.2,-4.4282600234,-2.8336710083,7.4729975002,3.9636682187
0,5000,0.9,75,37000,20,1.6,2.0,1.2,0.2110023162,0.1706404114,0.2110023162,0.1706404114
10,5000,0.9,75,37000,20,1.6,2.0,1.2,-1.8592174489,-0.6989508197,2.7353688543,1.9281047601
18,5000,0.9,75,37000,20,1.6,2.0,1.2,-3.684693343,-1.7460938248,4.7294963187,2.97427853
26,5000,0.9,75,37000,20,1.6,2.0,1.2,-4.4255262334,-2.8338585155,7.4813033897,3.9660578204
0,5000,1.1,25,30000,20,1.6,2.0,1.2,0.1174443692,0.089512593,0.1174443692,0.089512593
10,5000,1.1,25,30000,20,1.6,2.0,1.2,-1.9180291192,-0.6049641208,2.725222576,2.0350345897
18,5000,1.1,25,30000,20,1.6,2.0,1.2,-3.4746851496,-1.6957134918,5.1886719932,3.0691400506
26,5000,1.1,25,30000,20,1.6,2.0,1.2,-4.7177040201,-2.7820327468,7.634613394,4.1169744168
0,5000,1.1,25,37000,20,1.6,2.0,1.2,0.1175648889,0.0896147343,0.1175648889,0.0896147343
10,5000,1.1,25,37000,20,1.6,2.0,1.2,-1.919568536,-0.6104947964,2.7368901341,2.0172714728
18,5000,1.1,25,37000,20,1.6,2.0,1.2,-3.4734070041,-1.6991031431,5.1965849572,3.062284545
26,5000,1.1,25,37000,20,1.6,2.0,1.2,-4.7164181556,-2.784803927,7.6428291703,4.1128394598
0,5000,1.1,75,30000,20,1.6,2.0,1.2,0.1097463398,0.0831222145,0.1097463398,0.0831222145
10,5000,1.1,75,30000,20,1.6,2.0,1.2,-2.4235695063,-0.543428799,2.1706628398,2.1441675074
18,5000,1.1,75,30000,20,1.6,2.0,1.2,-3.7366669493,-1.67698692,4.776050634,3.1032121281
26,5000,1.1,75,30000,20,1.6,2.0,1.2,-4.6653976491,-2.7289111528,7.355710309,4.0969141726
0,5000,1.1,75,37000,20,1.6,2.0,1.2,0.1100540889,0.0833838329,0.1100540889,0.0833838329
10,5000,1.1,75,37000,20,1.6,2.0,1.2,-2.4646042288,-0.5234873429,2.207139694,2.1719930049
18,5000,1.1,75,37000,20,1.6,2.0,1.2,-3.7269981252,-1.6669845528,4.7538992023,3.1283241436
26,5000,1.1,75,37000,20,1.6,2.0,1.2,-4.6443543995,-2.7250867233,7.3593276306,4.114338538
0,2000,0.9,25,30000,20,1.6,2.0,1.6,0.2101577773,0.1696675788,0.2101577773,0.1696675788
10,2000,0.9,25,30000,20,1.6,2.0,1.6,-1.0781830566,-0.1184236804,0.785855912,1.0150319743
18,2000,0.9,25,30000,20,1.6,2.0,1.6,-1.6679001071,-0.5675546308,1.7987541467,1.4062357387
26,2000,0.9,25,30000,20,1.6,2.0,1.6,-2.3147260475,-1.0995514982,2.5995790657,1.818711517
0,2000,0.9,25,37000,20,1.6,2.0,1.6,0.2103378126,0.1698208332,0.2103378126,0.1698208332
10,2000,0.9,25,37000,20,1.6,2.0,1.6,-1.0804526092,-0.1173312516,0.7842036207,1.0146769613
18,2000,0.9,25,37000,20,1.6,2.0,1.6,-1.6683423077,-0.5673687241,1.799636155,1.4063454751
26,2000,0.9,25,37000,20,1.6,2.0,1.6,-2.3163638124,-1.0985639609,2.5996867193,1.8196745563
0,2000,0.9,75,30000,20,1.6,2.0,1.6,0.1697734373,0.1364275917,0.1697734373,0.1364275917
10,2000,0.9,75,30000,20,1.6,2.0,1.6,-1.3906036076,-0.1244490825,0.3284111782,1.0228336648
18,2000,0.9,75,30000,20,1.6,2.0,1.6,-1.9739476088,-0.5670098356,1.3492133457,1.415535006
26,2000,0.9,75,30000,20,1.6,2.0,1.6,-2.6365883685,-1.1007300192,2.1086759309,1.8227414123
0,2000,0.9,75,37000,20,1.6,2.0,1.6,0.1699738801,0.1365986097,0.1699738801,0.1365986097
10,2000,0.9,75,37000,20,1.6,2.0,1.6,-1.3877221817,-0.123576127,0.332325046,1.0254521443
18,2000,0.9,75,37000,20,1.6,2.0,1.6,-1.972782568,-0.5659712516,1.3504509461,1.4185308905
26,2000,0.9,75,37000,20,1.6,2.0,1.6,-2.6507374908,-1.0968223223,2.0911212623,1.8286152083
0,2000,1.1,25,30000,20,1.6,2.0,1.6,0.133305705,0.1017059224,0.133305705,0.1017059224
10,2000,1.1,25,30000,20,1.6,2.0,1.6,-0.9338937798,-0.1902801781,1.1596082213,0.8802742857
18,2000,1.1,25,30000,20,1.6,2.0,1.6,-1.6547537806,-0.6222757023,1.9280604156,1.3121173739
26,2000,1.1,25,30000,20,1.6,2.0,1.6,-2.3218446158,-1.1159518011,2.7178861745,1.7373897509
0,2000,1.1,25,37000,20,1.6,2.0,1.6,0.1334431524,0.10182268,0.1334431524,0.10182268
10,2000,1.1,25,37000,20,1.6,2.0,1.6,-0.9335423774,-0.189845481,1.1613087916,0.8807162812
18,2000,1.1,25,37000,20,1.6,2.0,1.6,-1.6543566142,-0.621938931,1.9303373888,1.3126044408
26,2000,1.1,25,37000,20,1.6,2.0,1.6,-2.3217333575,-1.1151202687,2.7203846791,1.7382652608
0,2000,1.1,75,30000,20,1.6,2.0,1.6,0.1247608355,0.0945933941,0.1247608355,0.0945933941
10,2000,1.1,75,30000,20,1.6,2.0,1.6,-0.9902642064,-0.1939035845,1.1635151377,0.8571395509
18,2000,1.1,75,30000,20,1.6,2.0,1.6,-1.7250596988,-0.6225663292,1.9185472677,1.2824965714
26,2000,1.1,75,30000,20,1.6,2.0,1.6,-2.4350131524,-1.058776257,2.6780445611,1.7140134802
0,2000,1.1,75,37000,20,1.6,2.0,1.6,0.1249291298,0.0947365755,0.1249291298,0.0947365755
10,2000,1.1,75,37000,20,1.6,2.0,1.6,-0.9896168536,-0.1933823057,1.1654407563,0.8580523497
18,2000,1.1,75,37000,20,1.6,2.0,1.6,-1.7361588034,-0.62078109,1.893621062,1.2887674179
26,2000,1.1,75,37000,20,1.6,2.0,1.6,-2.4436177025,-1.0588090663,2.6561490362,1.7200572574
0,5000,0.9,25,30000,20,1.6,2.0,1.6,0.2101577773,0.1696675788,0.2101577773,0.1696675788
10,5000,0.9,25,30000,20,1.6,2.0,1.6,-1.8668645468,-0.6428712003,3.1928553195,2.2890735374
18,5000,0.9,25,30000,20,1.6,2.0,1.6,-3.4395723253,-1.7897564231,5.2027585768,3.2838611305
26,5000,0.9,25,30000,20,1.6,2.0,1.6,-4.6005504381,-2.8957979104,7.5895289842,4.3275132067
0,5000,0.9,25,37000,20,1.6,2.0,1.6,0.2103378126,0.1698208332,0.2103378126,0.1698208332
10,5000,0.9,25,37000,20,1.6,2.0,1.6,-1.868510326,-0.641367577,3.1904423454,2.2916330092
18,5000,0.9,25,37000,20,1.6,2.0,1.6,-3.4231275292,-1.7575493585,5.1955800036,3.2938102023
26,5000,0.9,25,37000,20,1.6,2.0,1.6,-4.6090475197,-2.8981046226,7.6004230015,4.328454165
0,5000,0.9,75,30000,20,1.6,2.0,1.6,0.1697734373,0.1364275917,0.1697734373,0.1364275917
10,5000,0.9,75,30000,20,1.6,2.0,1.6,-1.8082640175,-0.6722327671,3.2045231952,2.2324317034
18,5000,0.9,75,30000,20,1.6,2.0,1.6,-3.3525662478,-1.7756740231,4.9497471097,3.2799723765
26,5000,0.9,75,30000,20,1.6,2.0,1.6,-4.4772799826,-2.8801220619,7.3611523077,4.3027952541
0,5000,0.9,75,37000,20,1.6,2.0,1.6,0.1699738801,0.1365986097,0.1699738801,0.1365986097
10,5000,0.9,75,37000,20,1.6,2.0,1.6,-1.812704424,-0.6399009207,3.2845034897,2.2868609717
18,5000,0.9,75,37000,20,1.6,2.0,1.6,-3.4318098141,-1.7594402065,4.9995783321,3.3217236087
26,5000,0.9,75,37000,20,1.6,2.0,1.6,-4.4803804695,-2.8804643535,7.4373723255,4.327829726
0,5000,1.1,25,30000,20,1.6,2.0,1.6,0.133305705,0.1017059224,0.133305705,0.1017059224
10,5000,1.1,25,30000,20,1.6,2.0,1.6,-1.7553973407,-0.6582973192,2.8466598665,2.1761971424
18,5000,1.1,25,30000,20,1.6,2.0,1.6,-3.444567472,-1.7762134095,5.0636438515,3.2017373247
26,5000,1.1,25,30000,20,1.6,2.0,1.6,-4.729092382,-2.9007287884,7.4127779603,4.2761744243
0,5000,1.1,25,37000,20,1.6,2.0,1.6,0.1334431524,0.10182268,0.1334431524,0.10182268
10,5000,1.1,25,37000,20,1.6,2.0,1.6,-1.8405837979,-0.6410613647,2.7104733952,2.2099751856
18,5000,1.1,25,37000,20,1.6,2.0,1.6,-3.4639350184,-1.7667247442,5.0439118835,3.2234558881
26,5000,1.1,25,37000,20,1.6,2.0,1.6,-4.7376730845,-2.8940511141,7.4045309605,4.2929665439
0,5000,1.1,75,30000,20,1.6,2.0,1.6,0.1247608355,0.0945933941,0.1247608355,0.0945933941
10,5000,1.1,75,30000,20,1.6,2.0,1.6,-2.4754900275,-0.5938045198,1.6802057422,2.322710396
18,5000,1.1,75,30000,20,1.6,2.0,1.6,-3.8148264762,-1.7769392771,4.2378647475,3.2815699656
26,5000,1.1,75,30000,20,1.6,2.0,1.6,-4.7423053845,-2.82736571,6.7626467594,4.3203660642
0,5000,1.1,75,37000,20,1.6,2.0,1.6,0.1249291298,0.0947365755,0.1249291298,0.0947365755
10,5000,1.1,75,37000,20,1.6,2.0,1.6,-2.4909450666,-0.5877187555,1.6807837396,2.3314904811
18,5000,1.1,75,37000,20,1.6,2.0,1.6,-3.8186664293,-1.7735436736,4.2498847212,3.2897073211
26,5000,1.1,75,37000,20,1.6,2.0,1.6,-4.7444826441,-2.8244625901,6.7818518015,4.3281873263
0,2000,0.9,25,30000,23,0.8,1.0,0.8,0.0955112024,0.0608418304,0.0955112024,0.0608418304
10,2000,0.9,25,30000,23,0.8,1.0,0.8,-0.5986193134,-0.2163522823,1.2504080843,0.6911758148
18,2000,0.9,25,30000,23,0.8,1.0,0.8,-1.3808565237,-0.5825535197,1.9750887678,1.0577193914
26,2000,0.9,25,30000,23,0.8,1.0,0.8,-2.1033662876,-0.9452819903,2.7316230741,1.4263251286
0,2000,0.9,25,37000,23,0.8,1.0,0.8,0.0962379993,0.0612999229,0.0962379993,0.0612999229
10,2000,0.9,25,37000,23,0.8,1.0,0.8,-0.5971579402,-0.2148638719,1.254833973,0.6939786293
18,2000,0.9,25,37000,23,0.8,1.0,0.8,-1.387716185,-0.5812431828,1.9779528215,1.0617783179
26,2000,0.9,25,37000,23,0.8,1.0,0.8,-2.0999635879,-0.9446370293,2.7441289505,1.432011796
0,2000,0.9,75,30000,23,0.8,1.0,0.8,0.0857528339,0.0547771333,0.0857528339,0.0547771333
10,2000,0.9,75,30000,23,0.8,1.0,0.8,-0.5004864527,-0.2197683072,1.2898329646,0.682806123
18,2000,0.9,75,30000,23,0.8,1.0,0.8,-1.2599698137,-0.5796770745,1.9968063545,1.0381695122
26,2000,0.9,75,30000,23,0.8,1.0,0.8,-2.0455947511,-0.9411012986,2.6905464784,1.3923531901
0,2000,0.9,75,37000,23,0.8,1.0,0.8,0.0864107403,0.0551922403,0.0864107403,0.0551922403
10,2000,0.9,75,37000,23,0.8,1.0,0.8,-0.4801877466,-0.2172096146,1.3049713757,0.6878030325
18,2000,0.9,75,37000,23,0.8,1.0,0.8,-1.2432613131,-0.577624948,2.014966194,1.0453583198
26,2000,0.9,75,37000,23,0.8,1.0,0.8,-2.0335698855,-0.9400738937,2.7113306758,1.4016316541
0,2000,1.1,25,30000,23,0.8,1.0,0.8,0.0537010991,0.0334546366,0.0537010991,0.0334546366
10,2000,1.1,25,30000,23,0.8,1.0,0.8,-0.5655311062,-0.2063367114,1.2893351975,0.7059301878
18,2000,1.1,25,30000,23,0.8,1.0,0.8,-1.4379636526,-0.58154016,1.9420911867,1.0647380099
26,2000,1.1,25,30000,23,0.8,1.0,0.8,-2.1254514167,-0.9440992214,2.7098192195,1.4324942174
0,2000,1.1,25,37000,23,0.8,1.0,0.8,0.05402868,0.0336615589,0.05402868,0.0336615589
10,2000,1.1,25,37000,23,0.8,1.0,0.8,-0.5692774186,-0.2056591839,1.2922463646,0.7089699726
18,2000,1.1,25,37000,23,0.8,1.0,0.8,-1.4337794786,-0.5796064777,1.9539713475,1.0697429932
26,2000,1.1,25,37000,23,0.8,1.0,0.8,-2.121121846,-0.9495110402,2.7301704506,1.4366995677
0,2000,1.1,75,30000,23,0.8,1.0,0.8,0.0498262278,0.0310922013,0.0498262278,0.0310922013
10,2000,1.1,75,30000,23,0.8,1.0,0.8,-0.8405485225,-0.2184937045,0.9651038409,0.7170364496
18,2000,1.1,75,30000,23,0.8,1.0,0.8,-1.5612261086,-0.5680968182,1.6879907495,1.0668667188
26,2000,1.1,75,30000,23,0.8,1.0,0.8,-2.231807371,-0.9589801368,2.4474839675,1.410015649
0,2000,1.1,75,37000,23,0.8,1.0,0.8,0.0551235536,0.0342693827,0.0551235536,0.0342693827
10,2000,1.1,75,37000,23,0.8,1.0,0.8,-1.0609489621,-0.2309580946,0.683068214,0.6580936728
18,2000,1.1,75,37000,23,0.8,1.0,0.8,-1.7595397651,-0.6107002745,1.4512699005,1.0115155705
26,2000,1.1,75,37000,23,0.8,1.0,0.8,-2.3907575537,-0.9665734669,2.280846661,1.3740532836
0,5000,0.9,25,30000,23,0.8,1.0,0.8,0.0955112024,0.0608418304,0.0955112024,0.0608418304
10,5000,0.9,25,30000,23,0.8,1.0,0.8,-1.6353343202,-0.6379772188,3.0816756379,1.6439671621
18,5000,0.9,25,30000,23,0.8,1.0,0.8,-3.1810940422,-1.5327838429,5.0952196128,2.5735581004
26,5000,0.9,25,30000,23,0.8,1.0,0.8,-4.3482165283,-2.392406124,7.4975787161,3.5340523377
0,5000,0.9,25,37000,23,0.8,1.0,0.8,0.0962379993,0.0612999229,0.0962379993,0.0612999229
10,5000,0.9,25,37000,23,0.8,1.0,0.8,-1.6323299877,-0.6349232858,3.0948883114,1.6516043528
18,5000,0.9,25,37000,23,0.8,1.0,0.8,-3.1755550551,-1.5309232978,5.1232122239,2.5842687273
26,5000,0.9,25,37000,23,0.8,1.0,0.8,-4.331120799,-2.3901121478,7.5423147735,3.5468388174
0,5000,0.9,75,30000,23,0.8,1.0,0.8,0.0857528339,0.0547771333,0.0857528339,0.0547771333
10,5000,0.9,75,30000,23,0.8,1.0,0.8,-1.632515683,-0.6596800195,2.8159134017,1.5747638337
18,5000,0.9,75,30000,23,0.8,1.0,0.8,-3.1609481722,-1.5456721971,4.802491091,2.4777223122
26,5000,0.9,75,30000,23,0.8,1.0,0.8,-4.152739714,-2.417377369,7.4070891318,3.4241613962
0,5000,0.9,75,37000,23,0.8,1.0,0.8,0.0864107403,0.0551922403,0.0864107403,0.0551922403
10,5000,0.9,75,37000,23,0.8,1.0,0.8,-1.6152123786,-0.6528966019,2.8566483653,1.5903111279
18,5000,0.9,75,37000,23,0.8,1.0,0.8,-3.1446729142,-1.5415738911,4.8592622186,2.4989923225
26,5000,0.9,75,37000,23,0.8,1.0,0.8,-4.1521794533,-2.4081315064,7.4690624351,3.448120543
0,5000,1.1,25,30000,23,0.8,1.0,0.8,0.0537010991,0.0334546366,0.0537010991,0.0334546366
10,5000,1.1,25,30000,23,0.8,1.0,0.8,-1.6221540613,-0.5866668224,2.9663184902,1.693197547
18,5000,1.1,25,30000,23,0.8,1.0,0.8,-3.2290528266,-1.4757599845,4.992943964,2.6225612593
26,5000,1.1,25,30000,23,0.8,1.0,0.8,-4.4082628387,-2.3381856778,7.35992847,3.5806226861
0,5000,1.1,25,37000,23,0.8,1.0,0.8,0.05402868,0.0336615589,0.05402868,0.0336615589
10,5000,1.1,25,37000,23,0.8,1.0,0.8,-1.6215589521,-0.5830709643,2.9831295776,1.702467015
18,5000,1.1,25,37000,23,0.8,1.0,0.8,-3.2251411946,-1.474893067,5.0195638566,2.6352082333
26,5000,1.1,25,37000,23,0.8,1.0,0.8,-4.3961400893,-2.3366313211,7.402580481,3.5950272593
0,5000,1.1,75,30000,23,0.8,1.0,0.8,0.0498262278,0.0310922013,0.0498262278,0.0310922013
10,5000,1.1,75,30000,23,0.8,1.0,0.8,-1.5970675763,-0.6075611067,2.9025939006,1.6375682463
18,5000,1.1,75,30000,23,0.8,1.0,0.8,-3.2958373755,-1.4993818662,4.7857970391,2.5307455084
26,5000,1.1,75,30000,23,0.8,1.0,0.8,-4.201859144,-2.357756963,7.2685346272,3.4728307122
0,5000,1.1,75,37000,23,0.8,1.0,0.8,0.0551235536,0.0342693827,0.0551235536,0.0342693827
10,5000,1.1,75,37000,23,0.8,1.0,0.8,-1.665726485,-0.6066940411,2.8340943329,1.6433124962
18,5000,1.1,75,37000,23,0.8,1.0,0.8,-3.246809298,-1.4806311098,4.7882562664,2.5488685607
26,5000,1.1,75,37000,23,0.8,1.0,0.8,-4.1907708563,-2.3514931822,7.2985901873,3.4950968338
0,2000,0.9,25,30000,23,0.8,1.0,1.2,0.1080583601,0.0658573062,0.1080583601,0.0658573062
10,2000,0.9,25,30000,23,0.8,1.0,1.2,-0.5794504484,-0.2230814094,1.2715341458,0.6792927403
18,2000,0.9,25,30000,23,0.8,1.0,1.2,-1.3731636169,-0.5879874948,1.985024917,1.0415456358
26,2000,0.9,25,30000,23,0.8,1.0,1.2,-2.0971704159,-0.9509638528,2.7353619465,1.4081755188
0,2000,0.9,25,37000,23,0.8,1.0,1.2,0.1089040689,0.0663694244,0.1089040689,0.0663694244
10,2000,0.9,25,37000,23,0.8,1.0,1.2,-0.5806096352,-0.2220543491,1.2704900578,0.6816634873
18,2000,0.9,25,37000,23,0.8,1.0,1.2,-1.3772350483,-0.5871997114,1.9860897453,1.0452154743
26,2000,0.9,25,37000,23,0.8,1.0,1.2,-2.1100952964,-0.9514086575,2.7337665777,1.4117158596
0,2000,0.9,75,30000,23,0.8,1.0,1.2,0.0976520309,0.0596338766,0.0976520309,0.0596338766
10,2000,0.9,75,30000,23,0.8,1.0,1.2,-0.6100723999,-0.2372353856,1.2122586771,0.6556924461
18,2000,0.9,75,30000,23,0.8,1.0,1.2,-1.4944668714,-0.6060665774,1.8535790302,0.9996767706
26,2000,0.9,75,30000,23,0.8,1.0,1.2,-2.2411041651,-0.9715011952,2.5467750397,1.3506332582
0,2000,0.9,75,37000,23,0.8,1.0,1.2,0.0985372439,0.0601710717,0.0985372439,0.0601710717
10,2000,0.9,75,37000,23,0.8,1.0,1.2,-0.606520892,-0.2354262105,1.218737605,0.6592288972
18,2000,0.9,75,37000,23,0.8,1.0,1.2,-1.4912900856,-0.6037093837,1.8648021425,1.0060916424
26,2000,0.9,75,37000,23,0.8,1.0,1.2,-2.2460811666,-0.9722757716,2.5593447576,1.3589041157
0,2000,1.1,25,30000,23,0.8,1.0,1.2,0.0864474249,0.0510417851,0.0864474249,0.0510417851
10,2000,1.1,25,30000,23,0.8,1.0,1.2,-0.8745712849,-0.239426611,0.9772924653,0.6595921897
18,2000,1.1,25,30000,23,0.8,1.0,1.2,-1.5644434793,-0.6128322184,1.7564557081,1.0206004291
26,2000,1.1,25,30000,23,0.8,1.0,1.2,-2.2699634734,-0.9747217048,2.5266164755,1.3869581438
0,2000,1.1,25,37000,23,0.8,1.0,1.2,0.0614519686,0.0363382813,0.0614519686,0.0363382813
10,2000,1.1,25,37000,23,0.8,1.0,1.2,-0.603864698,-0.2169026278,1.2559739026,0.6835780693
18,2000,1.1,25,37000,23,0.8,1.0,1.2,-1.432019378,-0.5947154565,1.9432569445,1.0404093955
26,2000,1.1,25,37000,23,0.8,1.0,1.2,-2.148741272,-0.9610453346,2.6940473762,1.4061500885
0,2000,1.1,75,30000,23,0.8,1.0,1.2,0.0570317094,0.033695189,0.0570317094,0.033695189
10,2000,1.1,75,30000,23,0.8,1.0,1.2,-0.8260798269,-0.2471178972,1.0583643423,0.6414252989
18,2000,1.1,75,30000,23,0.8,1.0,1.2,-1.5386198885,-0.6364322905,1.772648175,0.9894394735
26,2000,1.1,75,30000,23,0.8,1.0,1.2,-2.2898007158,-0.9505335505,2.4647370657,1.3483153299
0,2000,1.1,75,37000,23,0.8,1.0,1.2,0.0574543369,0.0339519908,0.0574543369,0.0339519908
10,2000,1.1,75,37000,23,0.8,1.0,1.2,-0.754441932,-0.237014406,1.105449324,0.6510846122
18,2000,1.1,75,37000,23,0.8,1.0,1.2,-1.5217213848,-0.6289928066,1.7941518249,0.9986170835
26,2000,1.1,75,37000,23,0.8,1.0,1.2,-2.3048850365,-0.9581782963,2.4739444187,1.3551255543
0,5000,0.9,25,30000,23,0.8,1.0,1.2,0.1080583601,0.0658573062,0.1080583601,0.0658573062
10,5000,0.9,25,30000,23,0.8,1.0,1.2,-1.6151856433,-0.6591025032,3.0900096013,1.6138690598
18,5000,0.9,25,30000,23,0.8,1.0,1.2,-3.2454316318,-1.5463550251,5.0451243879,2.540193017
26,5000,0.9,25,30000,23,0.8,1.0,1.2,-4.4079721931,-2.3703446371,7.375229461,3.5201689874
0,5000,0.9,25,37000,23,0.8,1.0,1.2,0.1089040689,0.0663694244,0.1089040689,0.0663694244
10,5000,0.9,25,37000,23,0.8,1.0,1.2,-1.6115909399,-0.6561719376,3.1045360588,1.6213962774
18,5000,0.9,25,37000,23,0.8,1.0,1.2,-3.2350342576,-1.5444675702,5.0762117914,2.5516759617
26,5000,0.9,25,37000,23,0.8,1.0,1.2,-4.3947429899,-2.3679788162,7.4194327185,3.5342981435
0,5000,0.9,75,30000,23,0.8,1.0,1.2,0.0976520309,0.0596338766,0.0976520309,0.0596338766
10,5000,0.9,75,30000,23,0.8,1.0,1.2,-1.7214035226,-0.6880686491,2.9914875129,1.5446568705
18,5000,0.9,75,30000,23,0.8,1.0,1.2,-3.2735074561,-1.5570895363,4.848841968,2.4447458658
26,5000,0.9,75,30000,23,0.8,1.0,1.2,-4.2138312392,-2.3738973027,7.3138889904,3.4243114682
0,5000,0.9,75,37000,23,0.8,1.0,1.2,0.0985372439,0.0601710717,0.0985372439,0.0601710717
10,5000,0.9,75,37000,23,0.8,1.0,1.2,-1.7177889789,-0.6839777654,3.0144890915,1.5563993201
18,5000,0.9,75,37000,23,0.8,1.0,1.2,-3.2751104807,-1.5582669514,4.8893688504,2.4630318375
26,5000,0.9,75,37000,23,0.8,1.0,1.2,-4.1892048726,-2.3667917441,7.3843105785,3.4497906751
0,5000,1.1,25,30000,23,0.8,1.0,1.2,0.0864474249,0.0510417851,0.0864474249,0.0510417851
10,5000,1.1,25,30000,23,0.8,1.0,1.2,-1.6043057167,-0.6079108812,3.1384239374,1.6963877539
18,5000,1.1,25,30000,23,0.8,1.0,1.2,-3.2870032456,-1.5050894277,5.0462537836,2.6073044354
26,5000,1.1,25,30000,23,0.8,1.0,1.2,-4.5265401589,-2.3377934092,7.2902448719,3.5697871281
0,5000,1.1,25,37000,23,0.8,1.0,1.2,0.0614519686,0.0363382813,0.0614519686,0.0363382813
10,5000,1.1,25,37000,23,0.8,1.0,1.2,-1.6522745351,-0.6299992771,2.9382382249,1.6433756068
18,5000,1.1,25,37000,23,0.8,1.0,1.2,-3.3033870856,-1.5148195347,4.9592014763,2.580006943
26,5000,1.1,25,37000,23,0.8,1.0,1.2,-4.5201245505,-2.3438704226,7.2486817528,3.5547232642
0,5000,1.1,75,30000,23,0.8,1.0,1.2,0.0570317094,0.033695189,0.0570317094,0.033695189
10,5000,1.1,75,30000,23,0.8,1.0,1.2,-1.4688111521,-0.6378598178,2.7669674379,1.5726502609
18,5000,1.1,75,30000,23,0.8,1.0,1.2,-3.2814224157,-1.5284801393,4.6298265669,2.4627456125
26,5000,1.1,75,30000,23,0.8,1.0,1.2,-4.4031922594,-2.3594965167,6.8935333484,3.4130729834
0,5000,1.1,75,37000,23,0.8,1.0,1.2,0.0574543369,0.0339519908,0.0574543369,0.0339519908
10,5000,1.1,75,37000,23,0.8,1.0,1.2,-1.5204283497,-0.6405361102,2.7483526124,1.5807123858
18,5000,1.1,75,37000,23,0.8,1.0,1.2,-3.3121532855,-1.5315015403,4.6441744491,2.4798728063
26,5000,1.1,75,37000,23,0.8,1.0,1.2,-4.3661437163,-2.3364353545,7.0372166466,3.4597636834
0,2000,0.9,25,30000,23,0.8,1.0,1.6,0.1206802796,0.0723701878,0.1206802796,0.0723701878
10,2000,0.9,25,30000,23,0.8,1.0,1.6,-0.5724709245,-0.2290122227,1.2872155907,0.6840888924
18,2000,0.9,25,30000,23,0.8,1.0,1.6,-1.3649418086,-0.5984909951,2.0063896035,1.0496947243
26,2000,0.9,25,30000,23,0.8,1.0,1.6,-2.1180506291,-0.9688420543,2.7438588643,1.4172124863
0,2000,0.9,25,37000,23,0.8,1.0,1.6,0.1216577699,0.0729535022,0.1216577699,0.0729535022
10,2000,0.9,25,37000,23,0.8,1.0,1.6,-0.5799209563,-0.2289003551,1.2735383146,0.685822012
18,2000,0.9,25,37000,23,0.8,1.0,1.6,-1.3761828642,-0.5991239073,1.9954313951,1.052126363
26,2000,0.9,25,37000,23,0.8,1.0,1.6,-2.1108134826,-0.9674891192,2.7499102484,1.42363757
0,2000,0.9,75,30000,23,0.8,1.0,1.6,0.18070536,0.1073251578,0.18070536,0.1073251578
10,2000,0.9,75,30000,23,0.8,1.0,1.6,-0.5426808254,-0.2098353062,1.2846773491,0.6936566294
18,2000,0.9,75,30000,23,0.8,1.0,1.6,-1.3464529395,-0.5814972906,1.9729237283,1.042416572
26,2000,0.9,75,30000,23,0.8,1.0,1.6,-2.1052702053,-0.9549253676,2.6766091035,1.3941114527
0,2000,0.9,75,37000,23,0.8,1.0,1.6,0.1102620738,0.0662407038,0.1102620738,0.0662407038
10,2000,0.9,75,37000,23,0.8,1.0,1.6,-0.4791593364,-0.2188543682,1.3152314573,0.6933584307
18,2000,0.9,75,37000,23,0.8,1.0,1.6,-1.2346142489,-0.5843380366,2.0301503308,1.0505769281
26,2000,0.9,75,37000,23,0.8,1.0,1.6,-2.0321951975,-0.9548793534,2.724360575,1.4038321885
0,2000,1.1,25,30000,23,0.8,1.0,1.6,0.1186851802,0.0690183217,0.1186851802,0.0690183217
10,2000,1.1,25,30000,23,0.8,1.0,1.6,-0.7252370703,-0.231915246,1.2082931608,0.6803320964
18,2000,1.1,25,30000,23,0.8,1.0,1.6,-1.4382124992,-0.6099542653,1.9581816664,1.045739389
26,2000,1.1,25,30000,23,0.8,1.0,1.6,-2.2154877324,-0.9905823655,2.6629397138,1.4055491604
0,2000,1.1,25,37000,23,0.8,1.0,1.6,0.1188383586,0.069019117,0.1188383586,0.069019117
10,2000,1.1,25,37000,23,0.8,1.0,1.6,-0.7218642676,-0.2296577334,1.2190866281,0.6835254022
18,2000,1.1,25,37000,23,0.8,1.0,1.6,-1.4375332281,-0.6081683406,1.96987894,1.0501342583
26,2000,1.1,25,37000,23,0.8,1.0,1.6,-2.21604598,-0.990063299,2.6771275627,1.4111185319
0,2000,1.1,75,30000,23,0.8,1.0,1.6,0.0640450388,0.0370247167,0.0640450388,0.0370247167
10,2000,1.1,75,30000,23,0.8,1.0,1.6,-0.6909126628,-0.2501439381,1.1307385087,0.6477997254
18,2000,1.1,75,30000,23,0.8,1.0,1.6,-1.629426153,-0.6487502045,1.7323133488,0.9828079071
26,2000,1.1,75,30000,23,0.8,1.0,1.6,-2.3009638474,-0.9825252472,2.4675957745,1.3458204756
0,2000,1.1,75,37000,23,0.8,1.0,1.6,0.0645481714,0.0373260049,0.0645481714,0.0373260049
10,2000,1.1,75,37000,23,0.8,1.0,1.6,-0.609714962,-0.2407370826,1.1811228868,0.6596620651
18,2000,1.1,75,37000,23,0.8,1.0,1.6,-1.6209429207,-0.6391478811,1.7517007708,0.992025991
26,2000,1.1,75,37000,23,0.8,1.0,1.6,-2.3091501904,-0.9869601363,2.4889460461,1.3548304256
0,5000,0.9,25,30000,23,0.8,1.0,1.6,0.1206802796,0.0723701878,0.1206802796,0.0723701878
10,5000,0.9,25,30000,23,0.8,1.0,1.6,-1.6102144152,-0.6810651783,3.1158916206,1.6194135307
18,5000,0.9,25,30000,23,0.8,1.0,1.6,-3.3174595577,-1.5847923653,5.0374933293,2.5541775141
26,5000,0.9,25,30000,23,0.8,1.0,1.6,-4.5459149987,-2.4129509825,7.3097085505,3.550551712
0,5000,0.9,25,37000,23,0.8,1.0,1.6,0.1216577699,0.0729535022,0.1216577699,0.0729535022
10,5000,0.9,25,37000,23,0.8,1.0,1.6,-1.6067645802,-0.6782226853,3.1311672081,1.6266756858
18,5000,0.9,25,37000,23,0.8,1.0,1.6,-3.3075234701,-1.582968564,5.0679510668,2.5658550143
26,5000,0.9,25,37000,23,0.8,1.0,1.6,-4.5346418282,-2.4102997478,7.3545037734,3.5654954234
0,5000,0.9,75,30000,23,0.8,1.0,1.6,0.18070536,0.1073251578,0.18070536,0.1073251578
10,5000,0.9,75,30000,23,0.8,1.0,1.6,-1.7313035489,-0.7017295291,2.8760490413,1.5547182044
18,5000,0.9,75,30000,23,0.8,1.0,1.6,-3.4258314175,-1.6034678234,4.7216775384,2.4538058403
26,5000,0.9,75,30000,23,0.8,1.0,1.6,-4.4080403083,-2.4086489984,7.1117814017,3.4512414137
0,5000,0.9,75,37000,23,0.8,1.0,1.6,0.1102620738,0.0662407038,0.1102620738,0.0662407038
10,5000,0.9,75,37000,23,0.8,1.0,1.6,-1.6520330725,-0.7084800867,2.8152262373,1.5448362383
18,5000,0.9,75,37000,23,0.8,1.0,1.6,-3.4176665891,-1.6097773811,4.6798135752,2.453110762
26,5000,0.9,75,37000,23,0.8,1.0,1.6,-4.4083520948,-2.4081003044,7.1229484085,3.4622739921
0,5000,1.1,25,30000,23,0.8,1.0,1.6,0.1186851802,0.0690183217,0.1186851802,0.0690183217
10,5000,1.1,25,30000,23,0.8,1.0,1.6,-1.8354539021,-0.6817223728,2.8547440594,1.6132861342
18,5000,1.1,25,30000,23,0.8,1.0,1.6,-3.4746268014,-1.5766290495,4.8538124516,2.5580260298
26,5000,1.1,25,30000,23,0.8,1.0,1.6,-4.7379971131,-2.4052293675,7.1033454993,3.5507711109
0,5000,1.1,25,37000,23,0.8,1.0,1.6,0.1188383586,0.069019117,0.1188383586,0.069019117
10,5000,1.1,25,37000,23,0.8,1.0,1.6,-1.8385494454,-0.6785412005,2.8606742314,1.6203589686
18,5000,1.1,25,37000,23,0.8,1.0,1.6,-3.4693717346,-1.5747983161,4.8781942811,2.5699324858
26,5000,1.1,25,37000,23,0.8,1.0,1.6,-4.7280718593,-2.4039381182,7.1467591906,3.5667066313
0,5000,1.1,75,30000,23,0.8,1.0,1.6,0.0640450388,0.0370247167,0.0640450388,0.0370247167
10,5000,1.1,75,30000,23,0.8,1.0,1.6,-1.6204704915,-0.6964022435,2.6746303713,1.5450988846
18,5000,1.1,75,30000,23,0.8,1.0,1.6,-3.4211411612,-1.5917100358,4.5660828622,2.4506644755
26,5000,1.1,75,30000,23,0.8,1.0,1.6,-4.6081527575,-2.3946423789,6.7833826486,3.4327810491
0,5000,1.1,75,37000,23,0.8,1.0,1.6,0.0645481714,0.0373260049,0.0645481714,0.0373260049
10,5000,1.1,75,37000,23,0.8,1.0,1.6,-1.7106721586,-0.7008083155,2.6613338136,1.5535672832
18,5000,1.1,75,37000,23,0.8,1.0,1.6,-3.4835825924,-1.5963807254,4.5822608547,2.4680314432
26,5000,1.1,75,37000,23,0.8,1.0,1.6,-4.597532236,-2.400775437,6.8729466508,3.4587659813
0,2000,0.9,25,30000,23,0.8,1.5,0.8,0.1264640316,0.0893273192,0.1264640316,0.0893273192
10,2000,0.9,25,30000,23,0.8,1.5,0.8,-0.4875423472,-0.1979896757,1.4628929502,0.7987577958
18,2000,0.9,25,30000,23,0.8,1.5,0.8,-1.3504804291,-0.5906335182,2.1620036691,1.1988261738
26,2000,0.9,25,30000,23,0.8,1.5,0.8,-2.1747767263,-0.9862782105,2.8863737424,1.5988082019
0,2000,0.9,25,37000,23,0.8,1.5,0.8,0.1270986366,0.0897786125,0.1270986366,0.0897786125
10,2000,0.9,25,37000,23,0.8,1.5,0.8,-0.4855807482,-0.1971563432,1.4678387898,0.8001012647
18,2000,0.9,25,37000,23,0.8,1.5,0.8,-1.3495678581,-0.5898097127,2.1675488835,1.201280594
26,2000,0.9,25,37000,23,0.8,1.5,0.8,-2.1731442113,-0.9856495838,2.894122397,1.6022677808
0,2000,0.9,75,30000,23,0.8,1.5,0.8,0.113547775,0.0802659458,0.113547775,0.0802659458
10,2000,0.9,75,30000,23,0.8,1.5,0.8,-0.5249574052,-0.21195917,1.2988500054,0.7708546964
18,2000,0.9,75,30000,23,0.8,1.5,0.8,-1.4058794881,-0.5925329419,1.9969769978,1.163840988
26,2000,0.9,75,30000,23,0.8,1.5,0.8,-2.3016430752,-0.9910277957,2.6587690717,1.5560938045
0,2000,0.9,75,37000,23,0.8,1.5,0.8,0.1141466836,0.0806931349,0.1141466836,0.0806931349
10,2000,0.9,75,37000,23,0.8,1.5,0.8,-0.5030383981,-0.2122972486,1.3256832238,0.7727965649
18,2000,0.9,75,37000,23,0.8,1.5,0.8,-1.3917816034,-0.5963668254,2.0188349023,1.1673697552
26,2000,0.9,75,37000,23,0.8,1.5,0.8,-2.2898539191,-0.9904877434,2.6824491605,1.5619433296
0,2000,1.1,25,30000,23,0.8,1.5,0.8,0.0684852421,0.0465009893,0.0684852421,0.0465009893
10,2000,1.1,25,30000,23,0.8,1.5,0.8,-0.9316759898,-0.1874800474,1.0695196622,0.7907933063
18,2000,1.1,25,30000,23,0.8,1.5,0.8,-1.6197712785,-0.5857968705,1.8920731587,1.1867485551
26,2000,1.1,25,30000,23,0.8,1.5,0.8,-2.2981782411,-1.0087430059,2.699413324,1.5794295618
0,2000,1.1,25,37000,23,0.8,1.5,0.8,0.0687284266,0.0466744258,0.0687284266,0.0466744258
10,2000,1.1,25,37000,23,0.8,1.5,0.8,-0.9326536613,-0.1851985097,1.0705014423,0.7934474697
18,2000,1.1,25,37000,23,0.8,1.5,0.8,-1.6223245955,-0.5838162928,1.8935136494,1.1899444792
26,2000,1.1,25,37000,23,0.8,1.5,0.8,-2.3005940168,-1.0098722843,2.7041071249,1.5827552759
0,2000,1.1,75,30000,23,0.8,1.5,0.8,0.0641800549,0.04348504,0.0641800549,0.04348504
10,2000,1.1,75,30000,23,0.8,1.5,0.8,-0.3867627261,-0.2201118588,1.5049080086,0.7637115397
18,2000,1.1,75,30000,23,0.8,1.5,0.8,-1.6293408357,-0.59390041,1.9415976234,1.1641476529
26,2000,1.1,75,30000,23,0.8,1.5,0.8,-2.3306421679,-1.0140957085,2.7153645183,1.5463695891
0,2000,1.1,75,37000,23,0.8,1.5,0.8,0.0644744477,0.0436951644,0.0644744477,0.0436951644
10,2000,1.1,75,37000,23,0.8,1.5,0.8,-0.3872260473,-0.219282647,1.5095457097,0.7656277475
18,2000,1.1,75,37000,23,0.8,1.5,0.8,-1.6328653998,-0.5938155349,1.945893828,1.1677510625
26,2000,1.1,75,37000,23,0.8,1.5,0.8,-2.3348440254,-1.015602175,2.7218288362,1.5513895018
0,5000,0.9,25,30000,23,0.8,1.5,0.8,0.1264640316,0.0893273192,0.1264640316,0.0893273192
10,5000,0.9,25,30000,23,0.8,1.5,0.8,-1.8357311392,-0.6407193682,2.9779528101,1.8356006263
18,5000,0.9,25,30000,23,0.8,1.5,0.8,-3.4584651276,-1.6409744532,5.1067265835,2.8416919317
26,5000,0.9,25,30000,23,0.8,1.5,0.8,-4.6626531852,-2.617790561,7.5589999895,3.8539974413
0,5000,0.9,25,37000,23,0.8,1.5,0.8,0.1270986366,0.0897786125,0.1270986366,0.0897786125
10,5000,0.9,25,37000,23,0.8,1.5,0.8,-1.8519242341,-0.6388204853,2.979411751,1.8375425462
18,5000,0.9,25,37000,23,0.8,1.5,0.8,-3.4557465522,-1.6412513254,5.1232927378,2.8461313921
26,5000,0.9,25,37000,23,0.8,1.5,0.8,-4.653810093,-2.6188297075,7.5898373104,3.8602037657
0,5000,0.9,75,30000,23,0.8,1.5,0.8,0.113547775,0.0802659458,0.113547775,0.0802659458
10,5000,0.9,75,30000,23,0.8,1.5,0.8,-1.8907601108,-0.6632544194,2.7980928302,1.7848546121
18,5000,0.9,75,30000,23,0.8,1.5,0.8,-3.5189140822,-1.6502738541,4.7964310935,2.7636200845
26,5000,0.9,75,30000,23,0.8,1.5,0.8,-4.4622908652,-2.6430284327,7.4107040196,3.7458330544
0,5000,0.9,75,37000,23,0.8,1.5,0.8,0.1141466836,0.0806931349,0.1141466836,0.0806931349
10,5000,0.9,75,37000,23,0.8,1.5,0.8,-1.8698349584,-0.657071184,2.8269942428,1.7946446464
18,5000,0.9,75,37000,23,0.8,1.5,0.8,-3.5046602147,-1.6492255446,4.8281097112,2.7766942141
26,5000,0.9,75,37000,23,0.8,1.5,0.8,-4.4597032375,-2.6414014544,7.4472427306,3.7591596703
0,5000,1.1,25,30000,23,0.8,1.5,0.8,0.0684852421,0.0465009893,0.0684852421,0.0465009893
10,5000,1.1,25,30000,23,0.8,1.5,0.8,-1.6552098842,-0.5898702214,3.0322257503,1.8896257884
18,5000,1.1,25,30000,23,0.8,1.5,0.8,-3.4176256541,-1.5862870743,5.1099845563,2.8898341684
26,5000,1.1,25,30000,23,0.8,1.5,0.8,-4.7467838941,-2.5662033383,7.4818573959,3.9019798659
0,5000,1.1,25,37000,23,0.8,1.5,0.8,0.0687284266,0.0466744258,0.0687284266,0.0466744258
10,5000,1.1,25,37000,23,0.8,1.5,0.8,-1.6532631962,-0.58577646,3.0507687523,1.8958074491
18,5000,1.1,25,37000,23,0.8,1.5,0.8,-3.4111798869,-1.5840337506,5.1367017527,2.897638705
26,5000,1.1,25,37000,23,0.8,1.5,0.8,-4.7332605954,-2.563287922,7.5130474842,3.9117348954
0,5000,1.1,75,30000,23,0.8,1.5,0.8,0.0641800549,0.04348504,0.0641800549,0.04348504
10,5000,1.1,75,30000,23,0.8,1.5,0.8,-1.6774495835,-0.6135657413,2.8518534363,1.8392329249
18,5000,1.1,75,30000,23,0.8,1.5,0.8,-3.5241437999,-1.5972526638,4.8203497315,2.816343019
26,5000,1.1,75,30000,23,0.8,1.5,0.8,-4.6135369826,-2.5765162307,7.2508323148,3.8029413074
0,5000,1.1,75,37000,23,0.8,1.5,0.8,0.0644744477,0.0436951644,0.0644744477,0.0436951644
10,5000,1.1,75,37000,23,0.8,1.5,0.8,-1.6630963809,-0.6096655525,2.897551265,1.8442651496
18,5000,1.1,75,37000,23,0.8,1.5,0.8,-3.5129753976,-1.5945625232,4.8699889358,2.8264215776
26,5000,1.1,75,37000,23,0.8,1.5,0.8,-4.602670579,-2.5756755375,7.310189097,3.8156842766
0,2000,0.9,25,30000,23,0.8,1.5,1.2,0.1408933332,0.0960833724,0.1408933332,0.0960833724
10,2000,0.9,25,30000,23,0.8,1.5,1.2,-0.4735856084,-0.199842473,1.44939114,0.8072962048
18,2000,0.9,25,30000,23,0.8,1.5,1.2,-1.3572262757,-0.5966385152,2.1362532103,1.2032509164
26,2000,0.9,25,30000,23,0.8,1.5,1.2,-2.138505507,-1.0031555182,2.8804031759,1.6017023647
0,2000,0.9,25,37000,23,0.8,1.5,1.2,0.1416113099,0.0965787503,0.1416113099,0.0965787503
10,2000,0.9,25,37000,23,0.8,1.5,1.2,-0.4719790687,-0.1990841152,1.4558599616,0.8085218926
18,2000,0.9,25,37000,23,0.8,1.5,1.2,-1.358649752,-0.5955005039,2.1419486232,1.2056176981
26,2000,0.9,25,37000,23,0.8,1.5,1.2,-2.129495344,-1.0033545416,2.8929210929,1.6051302973
0,2000,0.9,75,30000,23,0.8,1.5,1.2,0.1279812359,0.0873878021,0.1279812359,0.0873878021
10,2000,0.9,75,30000,23,0.8,1.5,1.2,-0.8811130469,-0.2173769768,1.1773311109,0.7454170099
18,2000,0.9,75,30000,23,0.8,1.5,1.2,-1.6066848673,-0.6292562494,1.9330602407,1.1375548684
26,2000,0.9,75,30000,23,0.8,1.5,1.2,-2.4402291367,-1.0254291926,2.6020241527,1.5310169943
0,2000,0.9,75,37000,23,0.8,1.5,1.2,0.1281437223,0.0874195661,0.1281437223,0.0874195661
10,2000,0.9,75,37000,23,0.8,1.5,1.2,-0.9096040104,-0.2161432585,1.1624007871,0.7466673236
18,2000,0.9,75,37000,23,0.8,1.5,1.2,-1.6240745774,-0.6144079908,1.9365459297,1.1430843228
26,2000,0.9,75,37000,23,0.8,1.5,1.2,-2.4392675457,-1.0343019603,2.605753651,1.5340796032
0,2000,1.1,25,30000,23,0.8,1.5,1.2,0.1004932665,0.0658177016,0.1004932665,0.0658177016
10,2000,1.1,25,30000,23,0.8,1.5,1.2,-0.7629478377,-0.2031658661,1.2452499219,0.7812977376
18,2000,1.1,25,30000,23,0.8,1.5,1.2,-1.5000236533,-0.6198712983,2.0071132749,1.1766095202
26,2000,1.1,25,30000,23,0.8,1.5,1.2,-2.3025040489,-1.0358578139,2.7014683363,1.5734851779
0,2000,1.1,25,37000,23,0.8,1.5,1.2,0.0946504547,0.0618737538,0.0946504547,0.0618737538
10,2000,1.1,25,37000,23,0.8,1.5,1.2,-0.7843460075,-0.2048341472,1.1830080196,0.777301915
18,2000,1.1,25,37000,23,0.8,1.5,1.2,-1.5120868921,-0.646482833,1.9441036362,1.169622404
26,2000,1.1,25,37000,23,0.8,1.5,1.2,-2.3239588933,-1.0117334908,2.6844235589,1.5781441552
0,2000,1.1,75,30000,23,0.8,1.5,1.2,0.1080478444,0.0706245497,0.1080478444,0.0706245497
10,2000,1.1,75,30000,23,0.8,1.5,1.2,-0.5584848685,-0.203778612,1.2952676222,0.77039948
18,2000,1.1,75,30000,23,0.8,1.5,1.2,-1.6898496415,-0.6342386297,1.7871655503,1.1462911361
26,2000,1.1,75,30000,23,0.8,1.5,1.2,-2.398417029,-1.0282626082,2.5767438705,1.5396840474
0,2000,1.1,75,37000,23,0.8,1.5,1.2,0.1202531237,0.0804866187,0.1202531237,0.0804866187
10,2000,1.1,75,37000,23,0.8,1.5,1.2,-1.0470398248,-0.202374456,1.1084512286,0.7637638943
18,2000,1.1,75,37000,23,0.8,1.5,1.2,-1.7432706426,-0.5994281241,1.8925154499,1.1573546185
26,2000,1.1,75,37000,23,0.8,1.5,1.2,-2.4257796061,-1.0390391704,2.6579857543,1.5422198584
0,5000,0.9,25,30000,23,0.8,1.5,1.2,0.1408933332,0.0960833724,0.1408933332,0.0960833724
10,5000,0.9,25,30000,23,0.8,1.5,1.2,-1.6811584428,-0.6682151774,3.0578445539,1.8263772025
18,5000,0.9,25,30000,23,0.8,1.5,1.2,-3.4461765079,-1.6753254793,5.0697883315,2.8350639631
26,5000,0.9,25,30000,23,0.8,1.5,1.2,-4.7262097041,-2.6364090019,7.4261550717,3.8737226495
0,5000,0.9,25,37000,23,0.8,1.5,1.2,0.1416113099,0.0965787503,0.1416113099,0.0965787503
10,5000,0.9,25,37000,23,0.8,1.5,1.2,-1.6726901166,-0.664899799,3.0744276761,1.833453799
18,5000,0.9,25,37000,23,0.8,1.5,1.2,-3.4383694051,-1.6735020698,5.091060637,2.8438339555
26,5000,0.9,25,37000,23,0.8,1.5,1.2,-4.7194180871,-2.6367904132,7.455750052,3.88343256
0,5000,0.9,75,30000,23,0.8,1.5,1.2,0.1279812359,0.0873878021,0.1279812359,0.0873878021
10,5000,0.9,75,30000,23,0.8,1.5,1.2,-1.8537212049,-0.7131542418,2.984455127,1.7571001568
18,5000,0.9,75,30000,23,0.8,1.5,1.2,-3.5605080857,-1.7031158202,4.9568891933,2.7467216771
26,5000,0.9,75,30000,23,0.8,1.5,1.2,-4.581285218,-2.6463653122,7.3278426637,3.7702231335
0,5000,0.9,75,37000,23,0.8,1.5,1.2,0.1281437223,0.0874195661,0.1281437223,0.0874195661
10,5000,0.9,75,37000,23,0.8,1.5,1.2,-1.8556810401,-0.7107195239,2.9931225023,1.764145751
18,5000,0.9,75,37000,23,0.8,1.5,1.2,-3.5582305343,-1.7010720064,4.97998892,2.7586192372
26,5000,0.9,75,37000,23,0.8,1.5,1.2,-4.5724454462,-2.6444356389,7.3692420319,3.7850038827
0,5000,1.1,25,30000,23,0.8,1.5,1.2,0.1004932665,0.0658177016,0.1004932665,0.0658177016
10,5000,1.1,25,30000,23,0.8,1.5,1.2,-1.7240321321,-0.6475114977,3.0172668457,1.8539852852
18,5000,1.1,25,30000,23,0.8,1.5,1.2,-3.4994766282,-1.6414872974,5.0570538947,2.8657657702
26,5000,1.1,25,30000,23,0.8,1.5,1.2,-4.8576405641,-2.6063727844,7.3370577362,3.8993214391
0,5000,1.1,25,37000,23,0.8,1.5,1.2,0.0946504547,0.0618737538,0.0946504547,0.0618737538
10,5000,1.1,25,37000,23,0.8,1.5,1.2,-1.6872536734,-0.6435987518,3.0767775984,1.8650918401
18,5000,1.1,25,37000,23,0.8,1.5,1.2,-3.4950125467,-1.6374893244,5.0934445847,2.876967667
26,5000,1.1,25,37000,23,0.8,1.5,1.2,-4.8522530867,-2.6071843535,7.3843568564,3.9089455389
0,5000,1.1,75,30000,23,0.8,1.5,1.2,0.1080478444,0.0706245497,0.1080478444,0.0706245497
10,5000,1.1,75,30000,23,0.8,1.5,1.2,-1.7520314638,-0.6754710336,2.7241310879,1.8029649848
18,5000,1.1,75,30000,23,0.8,1.5,1.2,-3.6005700422,-1.6597411815,4.6902875362,2.7877982165
26,5000,1.1,75,30000,23,0.8,1.5,1.2,-4.8070880507,-2.6100034366,7.0034685804,3.8040433236
0,5000,1.1,75,37000,23,0.8,1.5,1.2,0.1202531237,0.0804866187,0.1202531237,0.0804866187
10,5000,1.1,75,37000,23,0.8,1.5,1.2,-1.6652600778,-0.6496771593,3.3165763096,1.8289407275
18,5000,1.1,75,37000,23,0.8,1.5,1.2,-3.5274453063,-1.6391885928,5.1795959883,2.8171184705
26,5000,1.1,75,37000,23,0.8,1.5,1.2,-4.7451735064,-2.6033237117,7.3571976151,3.8295860349
0,2000,0.9,25,30000,23,0.8,1.5,1.6,0.1547958519,0.1042562748,0.1547958519,0.1042562748
10,2000,0.9,25,30000,23,0.8,1.5,1.6,-0.4665549975,-0.2027299412,1.4566227547,0.8189639283
18,2000,0.9,25,30000,23,0.8,1.5,1.6,-1.3455834304,-0.606779232,2.1474166708,1.2172097262
26,2000,0.9,25,30000,23,0.8,1.5,1.6,-2.1348914063,-1.0191462139,2.8883313793,1.6199951189
0,2000,0.9,25,37000,23,0.8,1.5,1.6,0.1556067914,0.1048099335,0.1556067914,0.1048099335
10,2000,0.9,25,37000,23,0.8,1.5,1.6,-0.4683886553,-0.2021281692,1.4604420779,0.8194860904
18,2000,0.9,25,37000,23,0.8,1.5,1.6,-1.3499124268,-0.6059053275,2.1514968141,1.2188849766
26,2000,0.9,25,37000,23,0.8,1.5,1.6,-2.1604790053,-1.0166972431,2.8826445965,1.6221475696
0,2000,0.9,75,30000,23,0.8,1.5,1.6,0.1403617533,0.0945398735,0.1403617533,0.0945398735
10,2000,0.9,75,30000,23,0.8,1.5,1.6,-0.7317386553,-0.2279936953,1.2678742636,0.7529792734
18,2000,0.9,75,30000,23,0.8,1.5,1.6,-1.5586300334,-0.6463936255,1.9637834244,1.1466023893
26,2000,0.9,75,30000,23,0.8,1.5,1.6,-2.4685367357,-1.0538868484,2.588064548,1.5379848773
0,2000,0.9,75,37000,23,0.8,1.5,1.6,0.2207077622,0.1480302681,0.2207077622,0.1480302681
10,2000,0.9,75,37000,23,0.8,1.5,1.6,-0.518533297,-0.1881883582,1.3636491784,0.8088865686
18,2000,0.9,75,37000,23,0.8,1.5,1.6,-1.4850760221,-0.6036331979,1.9976771086,1.1940744132
26,2000,0.9,75,37000,23,0.8,1.5,1.6,-2.3236819599,-1.0309394654,2.6876303705,1.5832295078
0,2000,1.1,25,30000,23,0.8,1.5,1.6,0.0936647037,0.0599483241,0.0936647037,0.0599483241
10,2000,1.1,25,30000,23,0.8,1.5,1.6,-0.7876405993,-0.2249457194,1.1636554892,0.7671118139
18,2000,1.1,25,30000,23,0.8,1.5,1.6,-1.5373557466,-0.6584611473,1.9202286464,1.1668046652
26,2000,1.1,25,30000,23,0.8,1.5,1.6,-2.3801892276,-1.0524743558,2.6291637401,1.5724924056
0,2000,1.1,25,37000,23,0.8,1.5,1.6,0.0912957455,0.0584136692,0.0912957455,0.0584136692
10,2000,1.1,25,37000,23,0.8,1.5,1.6,-0.8004103742,-0.2244336662,1.1641605041,0.7667204632
18,2000,1.1,25,37000,23,0.8,1.5,1.6,-1.5402733273,-0.6505540105,1.9326223486,1.1691427112
26,2000,1.1,25,37000,23,0.8,1.5,1.6,-2.3774990716,-1.0637119242,2.6307208748,1.5729335512
0,2000,1.1,75,30000,23,0.8,1.5,1.6,0.0818690413,0.0521099532,0.0818690413,0.0521099532
10,2000,1.1,75,30000,23,0.8,1.5,1.6,-1.0824482497,-0.2459939728,1.0604633546,0.7364710389
18,2000,1.1,75,30000,23,0.8,1.5,1.6,-1.7634232565,-0.6449554603,1.8526758117,1.1380987508
26,2000,1.1,75,30000,23,0.8,1.5,1.6,-2.4564504384,-1.0838211249,2.6137499154,1.5302010989
0,2000,1.1,75,37000,23,0.8,1.5,1.6,0.0823127514,0.0524136918,0.0823127514,0.0524136918
10,2000,1.1,75,37000,23,0.8,1.5,1.6,-1.0862148388,-0.2432715583,1.060571749,0.7395229636
18,2000,1.1,75,37000,23,0.8,1.5,1.6,-1.769898917,-0.6424606295,1.8534920634,1.1421180818
26,2000,1.1,75,37000,23,0.8,1.5,1.6,-2.4649485722,-1.0814272957,2.616701543,1.5356165815
0,5000,0.9,25,30000,23,0.8,1.5,1.6,0.1547958519,0.1042562748,0.1547958519,0.1042562748
10,5000,0.9,25,30000,23,0.8,1.5,1.6,-1.6779877763,-0.6960591798,3.0567532726,1.8302799522
18,5000,0.9,25,30000,23,0.8,1.5,1.6,-3.5012582758,-1.7182923453,5.0360658037,2.8518755204
26,5000,0.9,25,30000,23,0.8,1.5,1.6,-4.8495086698,-2.6883060288,7.3371550355,3.9131513803
0,5000,0.9,25,37000,23,0.8,1.5,1.6,0.1556067914,0.1048099335,0.1556067914,0.1048099335
10,5000,0.9,25,37000,23,0.8,1.5,1.6,-1.6666561379,-0.6924398897,3.0757758468,1.837972055
18,5000,0.9,25,37000,23,0.8,1.5,1.6,-3.4929876951,-1.7163218556,5.0575622728,2.8611878464
26,5000,0.9,25,37000,23,0.8,1.5,1.6,-4.8421412253,-2.688024317,7.3677301114,3.9238112623
0,5000,0.9,75,30000,23,0.8,1.5,1.6,0.1403617533,0.0945398735,0.1403617533,0.0945398735
10,5000,0.9,75,30000,23,0.8,1.5,1.6,-1.9002999284,-0.7459448185,2.9693744489,1.7577927122
18,5000,0.9,75,30000,23,0.8,1.5,1.6,-3.6370908552,-1.7521146869,4.9207110044,2.7612332195
26,5000,0.9,75,30000,23,0.8,1.5,1.6,-4.7517395515,-2.693173966,7.1877495157,3.8109540064
0,5000,0.9,75,37000,23,0.8,1.5,1.6,0.2207077622,0.1480302681,0.2207077622,0.1480302681
10,5000,0.9,75,37000,23,0.8,1.5,1.6,-1.9698071994,-0.7193268857,2.8738350895,1.7830224042
18,5000,0.9,75,37000,23,0.8,1.5,1.6,-3.6753129646,-1.7418532104,4.8296816432,2.7850237355
26,5000,0.9,75,37000,23,0.8,1.5,1.6,-4.7748521919,-2.6919219618,7.1786968005,3.8352197296
0,5000,1.1,25,30000,23,0.8,1.5,1.6,0.0936647037,0.0599483241,0.0936647037,0.0599483241
10,5000,1.1,25,30000,23,0.8,1.5,1.6,-1.8171707916,-0.6966730993,2.8935546027,1.8583681867
18,5000,1.1,25,30000,23,0.8,1.5,1.6,-3.5726534728,-1.6956214246,4.9805966113,2.8865888672
26,5000,1.1,25,30000,23,0.8,1.5,1.6,-4.9815346328,-2.6730144587,7.2478570001,3.9395101989
0,5000,1.1,25,37000,23,0.8,1.5,1.6,0.0912957455,0.0584136692,0.0912957455,0.0584136692
10,5000,1.1,25,37000,23,0.8,1.5,1.6,-1.7902912401,-0.6929045316,2.9160743746,1.8686155467
18,5000,1.1,25,37000,23,0.8,1.5,1.6,-3.5704721963,-1.6941280506,4.9911742077,2.8968992033
26,5000,1.1,25,37000,23,0.8,1.5,1.6,-4.9723753346,-2.6665931747,7.2698463959,3.9511394105
0,5000,1.1,75,30000,23,0.8,1.5,1.6,0.0818690413,0.0521099532,0.0818690413,0.0521099532
10,5000,1.1,75,30000,23,0.8,1.5,1.6,-1.7744762409,-0.718351134,2.8865177429,1.7845723241
18,5000,1.1,75,30000,23,0.8,1.5,1.6,-3.6325016555,-1.7140657898,4.8188693613,2.7865771898
26,5000,1.1,75,30000,23,0.8,1.5,1.6,-4.9740472921,-2.6675581526,6.9915872319,3.8208494126
0,5000,1.1,75,37000,23,0.8,1.5,1.6,0.0823127514,0.0524136918,0.0823127514,0.0524136918
10,5000,1.1,75,37000,23,0.8,1.5,1.6,-1.7555437259,-0.7139816515,2.9384915788,1.7917413745
18,5000,1.1,75,37000,23,0.8,1.5,1.6,-3.6203419801,-1.7110612815,4.8721765951,2.7983628003
26,5000,1.1,75,37000,23,0.8,1.5,1.6,-4.9652854748,-2.6699962199,7.0617700314,3.8355912464
0,2000,0.9,25,30000,23,0.8,2.0,0.8,0.1545794856,0.1155981268,0.1545794856,0.1155981268
10,2000,0.9,25,30000,23,0.8,2.0,0.8,-0.50030291,-0.1809211659,1.4939321729,0.8633057269
18,2000,0.9,25,30000,23,0.8,2.0,0.8,-1.548944671,-0.5617735832,2.1437952349,1.296388045
26,2000,0.9,25,30000,23,0.8,2.0,0.8,-2.3131503068,-1.0197859546,2.9276920308,1.7103215565
0,2000,0.9,25,37000,23,0.8,2.0,0.8,0.1551251545,0.1160157259,0.1551251545,0.1160157259
10,2000,0.9,25,37000,23,0.8,2.0,0.8,-0.4956781769,-0.1807132657,1.4989830728,0.8644358009
18,2000,0.9,25,37000,23,0.8,2.0,0.8,-1.5466929582,-0.5600968988,2.1488028917,1.298526259
26,2000,0.9,25,37000,23,0.8,2.0,0.8,-2.3295499878,-1.0084138549,2.9230949189,1.7161804162
0,2000,0.9,75,30000,23,0.8,2.0,0.8,0.1396122819,0.1042931666,0.1396122819,0.1042931666
10,2000,0.9,75,30000,23,0.8,2.0,0.8,-0.9603234853,-0.1496180985,1.233158361,0.8465281503
18,2000,0.9,75,30000,23,0.8,2.0,0.8,-1.7199319172,-0.5620839449,2.0305933769,1.2574746099
26,2000,0.9,75,30000,23,0.8,2.0,0.8,-2.5362109189,-1.0238635495,2.7240375019,1.6695574245
0,2000,0.9,75,37000,23,0.8,2.0,0.8,0.1401240926,0.1046862723,0.1401240926,0.1046862723
10,2000,0.9,75,37000,23,0.8,2.0,0.8,-0.9576659715,-0.1478754137,1.2387909742,0.8486288679
18,2000,0.9,75,37000,23,0.8,2.0,0.8,-1.7186716248,-0.5601099361,2.0363199594,1.2603863302
26,2000,0.9,75,37000,23,0.8,2.0,0.8,-2.5428347236,-1.0195250895,2.7274108442,1.6745335014
0,2000,1.1,25,30000,23,0.8,2.0,0.8,0.082054592,0.0578077258,0.082054592,0.0578077258
10,2000,1.1,25,30000,23,0.8,2.0,0.8,-1.0462708244,-0.1311123508,0.9855313928,0.9510874881
18,2000,1.1,25,30000,23,0.8,2.0,0.8,-1.7554453303,-0.5552504234,1.8576656716,1.3503204129
26,2000,1.1,25,30000,23,0.8,2.0,0.8,-2.4503388323,-1.0313144455,2.7186275446,1.7414456554
0,2000,1.1,25,37000,23,0.8,2.0,0.8,0.0822855646,0.0579848312,0.0822855646,0.0579848312
10,2000,1.1,25,37000,23,0.8,2.0,0.8,-1.0491477718,-0.12749582,0.97827472,0.961253969
18,2000,1.1,25,37000,23,0.8,2.0,0.8,-1.7583310697,-0.5520011606,1.8516444467,1.3600484311
26,2000,1.1,25,37000,23,0.8,2.0,0.8,-2.4533140403,-1.0280892992,2.7154208343,1.7505391031
0,2000,1.1,75,30000,23,0.8,2.0,0.8,0.0761295946,0.0533373417,0.0761295946,0.0533373417
10,2000,1.1,75,30000,23,0.8,2.0,0.8,-1.1842244816,-0.1521295685,1.0509989784,0.8421921903
18,2000,1.1,75,30000,23,0.8,2.0,0.8,-1.8827289155,-0.5722917619,1.8940903264,1.2481070252
26,2000,1.1,75,30000,23,0.8,2.0,0.8,-2.6357013913,-0.9876112418,2.7014389148,1.6578331821
0,2000,1.1,75,37000,23,0.8,2.0,0.8,0.0764148149,0.0535561769,0.0764148149,0.0535561769
10,2000,1.1,75,37000,23,0.8,2.0,0.8,-1.1822385575,-0.1505220981,1.0581414514,0.8438227359
18,2000,1.1,75,37000,23,0.8,2.0,0.8,-1.883575998,-0.5703426397,1.9009572829,1.2506160323
26,2000,1.1,75,37000,23,0.8,2.0,0.8,-2.6381576316,-0.9856377529,2.7085887118,1.6612816621
0,5000,0.9,25,30000,23,0.8,2.0,0.8,0.1545794856,0.1155981268,0.1545794856,0.1155981268
10,5000,0.9,25,30000,23,0.8,2.0,0.8,-1.8548284125,-0.6282687115,3.0652533547,1.9867081181
18,5000,0.9,25,30000,23,0.8,2.0,0.8,-3.6530406452,-1.6886774566,5.2407478077,3.0304640784
26,5000,0.9,25,30000,23,0.8,2.0,0.8,-5.0056146867,-2.746675303,7.6630743497,4.070035465
0,5000,0.9,25,37000,23,0.8,2.0,0.8,0.1551251545,0.1160157259,0.1551251545,0.1160157259
10,5000,0.9,25,37000,23,0.8,2.0,0.8,-1.8547126322,-0.6264773002,3.0714572626,1.990830898
18,5000,0.9,25,37000,23,0.8,2.0,0.8,-3.6497858741,-1.6877922825,5.2521759599,3.0359679831
26,5000,0.9,25,37000,23,0.8,2.0,0.8,-5.0013883658,-2.7471371085,7.6810197174,4.0760070123
0,5000,0.9,75,30000,23,0.8,2.0,0.8,0.1396122819,0.1042931666,0.1396122819,0.1042931666
10,5000,0.9,75,30000,23,0.8,2.0,0.8,-1.7297715104,-0.661905367,2.9066724875,1.9322549746
18,5000,0.9,75,30000,23,0.8,2.0,0.8,-3.7024766748,-1.6902215439,4.9162951333,2.9613105339
26,5000,0.9,75,30000,23,0.8,2.0,0.8,-4.9043255094,-2.773371228,7.4310320734,3.9676755521
0,5000,0.9,75,37000,23,0.8,2.0,0.8,0.1401240926,0.1046862723,0.1401240926,0.1046862723
10,5000,0.9,75,37000,23,0.8,2.0,0.8,-1.72382794,-0.6608190077,2.9165621186,1.9368272957
18,5000,0.9,75,37000,23,0.8,2.0,0.8,-3.6987358196,-1.6892228141,4.9291672439,2.9688318547
26,5000,0.9,75,37000,23,0.8,2.0,0.8,-4.8888686509,-2.7585201696,7.4491062559,3.9835753672
0,5000,1.1,25,30000,23,0.8,2.0,0.8,0.082054592,0.0578077258,0.082054592,0.0578077258
10,5000,1.1,25,30000,23,0.8,2.0,0.8,-1.7367853307,-0.5922250806,3.1457979487,2.0252684422
18,5000,1.1,25,30000,23,0.8,2.0,0.8,-3.6416768881,-1.637907528,5.2569351697,3.0716647864
26,5000,1.1,25,30000,23,0.8,2.0,0.8,-5.1261991927,-2.7163677927,7.640154217,4.104763669
0,5000,1.1,25,37000,23,0.8,2.0,0.8,0.0822855646,0.0579848312,0.0822855646,0.0579848312
10,5000,1.1,25,37000,23,0.8,2.0,0.8,-1.7369326767,-0.5902134216,3.1511659111,2.0292189449
18,5000,1.1,25,37000,23,0.8,2.0,0.8,-3.6392895679,-1.6366775148,5.2687142001,3.0772712315
26,5000,1.1,25,37000,23,0.8,2.0,0.8,-5.118034189,-2.7161656721,7.6592537988,4.1121418616
0,5000,1.1,75,30000,23,0.8,2.0,0.8,0.0761295946,0.0533373417,0.0761295946,0.0533373417
10,5000,1.1,75,30000,23,0.8,2.0,0.8,-1.7518621311,-0.605070645,2.8432015807,1.9905248787
18,5000,1.1,75,30000,23,0.8,2.0,0.8,-3.7102704206,-1.635262847,4.8773027477,3.0169562805
26,5000,1.1,75,30000,23,0.8,2.0,0.8,-5.1368401373,-2.7050640895,7.2644271188,4.0274533471
0,5000,1.1,75,37000,23,0.8,2.0,0.8,0.0764148149,0.0535561769,0.0764148149,0.0535561769
10,5000,1.1,75,37000,23,0.8,2.0,0.8,-1.7547072012,-0.6022471958,2.8444553754,1.99635256
18,5000,1.1,75,37000,23,0.8,2.0,0.8,-3.7155149744,-1.6327860362,4.8815109449,3.0256656907
26,5000,1.1,75,37000,23,0.8,2.0,0.8,-5.1334840698,-2.7050158215,7.2870282411,4.0380522484
0,2000,0.9,25,30000,23,0.8,2.0,1.2,0.168662037,0.1238364413,0.168662037,0.1238364413
10,2000,0.9,25,30000,23,0.8,2.0,1.2,-0.4724587571,-0.1848475171,1.4587773078,0.8728527805
18,2000,0.9,25,30000,23,0.8,2.0,1.2,-1.5047434263,-0.5781661589,2.1042585846,1.3003334532
26,2000,0.9,25,30000,23,0.8,2.0,1.2,-2.2820138424,-1.0379079184,2.8571808908,1.7203187483
0,2000,0.9,25,37000,23,0.8,2.0,1.2,0.1692629834,0.1242898047,0.1692629834,0.1242898047
10,2000,0.9,25,37000,23,0.8,2.0,1.2,-0.4658280349,-0.1844067217,1.4737324125,0.8735517657
18,2000,0.9,25,37000,23,0.8,2.0,1.2,-1.4968254728,-0.5774541993,2.1192508737,1.3018444269
26,2000,0.9,25,37000,23,0.8,2.0,1.2,-2.2790168557,-1.0369730719,2.8694144038,1.7226405293
0,2000,0.9,75,30000,23,0.8,2.0,1.2,0.1527740758,0.1120081544,0.1527740758,0.1120081544
10,2000,0.9,75,30000,23,0.8,2.0,1.2,-0.9848507278,-0.1690243426,1.1909137618,0.838191683
18,2000,0.9,75,30000,23,0.8,2.0,1.2,-1.7293891567,-0.5857440032,1.9730698272,1.2546429721
26,2000,0.9,75,30000,23,0.8,2.0,1.2,-2.5014766477,-1.0767444847,2.6664588094,1.664975516
0,2000,0.9,75,37000,23,0.8,2.0,1.2,0.1533530434,0.1124463279,0.1533530434,0.1124463279
10,2000,0.9,75,37000,23,0.8,2.0,1.2,-0.9732520321,-0.1672476245,1.2020168696,0.8398195699
18,2000,0.9,75,37000,23,0.8,2.0,1.2,-1.7163868549,-0.5839841387,1.985769242,1.2573248782
26,2000,0.9,75,37000,23,0.8,2.0,1.2,-2.5071660033,-1.0730652716,2.6695178039,1.66913829
0,2000,1.1,25,30000,23,0.8,2.0,1.2,0.0927006263,0.0637078736,0.0927006263,0.0637078736
10,2000,1.1,25,30000,23,0.8,2.0,1.2,-0.8832025112,-0.1796697544,1.2852091964,0.8307200039
18,2000,1.1,25,30000,23,0.8,2.0,1.2,-1.609119642,-0.602143481,2.0885405069,1.2518135789
26,2000,1.1,25,30000,23,0.8,2.0,1.2,-2.3271541468,-1.1102069802,2.839882954,1.6620133278
0,2000,1.1,25,37000,23,0.8,2.0,1.2,0.0929755232,0.0639155284,0.0929755232,0.0639155284
10,2000,1.1,25,37000,23,0.8,2.0,1.2,-0.8806717298,-0.1777153651,1.2935984249,0.8315579692
18,2000,1.1,25,37000,23,0.8,2.0,1.2,-1.609757755,-0.6003268734,2.0883790197,1.2548917015
26,2000,1.1,25,37000,23,0.8,2.0,1.2,-2.3294190447,-1.1101068045,2.8392787958,1.6651710943
0,2000,1.1,75,30000,23,0.8,2.0,1.2,0.0857353126,0.0585284028,0.0857353126,0.0585284028
10,2000,1.1,75,30000,23,0.8,2.0,1.2,-0.9964170392,-0.1749907946,0.988388343,0.9031260297
18,2000,1.1,75,30000,23,0.8,2.0,1.2,-1.7300851839,-0.5943573806,1.7938839061,1.3130170074
26,2000,1.1,75,30000,23,0.8,2.0,1.2,-2.5812266959,-1.0927228396,2.4442161604,1.7146538197
0,2000,1.1,75,37000,23,0.8,2.0,1.2,0.0860589092,0.0587730922,0.0860589092,0.0587730922
10,2000,1.1,75,37000,23,0.8,2.0,1.2,-0.9793604116,-0.1742048308,1.0282544933,0.9001936246
18,2000,1.1,75,37000,23,0.8,2.0,1.2,-1.7225055469,-0.5924700443,1.8251568575,1.311912032
26,2000,1.1,75,37000,23,0.8,2.0,1.2,-2.5776148093,-1.0876389648,2.4763125258,1.7152498368
0,5000,0.9,25,30000,23,0.8,2.0,1.2,0.168662037,0.1238364413,0.168662037,0.1238364413
10,5000,0.9,25,30000,23,0.8,2.0,1.2,-1.8971267449,-0.6716502807,2.946525201,1.9693356489
18,5000,0.9,25,30000,23,0.8,2.0,1.2,-3.6532149734,-1.7404426902,5.0878089699,3.0324963433
26,5000,0.9,25,30000,23,0.8,2.0,1.2,-5.0218711704,-2.7933330769,7.4287183717,4.1057280586
0,5000,0.9,25,37000,23,0.8,2.0,1.2,0.1692629834,0.1242898047,0.1692629834,0.1242898047
10,5000,0.9,25,37000,23,0.8,2.0,1.2,-1.8968058673,-0.6692646148,2.9529120016,1.973849797
18,5000,0.9,25,37000,23,0.8,2.0,1.2,-3.6496670656,-1.7392561144,5.099397958,3.0383195261
26,5000,0.9,25,37000,23,0.8,2.0,1.2,-5.0176514256,-2.793828499,7.4467513425,4.1122962075
0,5000,0.9,75,30000,23,0.8,2.0,1.2,0.1527740758,0.1120081544,0.1527740758,0.1120081544
10,5000,0.9,75,30000,23,0.8,2.0,1.2,-1.816940161,-0.7141798563,2.7816109555,1.9155784456
18,5000,0.9,75,30000,23,0.8,2.0,1.2,-3.7316609603,-1.7539724319,4.7687244124,2.9586556924
26,5000,0.9,75,30000,23,0.8,2.0,1.2,-4.9775209745,-2.81655901,7.1503776647,4.0008561149
0,5000,0.9,75,37000,23,0.8,2.0,1.2,0.1533530434,0.1124463279,0.1533530434,0.1124463279
10,5000,0.9,75,37000,23,0.8,2.0,1.2,-1.8285735053,-0.7145014095,2.7857243389,1.9204185868
18,5000,0.9,75,37000,23,0.8,2.0,1.2,-3.7447940799,-1.7545595843,4.7756503315,2.9662883192
26,5000,0.9,75,37000,23,0.8,2.0,1.2,-4.9717098192,-2.8187762325,7.1686191035,4.0110564638
0,5000,1.1,25,30000,23,0.8,2.0,1.2,0.0927006263,0.0637078736,0.0927006263,0.0637078736
10,5000,1.1,25,30000,23,0.8,2.0,1.2,-1.8171741554,-0.6557265685,2.9236345259,1.9964146804
18,5000,1.1,25,30000,23,0.8,2.0,1.2,-3.6647581218,-1.7058092279,5.0431857286,3.0635024432
26,5000,1.1,25,30000,23,0.8,2.0,1.2,-5.1641817922,-2.7679766172,7.3561311287,4.1335874858
0,5000,1.1,25,37000,23,0.8,2.0,1.2,0.0929755232,0.0639155284,0.0929755232,0.0639155284
10,5000,1.1,25,37000,23,0.8,2.0,1.2,-1.818166026,-0.6531917913,2.9283410782,2.0002208943
18,5000,1.1,25,37000,23,0.8,2.0,1.2,-3.6642385943,-1.7040383447,5.052960267,3.0691105321
26,5000,1.1,25,37000,23,0.8,2.0,1.2,-5.1570496231,-2.7658213035,7.3730553935,4.1410209917
0,5000,1.1,75,30000,23,0.8,2.0,1.2,0.0857353126,0.0585284028,0.0857353126,0.0585284028
10,5000,1.1,75,30000,23,0.8,2.0,1.2,-1.8598477722,-0.6697906619,2.6496348939,1.9585377806
18,5000,1.1,75,30000,23,0.8,2.0,1.2,-3.7521235554,-1.7107482768,4.6736646614,2.9997191673
26,5000,1.1,75,30000,23,0.8,2.0,1.2,-5.2538902227,-2.7671237545,6.9465878423,4.0458605028
0,5000,1.1,75,37000,23,0.8,2.0,1.2,0.0860589092,0.0587730922,0.0860589092,0.0587730922
10,5000,1.1,75,37000,23,0.8,2.0,1.2,-1.867749404,-0.6692742027,2.6486981865,1.9636696922
18,5000,1.1,75,37000,23,0.8,2.0,1.2,-3.7626440509,-1.7104755969,4.6753258428,3.0078106281
26,5000,1.1,75,37000,23,0.8,2.0,1.2,-5.2529813417,-2.7678904129,6.9683853783,4.0572814722
0,2000,0.9,25,30000,23,0.8,2.0,1.6,0.2091179051,0.1506455907,0.2091179051,0.1506455907
10,2000,0.9,25,30000,23,0.8,2.0,1.6,-0.4148287248,-0.1850691084,1.593721401,0.8919448292
18,2000,0.9,25,30000,23,0.8,2.0,1.6,-1.4484907125,-0.5978451148,2.2358633408,1.3239834604
26,2000,0.9,25,30000,23,0.8,2.0,1.6,-2.2773515126,-1.0691733395,2.9569785062,1.7536636643
0,2000,0.9,25,37000,23,0.8,2.0,1.6,0.2071997604,0.1494389098,0.2071997604,0.1494389098
10,2000,0.9,25,37000,23,0.8,2.0,1.6,-0.4206873435,-0.1849648629,1.5837230703,0.8943183223
18,2000,0.9,25,37000,23,0.8,2.0,1.6,-1.4468811274,-0.5979172782,2.2325004771,1.3266860125
26,2000,0.9,25,37000,23,0.8,2.0,1.6,-2.2853503245,-1.0672509811,2.9510012038,1.7571706858
0,2000,0.9,75,30000,23,0.8,2.0,1.6,0.1686847451,0.1213947116,0.1686847451,0.1213947116
10,2000,0.9,75,30000,23,0.8,2.0,1.6,-0.8457296175,-0.1904349845,1.2822927517,0.8473611263
18,2000,0.9,75,30000,23,0.8,2.0,1.6,-1.6482215214,-0.6567142856,2.0143050428,1.2694947631
26,2000,0.9,75,30000,23,0.8,2.0,1.6,-2.6437757397,-1.0400442993,2.6351268505,1.7054273452
0,2000,0.9,75,37000,23,0.8,2.0,1.6,0.1693405899,0.1218840018,0.1693405899,0.1218840018
10,2000,0.9,75,37000,23,0.8,2.0,1.6,-0.8360541571,-0.1889038818,1.2932663806,0.8494515957
18,2000,0.9,75,37000,23,0.8,2.0,1.6,-1.6458140116,-0.6493809884,2.0258680824,1.2727192284
26,2000,0.9,75,37000,23,0.8,2.0,1.6,-2.6380108814,-1.0456538341,2.6499943638,1.7077947107
0,2000,1.1,25,30000,23,0.8,2.0,1.6,0.1391487551,0.0950787819,0.1391487551,0.0950787819
10,2000,1.1,25,30000,23,0.8,2.0,1.6,-0.8763832308,-0.1896666678,1.3183392058,0.8447120154
18,2000,1.1,25,30000,23,0.8,2.0,1.6,-1.5839944265,-0.6339316344,2.1504013157,1.274277381
26,2000,1.1,25,30000,23,0.8,2.0,1.6,-2.3420197242,-1.1463210004,2.8890048446,1.6948072252
0,2000,1.1,25,37000,23,0.8,2.0,1.6,0.1382934087,0.0959725505,0.1382934087,0.0959725505
10,2000,1.1,25,37000,23,0.8,2.0,1.6,-1.0510002609,-0.1986240049,1.1322184392,0.8649563141
18,2000,1.1,25,37000,23,0.8,2.0,1.6,-1.7924878455,-0.6292179913,1.9423674091,1.295452993
26,2000,1.1,25,37000,23,0.8,2.0,1.6,-2.4850708198,-1.1001115066,2.7715282428,1.71954317
0,2000,1.1,75,30000,23,0.8,2.0,1.6,0.1822874204,0.1256245808,0.1822874204,0.1256245808
10,2000,1.1,75,30000,23,0.8,2.0,1.6,-0.3569810169,-0.1905007472,1.5958815218,0.8722227113
18,2000,1.1,75,30000,23,0.8,2.0,1.6,-1.6989271455,-0.5986343789,2.0468801588,1.2912532838
26,2000,1.1,75,30000,23,0.8,2.0,1.6,-2.448080451,-1.1112445942,2.785836452,1.6998864345
0,2000,1.1,75,37000,23,0.8,2.0,1.6,0.1637360913,0.1126785546,0.1637360913,0.1126785546
10,2000,1.1,75,37000,23,0.8,2.0,1.6,-0.598479161,-0.1926977072,1.3085294249,0.8622859703
18,2000,1.1,75,37000,23,0.8,2.0,1.6,-1.7610003682,-0.6221411888,1.8636453395,1.2820683045
26,2000,1.1,75,37000,23,0.8,2.0,1.6,-2.6406669627,-1.1127634622,2.5300882001,1.6960066624
0,5000,0.9,25,30000,23,0.8,2.0,1.6,0.2091179051,0.1506455907,0.2091179051,0.1506455907
10,5000,0.9,25,30000,23,0.8,2.0,1.6,-1.8686374493,-0.7079574139,3.1882808793,1.9967705908
18,5000,0.9,25,30000,23,0.8,2.0,1.6,-3.6756431476,-1.8119073378,5.2579853406,3.0841417447
26,5000,0.9,25,30000,23,0.8,2.0,1.6,-5.1634451593,-2.8792476371,7.511953436,4.1933609498
0,5000,0.9,25,37000,23,0.8,2.0,1.6,0.2071997604,0.1494389098,0.2071997604,0.1494389098
10,5000,0.9,25,37000,23,0.8,2.0,1.6,-1.8165461836,-0.7015644077,3.2719955388,2.0264881356
18,5000,0.9,25,37000,23,0.8,2.0,1.6,-3.6435203623,-1.8045438017,5.3244415745,3.1085916792
26,5000,0.9,25,37000,23,0.8,2.0,1.6,-5.1408017872,-2.8791905151,7.5714496871,4.2132929217
0,5000,0.9,75,30000,23,0.8,2.0,1.6,0.1686847451,0.1213947116,0.1686847451,0.1213947116
10,5000,0.9,75,30000,23,0.8,2.0,1.6,-1.865553479,-0.763167123,2.7207210534,1.9297953814
18,5000,0.9,75,30000,23,0.8,2.0,1.6,-3.7875835162,-1.8267162914,4.7434446307,2.9999094913
26,5000,0.9,75,30000,23,0.8,2.0,1.6,-5.2307411491,-2.9016346319,7.0821081337,4.0828140365
0,5000,0.9,75,37000,23,0.8,2.0,1.6,0.1693405899,0.1218840018,0.1693405899,0.1218840018
10,5000,0.9,75,37000,23,0.8,2.0,1.6,-1.8668862293,-0.7607928117,2.7275275157,1.9356647628
18,5000,0.9,75,37000,23,0.8,2.0,1.6,-3.7918352549,-1.824854363,4.7519055758,3.0083783942
26,5000,0.9,75,37000,23,0.8,2.0,1.6,-5.2261964285,-2.901226639,7.1080261101,4.0943112065
0,5000,1.1,25,30000,23,0.8,2.0,1.6,0.1391487551,0.0950787819,0.1391487551,0.0950787819
10,5000,1.1,25,30000,23,0.8,2.0,1.6,-1.8464923627,-0.7168860162,3.0399510983,2.0027175172
18,5000,1.1,25,30000,23,0.8,2.0,1.6,-3.7377710699,-1.7878169927,5.124173391,3.0954195219
26,5000,1.1,25,30000,23,0.8,2.0,1.6,-5.2969216475,-2.8586008796,7.4116732069,4.2089943664
0,5000,1.1,25,37000,23,0.8,2.0,1.6,0.1382934087,0.0959725505,0.1382934087,0.0959725505
10,5000,1.1,25,37000,23,0.8,2.0,1.6,-1.8305015341,-0.7119167128,2.9620410779,2.0206440793
18,5000,1.1,25,37000,23,0.8,2.0,1.6,-3.7147093548,-1.7820883844,5.0954248181,3.1166670984
26,5000,1.1,25,37000,23,0.8,2.0,1.6,-5.3174626843,-2.8680382306,7.3802390103,4.2176585457
0,5000,1.1,75,30000,23,0.8,2.0,1.6,0.1822874204,0.1256245808,0.1822874204,0.1256245808
10,5000,1.1,75,30000,23,0.8,2.0,1.6,-2.0836747358,-0.6855220598,3.0133274345,1.9305760246
18,5000,1.1,75,30000,23,0.8,2.0,1.6,-3.9465687851,-1.7736951598,4.9033717732,3.0124472257
26,5000,1.1,75,30000,23,0.8,2.0,1.6,-5.4416884816,-2.9070367912,7.1066815686,4.0794524997
0,5000,1.1,75,37000,23,0.8,2.0,1.6,0.1637360913,0.1126785546,0.1637360913,0.1126785546
10,5000,1.1,75,37000,23,0.8,2.0,1.6,-2.0345412951,-0.7354063196,2.6201849925,1.9864866264
18,5000,1.1,75,37000,23,0.8,2.0,1.6,-3.9223010334,-1.8000894749,4.6785697415,3.0561155717
26,5000,1.1,75,37000,23,0.8,2.0,1.6,-5.5055508627,-2.8749926365,6.9295339817,4.1359154364
0,2000,0.9,25,30000,23,1.2,1.0,0.8,0.1561900223,0.1090988511,0.1561900223,0.1090988511
10,2000,0.9,25,30000,23,1.2,1.0,0.8,-0.5667127927,-0.1778153075,1.2999550849,0.7694885582
18,2000,0.9,25,30000,23,1.2,1.0,0.8,-1.4030033261,-0.5615948006,1.9985813958,1.1516397333
26,2000,0.9,25,30000,23,1.2,1.0,0.8,-2.1656088262,-0.9558650892,2.7341153912,1.5325163358
0,2000,0.9,25,37000,23,1.2,1.0,0.8,0.156532778,0.1093783302,0.156532778,0.1093783302
10,2000,0.9,25,37000,23,1.2,1.0,0.8,-0.5649163399,-0.1768134642,1.3027287422,0.7712150727
18,2000,0.9,25,37000,23,1.2,1.0,0.8,-1.3977143699,-0.5649712965,2.0032879668,1.1533328629
26,2000,0.9,25,37000,23,1.2,1.0,0.8,-2.1601630865,-0.9533263019,2.7439450331,1.5365687424
0,2000,0.9,75,30000,23,1.2,1.0,0.8,0.0917213885,0.0649830639,0.0917213885,0.0649830639
10,2000,0.9,75,30000,23,1.2,1.0,0.8,-0.5179739175,-0.2175741876,1.3173502716,0.729190755
18,2000,0.9,75,30000,23,1.2,1.0,0.8,-1.4840533019,-0.5866666389,1.9230418657,1.1091676374
26,2000,0.9,75,30000,23,1.2,1.0,0.8,-2.2608842454,-0.9801933011,2.6138903497,1.4833624751
0,2000,0.9,75,37000,23,1.2,1.0,0.8,0.0921522089,0.0652867951,0.0921522089,0.0652867951
10,2000,0.9,75,37000,23,1.2,1.0,0.8,-0.5102786747,-0.2165120236,1.3345628471,0.730957017
18,2000,0.9,75,37000,23,1.2,1.0,0.8,-1.4727870333,-0.5850508117,1.9434852829,1.1125882077
26,2000,0.9,75,37000,23,1.2,1.0,0.8,-2.2608701606,-0.9778358244,2.6291887962,1.4885218061
0,2000,1.1,25,30000,23,1.2,1.0,0.8,0.0598812622,0.0414136811,0.0598812622,0.0414136811
10,2000,1.1,25,30000,23,1.2,1.0,0.8,-0.8771159865,-0.194521803,1.057395123,0.752631358
18,2000,1.1,25,30000,23,1.2,1.0,0.8,-1.5568826874,-0.5749699927,1.8522599526,1.1345898205
26,2000,1.1,25,30000,23,1.2,1.0,0.8,-2.2290755099,-0.9784997344,2.6408789154,1.5122832082
0,2000,1.1,25,37000,23,1.2,1.0,0.8,0.0600716622,0.0415479449,0.0600716622,0.0415479449
10,2000,1.1,25,37000,23,1.2,1.0,0.8,-0.8763589794,-0.1929806741,1.0593873808,0.7547683145
18,2000,1.1,25,37000,23,1.2,1.0,0.8,-1.558081265,-0.5736132677,1.8543478479,1.1372313808
26,2000,1.1,25,37000,23,1.2,1.0,0.8,-2.2324682719,-0.9737896712,2.6424917969,1.5164398207
0,2000,1.1,75,30000,23,1.2,1.0,0.8,0.0557209128,0.0385397799,0.0557209128,0.0385397799
10,2000,1.1,75,30000,23,1.2,1.0,0.8,-0.3965146139,-0.210201274,1.4537727027,0.7361574122
18,2000,1.1,75,30000,23,1.2,1.0,0.8,-1.5604824213,-0.584868147,1.9012246438,1.1162861607
26,2000,1.1,75,30000,23,1.2,1.0,0.8,-2.2592437149,-0.979594501,2.6533137145,1.4863250971
0,2000,1.1,75,37000,23,1.2,1.0,0.8,0.0559492941,0.0387009549,0.0559492941,0.0387009549
10,2000,1.1,75,37000,23,1.2,1.0,0.8,-0.3794345234,-0.2096408457,1.4677404377,0.7378584898
18,2000,1.1,75,37000,23,1.2,1.0,0.8,-1.582166016,-0.5794899505,1.8608231514,1.1335261964
26,2000,1.1,75,37000,23,1.2,1.0,0.8,-2.2861214486,-0.9589451446,2.6245294732,1.5090913156
0,5000,0.9,25,30000,23,1.2,1.0,0.8,0.1561900223,0.1090988511,0.1561900223,0.1090988511
10,5000,0.9,25,30000,23,1.2,1.0,0.8,-1.7785649466,-0.6136528989,2.899498459,1.7976361322
18,5000,0.9,25,30000,23,1.2,1.0,0.8,-3.3731875269,-1.5724814003,4.9676253013,2.7554898883
26,5000,0.9,25,30000,23,1.2,1.0,0.8,-4.5997021285,-2.4972541005,7.3291032924,3.7313460801
0,5000,0.9,25,37000,23,1.2,1.0,0.8,0.156532778,0.1093783302,0.156532778,0.1093783302
10,5000,0.9,25,37000,23,1.2,1.0,0.8,-1.7813848,-0.6103971684,2.9006708948,1.8043532529
18,5000,0.9,25,37000,23,1.2,1.0,0.8,-3.3711575835,-1.5712303051,4.9787335276,2.7631896478
26,5000,0.9,25,37000,23,1.2,1.0,0.8,-4.5943501081,-2.4967377571,7.3499176084,3.7395855795
0,5000,0.9,75,30000,23,1.2,1.0,0.8,0.0917213885,0.0649830639,0.0917213885,0.0649830639
10,5000,0.9,75,30000,23,1.2,1.0,0.8,-1.8011293071,-0.6574960515,2.7356423494,1.7014659505
18,5000,0.9,75,30000,23,1.2,1.0,0.8,-3.4177182813,-1.5997302984,4.7434303319,2.6445481067
26,5000,0.9,75,30000,23,1.2,1.0,0.8,-4.4419126752,-2.521811755,7.1872726396,3.6063545989
0,5000,0.9,75,37000,23,1.2,1.0,0.8,0.0921522089,0.0652867951,0.0921522089,0.0652867951
10,5000,0.9,75,37000,23,1.2,1.0,0.8,-1.8046940713,-0.6541982853,2.7430179472,1.7088056353
18,5000,0.9,75,37000,23,1.2,1.0,0.8,-3.4183095317,-1.6065619289,4.7654822133,2.6532462101
26,5000,0.9,75,37000,23,1.2,1.0,0.8,-4.4346426614,-2.5191641632,7.2217150327,3.6190895449
0,5000,1.1,25,30000,23,1.2,1.0,0.8,0.0598812622,0.0414136811,0.0598812622,0.0414136811
10,5000,1.1,25,30000,23,1.2,1.0,0.8,-1.6070192328,-0.5687714536,2.9809603256,1.8105328787
18,5000,1.1,25,30000,23,1.2,1.0,0.8,-3.3334077382,-1.5216359712,4.9938104757,2.776226388
26,5000,1.1,25,30000,23,1.2,1.0,0.8,-4.6565379627,-2.4522522535,7.284235181,3.7548345816
0,5000,1.1,25,37000,23,1.2,1.0,0.8,0.0600716622,0.0415479449,0.0600716622,0.0415479449
10,5000,1.1,25,37000,23,1.2,1.0,0.8,-1.6017174606,-0.5675941838,3.0029749848,1.8145736036
18,5000,1.1,25,37000,23,1.2,1.0,0.8,-3.3302330518,-1.5209226777,5.0175073317,2.7822352278
26,5000,1.1,25,37000,23,1.2,1.0,0.8,-4.6482668048,-2.4517769034,7.3154402783,3.7617087347
0,5000,1.1,75,30000,23,1.2,1.0,0.8,0.0557209128,0.0385397799,0.0557209128,0.0385397799
10,5000,1.1,75,30000,23,1.2,1.0,0.8,-1.6097782426,-0.5908836926,2.8471489344,1.7575103583
18,5000,1.1,75,30000,23,1.2,1.0,0.8,-3.4095159357,-1.5362127528,4.7567252669,2.7016468286
26,5000,1.1,75,30000,23,1.2,1.0,0.8,-4.5165882274,-2.4567173477,7.111627092,3.6616251591
0,5000,1.1,75,37000,23,1.2,1.0,0.8,0.0559492941,0.0387009549,0.0559492941,0.0387009549
10,5000,1.1,75,37000,23,1.2,1.0,0.8,-1.5961005377,-0.5878783178,2.8877679694,1.7629716828
18,5000,1.1,75,37000,23,1.2,1.0,0.8,-3.3994377121,-1.5341132487,4.8005318817,2.7113210991
26,5000,1.1,75,37000,23,1.2,1.0,0.8,-4.5061002572,-2.4549443878,7.1626093207,3.6739579106
0,2000,0.9,25,30000,23,1.2,1.0,1.2,0.1874701036,0.1264843116,0.1874701036,0.1264843116
10,2000,0.9,25,30000,23,1.2,1.0,1.2,-0.53662924,-0.180367788,1.319760486,0.772337352
18,2000,0.9,25,30000,23,1.2,1.0,1.2,-1.3986329932,-0.5723557173,1.9977643962,1.1508222672
26,2000,0.9,25,30000,23,1.2,1.0,1.2,-2.1581740783,-0.9728119503,2.7296228805,1.5313911035
0,2000,0.9,25,37000,23,1.2,1.0,1.2,0.1873473715,0.1263924687,0.1873473715,0.1263924687
10,2000,0.9,25,37000,23,1.2,1.0,1.2,-0.5355403778,-0.179670796,1.3220477122,0.7737424543
18,2000,0.9,25,37000,23,1.2,1.0,1.2,-1.3886608533,-0.5741001564,2.0057751721,1.1530729423
26,2000,0.9,25,37000,23,1.2,1.0,1.2,-2.1506608432,-0.9698098421,2.7408937809,1.5356199527
0,2000,0.9,75,30000,23,1.2,1.0,1.2,0.1049279315,0.0716515671,0.1049279315,0.0716515671
10,2000,0.9,75,30000,23,1.2,1.0,1.2,-0.4904269109,-0.2225040903,1.3643992029,0.7297784005
18,2000,0.9,75,30000,23,1.2,1.0,1.2,-1.4834579305,-0.6038012851,1.9453490802,1.1018888738
26,2000,0.9,75,30000,23,1.2,1.0,1.2,-2.2719843178,-1.0067381629,2.6182507975,1.4744868838
0,2000,0.9,75,37000,23,1.2,1.0,1.2,0.1054359093,0.0719981719,0.1054359093,0.0719981719
10,2000,0.9,75,37000,23,1.2,1.0,1.2,-0.4864356192,-0.2214253876,1.3744731668,0.7318777103
18,2000,0.9,75,37000,23,1.2,1.0,1.2,-1.4811677522,-0.6022528068,1.9554493479,1.1055463911
26,2000,0.9,75,37000,23,1.2,1.0,1.2,-2.2734197977,-1.0058802269,2.6286603301,1.4793924
0,2000,1.1,25,30000,23,1.2,1.0,1.2,0.0692392044,0.04585109,0.0692392044,0.04585109
10,2000,1.1,25,30000,23,1.2,1.0,1.2,-0.8657543205,-0.2195077641,1.064762595,0.7302134896
18,2000,1.1,25,30000,23,1.2,1.0,1.2,-1.556679855,-0.5996962778,1.8460611016,1.1162686125
26,2000,1.1,25,30000,23,1.2,1.0,1.2,-2.2432208976,-1.0195812738,2.6010361475,1.4953847968
0,2000,1.1,25,37000,23,1.2,1.0,1.2,0.069466428,0.046006204,0.069466428,0.046006204
10,2000,1.1,25,37000,23,1.2,1.0,1.2,-0.8640331048,-0.2180129288,1.0664422049,0.7321043729
18,2000,1.1,25,37000,23,1.2,1.0,1.2,-1.5583604699,-0.5983808728,1.8474780588,1.1186924799
26,2000,1.1,25,37000,23,1.2,1.0,1.2,-2.2453221872,-1.0201796691,2.6052482343,1.4983698191
0,2000,1.1,75,30000,23,1.2,1.0,1.2,0.1036023835,0.0687750202,0.1036023835,0.0687750202
10,2000,1.1,75,30000,23,1.2,1.0,1.2,-0.410997247,-0.1946637119,1.4595737043,0.7528612356
18,2000,1.1,75,30000,23,1.2,1.0,1.2,-1.5520782354,-0.5989116844,1.9297874501,1.1136308014
26,2000,1.1,75,30000,23,1.2,1.0,1.2,-2.2460126731,-1.0167551129,2.6624929229,1.4799841522
0,2000,1.1,75,37000,23,1.2,1.0,1.2,0.0647321739,0.0428411123,0.0647321739,0.0428411123
10,2000,1.1,75,37000,23,1.2,1.0,1.2,-0.8467316921,-0.2236822789,1.168501966,0.7101669167
18,2000,1.1,75,37000,23,1.2,1.0,1.2,-1.556546096,-0.6022592485,1.916815624,1.0910320228
26,2000,1.1,75,37000,23,1.2,1.0,1.2,-2.3054037056,-1.0372131027,2.5940198431,1.4581575491
0,5000,0.9,25,30000,23,1.2,1.0,1.2,0.1874701036,0.1264843116,0.1874701036,0.1264843116
10,5000,0.9,25,30000,23,1.2,1.0,1.2,-1.7480277377,-0.6590766584,2.9895080401,1.7448255101
18,5000,0.9,25,30000,23,1.2,1.0,1.2,-3.4005919203,-1.6177504832,4.9827747913,2.719005594
26,5000,0.9,25,30000,23,1.2,1.0,1.2,-4.6713004388,-2.5229747172,7.2622370472,3.7257012993
0,5000,0.9,25,37000,23,1.2,1.0,1.2,0.1873473715,0.1263924687,0.1873473715,0.1263924687
10,5000,0.9,25,37000,23,1.2,1.0,1.2,-1.7483331369,-0.6567778073,2.9950626424,1.7492815553
18,5000,0.9,25,37000,23,1.2,1.0,1.2,-3.3971703265,-1.6167379057,4.9965304143,2.7254748802
26,5000,0.9,25,37000,23,1.2,1.0,1.2,-4.6676559046,-2.5244648569,7.285260107,3.733068737
0,5000,0.9,75,30000,23,1.2,1.0,1.2,0.1049279315,0.0716515671,0.1049279315,0.0716515671
10,5000,0.9,75,30000,23,1.2,1.0,1.2,-1.8118990208,-0.7004160248,2.7280626433,1.6723252481
18,5000,0.9,75,30000,23,1.2,1.0,1.2,-3.4945540354,-1.6458704008,4.6866775937,2.6275121901
26,5000,0.9,75,30000,23,1.2,1.0,1.2,-4.5526391759,-2.5318884395,7.0107235575,3.6193332976
0,5000,0.9,75,37000,23,1.2,1.0,1.2,0.1054359093,0.0719981719,0.1054359093,0.0719981719
10,5000,0.9,75,37000,23,1.2,1.0,1.2,-1.8082577609,-0.696892158,2.7444516098,1.6805159625
18,5000,0.9,75,37000,23,1.2,1.0,1.2,-3.4875025268,-1.6445236995,4.7128417582,2.6390148272
26,5000,0.9,75,37000,23,1.2,1.0,1.2,-4.5434188404,-2.5288099152,7.0457157593,3.633905562
0,5000,1.1,25,30000,23,1.2,1.0,1.2,0.0692392044,0.04585109,0.0692392044,0.04585109
10,5000,1.1,25,30000,23,1.2,1.0,1.2,-1.624665157,-0.6244408844,2.9918856532,1.7760133837
18,5000,1.1,25,30000,23,1.2,1.0,1.2,-3.395844947,-1.5765574312,4.9559404638,2.7515461381
26,5000,1.1,25,30000,23,1.2,1.0,1.2,-4.7471004633,-2.4939303944,7.1931520221,3.751895612
0,5000,1.1,25,37000,23,1.2,1.0,1.2,0.069466428,0.046006204,0.069466428,0.046006204
10,5000,1.1,25,37000,23,1.2,1.0,1.2,-1.6178739239,-0.6213378896,3.0084851654,1.7834572874
18,5000,1.1,25,37000,23,1.2,1.0,1.2,-3.3922726245,-1.5748934227,4.9708575258,2.7591362754
26,5000,1.1,25,37000,23,1.2,1.0,1.2,-4.7408114394,-2.4951576211,7.2181739577,3.7606316411
0,5000,1.1,75,30000,23,1.2,1.0,1.2,0.1036023835,0.0687750202,0.1036023835,0.0687750202
10,5000,1.1,75,30000,23,1.2,1.0,1.2,-1.6799606676,-0.6469923555,2.7876633438,1.7324035025
18,5000,1.1,75,30000,23,1.2,1.0,1.2,-3.4882368519,-1.5947799362,4.6791214809,2.6817902662
26,5000,1.1,75,30000,23,1.2,1.0,1.2,-4.6804748351,-2.4930432564,6.8989439878,3.6622744561
0,5000,1.1,75,37000,23,1.2,1.0,1.2,0.0647321739,0.0428411123,0.0647321739,0.0428411123
10,5000,1.1,75,37000,23,1.2,1.0,1.2,-1.8758674652,-0.652292923,2.5255076476,1.7503647478
18,5000,1.1,75,37000,23,1.2,1.0,1.2,-3.6141249737,-1.5978790397,4.4961963018,2.7046430904
26,5000,1.1,75,37000,23,1.2,1.0,1.2,-4.7047324028,-2.4894831871,6.8336120563,3.6935993387
0,2000,0.9,25,30000,23,1.2,1.0,1.6,0.2108377138,0.1403680059,0.2108377138,0.1403680059
10,2000,0.9,25,30000,23,1.2,1.0,1.6,-0.5151826197,-0.1852839747,1.3449155604,0.7835826755
18,2000,0.9,25,30000,23,1.2,1.0,1.6,-1.4062315456,-0.5847825581,2.0141516554,1.1641048547
26,2000,0.9,25,30000,23,1.2,1.0,1.6,-2.1559329208,-0.9967042581,2.7538657578,1.5499801155
0,2000,0.9,25,37000,23,1.2,1.0,1.6,0.2087754872,0.1389599988,0.2087754872,0.1389599988
10,2000,0.9,25,37000,23,1.2,1.0,1.6,-0.5157838646,-0.1854528807,1.3458421534,0.7841338129
18,2000,0.9,25,37000,23,1.2,1.0,1.6,-1.4033145991,-0.584571183,2.0184044031,1.1659915142
26,2000,0.9,25,37000,23,1.2,1.0,1.6,-2.1540777939,-0.9964995,2.7598124891,1.5528048037
0,2000,0.9,75,30000,23,1.2,1.0,1.6,0.1184835308,0.0796437288,0.1184835308,0.0796437288
10,2000,0.9,75,30000,23,1.2,1.0,1.6,-0.4855195894,-0.2259048623,1.3570934098,0.7420595444
18,2000,0.9,75,30000,23,1.2,1.0,1.6,-1.4915174249,-0.6200959672,1.9396861593,1.1133801068
26,2000,0.9,75,30000,23,1.2,1.0,1.6,-2.2763229818,-1.0368554259,2.6246206338,1.489879784
0,2000,0.9,75,37000,23,1.2,1.0,1.6,0.2258522858,0.1528713811,0.2258522858,0.1528713811
10,2000,0.9,75,37000,23,1.2,1.0,1.6,-0.97606242,-0.2078002898,1.0450460313,0.7580912349
18,2000,0.9,75,37000,23,1.2,1.0,1.6,-1.6749085043,-0.5946571721,1.8106186452,1.1418888477
26,2000,0.9,75,37000,23,1.2,1.0,1.6,-2.3678012691,-0.9995292169,2.5722148662,1.5218323588
0,2000,1.1,25,30000,23,1.2,1.0,1.6,0.0973260975,0.063180234,0.0973260975,0.063180234
10,2000,1.1,25,30000,23,1.2,1.0,1.6,-0.7207474134,-0.221374718,1.183672232,0.7416901044
18,2000,1.1,25,30000,23,1.2,1.0,1.6,-1.4654256884,-0.6379574273,1.9196485414,1.1251117783
26,2000,1.1,25,30000,23,1.2,1.0,1.6,-2.2961346784,-1.0200681677,2.6046891689,1.5141261431
0,2000,1.1,25,37000,23,1.2,1.0,1.6,0.0863644283,0.0560854104,0.0863644283,0.0560854104
10,2000,1.1,25,37000,23,1.2,1.0,1.6,-0.8449268218,-0.2327108298,1.1068966842,0.730643284
18,2000,1.1,25,37000,23,1.2,1.0,1.6,-1.5404389563,-0.6332007783,1.8872357744,1.1218553631
26,2000,1.1,25,37000,23,1.2,1.0,1.6,-2.2869245722,-1.0389588451,2.6145073985,1.5109055973
0,2000,1.1,75,30000,23,1.2,1.0,1.6,0.0734444174,0.0476101628,0.0734444174,0.0476101628
10,2000,1.1,75,30000,23,1.2,1.0,1.6,-1.0723140221,-0.2642868653,0.9938451368,0.7009844089
18,2000,1.1,75,30000,23,1.2,1.0,1.6,-1.7513644593,-0.6462882929,1.7687811439,1.0888305165
26,2000,1.1,75,30000,23,1.2,1.0,1.6,-2.4304312268,-1.0435764715,2.5386161727,1.4726936488
0,2000,1.1,75,37000,23,1.2,1.0,1.6,0.0737961993,0.0478470301,0.0737961993,0.0478470301
10,2000,1.1,75,37000,23,1.2,1.0,1.6,-1.0631449927,-0.2618158146,1.0066887267,0.7039656585
18,2000,1.1,75,37000,23,1.2,1.0,1.6,-1.7521740751,-0.6444241214,1.7771211582,1.092195157
26,2000,1.1,75,37000,23,1.2,1.0,1.6,-2.4348072963,-1.041434456,2.5475602985,1.4774835969
0,5000,0.9,25,30000,23,1.2,1.0,1.6,0.2108377138,0.1403680059,0.2108377138,0.1403680059
10,5000,0.9,25,30000,23,1.2,1.0,1.6,-1.7705606249,-0.6927310125,3.0042206933,1.7509838196
18,5000,0.9,25,30000,23,1.2,1.0,1.6,-3.4595612623,-1.6658453544,4.9896913662,2.7426887517
26,5000,0.9,25,30000,23,1.2,1.0,1.6,-4.8113801878,-2.5874035293,7.2256453625,3.771083557
0,5000,0.9,25,37000,23,1.2,1.0,1.6,0.2087754872,0.1389599988,0.2087754872,0.1389599988
10,5000,0.9,25,37000,23,1.2,1.0,1.6,-1.7711087509,-0.690515962,3.0100245096,1.7551199216
18,5000,0.9,25,37000,23,1.2,1.0,1.6,-3.4565622232,-1.6646198864,5.0032583585,2.7492026227
26,5000,0.9,25,37000,23,1.2,1.0,1.6,-4.806072081,-2.587514293,7.2490287269,3.7793580306
0,5000,0.9,75,30000,23,1.2,1.0,1.6,0.1184835308,0.0796437288,0.1184835308,0.0796437288
10,5000,0.9,75,30000,23,1.2,1.0,1.6,-1.8926234816,-0.7426395646,2.6753735948,1.6675360703
18,5000,0.9,75,30000,23,1.2,1.0,1.6,-3.651961257,-1.699774396,4.6022566304,2.6390264524
26,5000,0.9,75,30000,23,1.2,1.0,1.6,-4.7395818334,-2.5910673965,6.895508516,3.6588005736
0,5000,0.9,75,37000,23,1.2,1.0,1.6,0.2258522858,0.1528713811,0.2258522858,0.1528713811
10,5000,0.9,75,37000,23,1.2,1.0,1.6,-1.9315905815,-0.7257716707,2.7657392144,1.7064093358
18,5000,0.9,75,37000,23,1.2,1.0,1.6,-3.6689540567,-1.68654268,4.7042212639,2.677013212
26,5000,0.9,75,37000,23,1.2,1.0,1.6,-4.7339926034,-2.5850885473,7.0147120421,3.6924704786
0,5000,1.1,25,30000,23,1.2,1.0,1.6,0.0973260975,0.063180234,0.0973260975,0.063180234
10,5000,1.1,25,30000,23,1.2,1.0,1.6,-1.6938293063,-0.6692568046,2.9905746212,1.77123075
18,5000,1.1,25,30000,23,1.2,1.0,1.6,-3.4585827637,-1.6334895507,4.9753830287,2.7657034069
26,5000,1.1,25,30000,23,1.2,1.0,1.6,-4.9001274995,-2.5620403758,7.1473291462,3.7849800527
0,5000,1.1,25,37000,23,1.2,1.0,1.6,0.0863644283,0.0560854104,0.0863644283,0.0560854104
10,5000,1.1,25,37000,23,1.2,1.0,1.6,-1.7121197869,-0.6690214393,2.9159355351,1.7906465512
18,5000,1.1,25,37000,23,1.2,1.0,1.6,-3.4796995201,-1.6333407039,4.9210530421,2.7839997885
26,5000,1.1,25,37000,23,1.2,1.0,1.6,-4.8880221383,-2.5566139915,7.1432938387,3.8066545077
0,5000,1.1,75,30000,23,1.2,1.0,1.6,0.0734444174,0.0476101628,0.0734444174,0.0476101628
10,5000,1.1,75,30000,23,1.2,1.0,1.6,-2.021435358,-0.7245466637,2.271671737,1.7053649018
18,5000,1.1,75,30000,23,1.2,1.0,1.6,-3.729455642,-1.6775599316,4.325899564,2.6786145958
26,5000,1.1,75,30000,23,1.2,1.0,1.6,-4.9744990137,-2.5718643581,6.606168441,3.6876154419
0,5000,1.1,75,37000,23,1.2,1.0,1.6,0.0737961993,0.0478470301,0.0737961993,0.0478470301
10,5000,1.1,75,37000,23,1.2,1.0,1.6,-2.0466733359,-0.7223801188,2.2483257282,1.7128778008
18,5000,1.1,75,37000,23,1.2,1.0,1.6,-3.7443034473,-1.6755305075,4.3213002094,2.6908363811
26,5000,1.1,75,37000,23,1.2,1.0,1.6,-4.9796554601,-2.5770001045,6.6297921946,3.7028515976
0,2000,0.9,25,30000,23,1.2,1.5,0.8,0.1373371863,0.1040769212,0.1373371863,0.1040769212
10,2000,0.9,25,30000,23,1.2,1.5,0.8,-0.4562890272,-0.1827437575,1.5075625293,0.8271594532
18,2000,0.9,25,30000,23,1.2,1.5,0.8,-1.453698404,-0.5589400205,2.139555778,1.2462392318
26,2000,0.9,25,30000,23,1.2,1.5,0.8,-2.2230639561,-0.9982880058,2.8814632308,1.6471805888
0,2000,0.9,25,37000,23,1.2,1.5,0.8,0.1377761793,0.1044131777,0.1377761793,0.1044131777
10,2000,0.9,25,37000,23,1.2,1.5,0.8,-0.4407433188,-0.1834117969,1.5385858411,0.8264650189
18,2000,0.9,25,37000,23,1.2,1.5,0.8,-1.4445996922,-0.5590687483,2.1642053866,1.2465342565
26,2000,0.9,25,37000,23,1.2,1.5,0.8,-2.2112704318,-0.998745329,2.9070072345,1.6479129808
0,2000,0.9,75,30000,23,1.2,1.5,0.8,0.122797254,0.0931074899,0.122797254,0.0931074899
10,2000,0.9,75,30000,23,1.2,1.5,0.8,-0.7471141527,-0.1772086307,1.271424727,0.8064543494
18,2000,0.9,75,30000,23,1.2,1.5,0.8,-1.668039487,-0.5873978095,1.9095168966,1.2127047127
26,2000,0.9,75,30000,23,1.2,1.5,0.8,-2.4303504545,-0.9942751495,2.653893491,1.6109157047
0,2000,0.9,75,37000,23,1.2,1.5,0.8,0.1232097263,0.0934245914,0.1232097263,0.0934245914
10,2000,0.9,75,37000,23,1.2,1.5,0.8,-0.7427190515,-0.1764588142,1.2855449418,0.8071483786
18,2000,0.9,75,37000,23,1.2,1.5,0.8,-1.6662150209,-0.5850130359,1.9224982982,1.2149296906
26,2000,0.9,75,37000,23,1.2,1.5,0.8,-2.4279188347,-0.9975195202,2.6669846871,1.612674225
0,2000,1.1,25,30000,23,1.2,1.5,0.8,0.112120662,0.0824811882,0.112120662,0.0824811882
10,2000,1.1,25,30000,23,1.2,1.5,0.8,-0.8727744073,-0.151462618,1.1349915557,0.842070425
18,2000,1.1,25,30000,23,1.2,1.5,0.8,-1.5972610311,-0.5623046736,1.9356395234,1.2423960008
26,2000,1.1,25,30000,23,1.2,1.5,0.8,-2.3184054713,-1.0197167837,2.7162412651,1.633689996
0,2000,1.1,25,37000,23,1.2,1.5,0.8,0.1075555765,0.079018836,0.1075555765,0.079018836
10,2000,1.1,25,37000,23,1.2,1.5,0.8,-0.9215755144,-0.1487076088,1.1235984586,0.8435510618
18,2000,1.1,25,37000,23,1.2,1.5,0.8,-1.6394114303,-0.5544820277,1.922588205,1.2431449295
26,2000,1.1,25,37000,23,1.2,1.5,0.8,-2.3299601204,-1.0173759762,2.7315345372,1.6320698812
0,2000,1.1,75,30000,23,1.2,1.5,0.8,0.074546692,0.0544377688,0.074546692,0.0544377688
10,2000,1.1,75,30000,23,1.2,1.5,0.8,-1.1479046665,-0.1571333982,0.8718438761,0.8516678245
18,2000,1.1,75,30000,23,1.2,1.5,0.8,-1.8900202244,-0.5571440014,1.6363931082,1.2500616505
26,2000,1.1,75,30000,23,1.2,1.5,0.8,-2.58873948,-0.9648387978,2.4548457876,1.6434008616
0,2000,1.1,75,37000,23,1.2,1.5,0.8,0.0747841938,0.0546204173,0.0747841938,0.0546204173
10,2000,1.1,75,37000,23,1.2,1.5,0.8,-1.0626060435,-0.1638460355,1.0394780814,0.8295328343
18,2000,1.1,75,37000,23,1.2,1.5,0.8,-1.7860795141,-0.5652154943,1.8271552638,1.2269656139
26,2000,1.1,75,37000,23,1.2,1.5,0.8,-2.5198760645,-0.9671879759,2.610846127,1.6254028252
0,5000,0.9,25,30000,23,1.2,1.5,0.8,0.1373371863,0.1040769212,0.1373371863,0.1040769212
10,5000,0.9,25,30000,23,1.2,1.5,0.8,-1.8140266629,-0.6121864475,2.9651339464,1.9194055039
18,5000,0.9,25,30000,23,1.2,1.5,0.8,-3.552904793,-1.6367180422,5.0763623706,2.9352405498
26,5000,0.9,25,30000,23,1.2,1.5,0.8,-4.894266562,-2.6448964692,7.4151183903,3.9519980518
0,5000,0.9,25,37000,23,1.2,1.5,0.8,0.1377761793,0.1044131777,0.1377761793,0.1044131777
10,5000,0.9,25,37000,23,1.2,1.5,0.8,-1.8126568341,-0.6101922028,2.9713000163,1.9232714665
18,5000,0.9,25,37000,23,1.2,1.5,0.8,-3.5498732063,-1.6363684989,5.0863488815,2.939910887
26,5000,0.9,25,37000,23,1.2,1.5,0.8,-4.8911631867,-2.6449535308,7.4305370916,3.9576226309
0,5000,0.9,75,30000,23,1.2,1.5,0.8,0.122797254,0.0931074899,0.122797254,0.0931074899
10,5000,0.9,75,30000,23,1.2,1.5,0.8,-1.7943913809,-0.6431962451,2.7602152923,1.8631232664
18,5000,0.9,75,30000,23,1.2,1.5,0.8,-3.6531221708,-1.6454343641,4.7553601249,2.8647309259
26,5000,0.9,75,30000,23,1.2,1.5,0.8,-4.7960393297,-2.663530682,7.1813085397,3.8495134295
0,5000,0.9,75,37000,23,1.2,1.5,0.8,0.1232097263,0.0934245914,0.1232097263,0.0934245914
10,5000,0.9,75,37000,23,1.2,1.5,0.8,-1.7937768608,-0.64060126,2.7669612069,1.8683597571
18,5000,0.9,75,37000,23,1.2,1.5,0.8,-3.6532555386,-1.6432901487,4.7658670362,2.8727726999
26,5000,0.9,75,37000,23,1.2,1.5,0.8,-4.7922123682,-2.664038316,7.2025552589,3.857966603
0,5000,1.1,25,30000,23,1.2,1.5,0.8,0.112120662,0.0824811882,0.112120662,0.0824811882
10,5000,1.1,25,30000,23,1.2,1.5,0.8,-1.6876585393,-0.571879825,3.0931682071,1.969792196
18,5000,1.1,25,30000,23,1.2,1.5,0.8,-3.5248313838,-1.5840007919,5.1315908534,2.9859302923
26,5000,1.1,25,30000,23,1.2,1.5,0.8,-4.9512141671,-2.5903284246,7.4268821062,4.0061755321
0,5000,1.1,25,37000,23,1.2,1.5,0.8,0.1075555765,0.079018836,0.1075555765,0.079018836
10,5000,1.1,25,37000,23,1.2,1.5,0.8,-1.8003445493,-0.5583029307,2.8779274274,2.005874547
18,5000,1.1,25,37000,23,1.2,1.5,0.8,-3.5593000184,-1.575488255,5.0370163894,3.0186536526
26,5000,1.1,25,37000,23,1.2,1.5,0.8,-4.983952689,-2.5944919116,7.3719036907,4.0264805643
0,5000,1.1,75,30000,23,1.2,1.5,0.8,0.074546692,0.0544377688,0.074546692,0.0544377688
10,5000,1.1,75,30000,23,1.2,1.5,0.8,-1.628934865,-0.5887036153,3.0035517182,1.8995393301
18,5000,1.1,75,30000,23,1.2,1.5,0.8,-3.5359801088,-1.5875411114,4.9494499447,2.9031376957
26,5000,1.1,75,30000,23,1.2,1.5,0.8,-4.9960436478,-2.6012274679,7.1680753659,3.8986724095
0,5000,1.1,75,37000,23,1.2,1.5,0.8,0.0747841938,0.0546204173,0.0747841938,0.0546204173
10,5000,1.1,75,37000,23,1.2,1.5,0.8,-1.6219357544,-0.5870464463,3.0230428019,1.9023885805
18,5000,1.1,75,37000,23,1.2,1.5,0.8,-3.5315861632,-1.5860625184,4.9710457755,2.9089248189
26,5000,1.1,75,37000,23,1.2,1.5,0.8,-4.9911170624,-2.6011392158,7.1977890394,3.9065883035
0,2000,0.9,25,30000,23,1.2,1.5,1.2,0.1539005933,0.1133330784,0.1539005933,0.1133330784
10,2000,0.9,25,30000,23,1.2,1.5,1.2,-0.4374702232,-0.1880085905,1.5110445839,0.8366968871
18,2000,0.9,25,30000,23,1.2,1.5,1.2,-1.4367390964,-0.5777286815,2.1335183749,1.2526694248
26,2000,0.9,25,30000,23,1.2,1.5,1.2,-2.2116454574,-1.0244872226,2.8612007863,1.6587372543
0,2000,0.9,25,37000,23,1.2,1.5,1.2,0.1544213785,0.1137221696,0.1544213785,0.1137221696
10,2000,0.9,25,37000,23,1.2,1.5,1.2,-0.4746210616,-0.1854974875,1.4356523351,0.8436550128
18,2000,0.9,25,37000,23,1.2,1.5,1.2,-1.4697252293,-0.5764897883,2.0687726956,1.259173275
26,2000,0.9,25,37000,23,1.2,1.5,1.2,-2.2321074295,-1.0232573087,2.812514145,1.666421152
0,2000,0.9,75,30000,23,1.2,1.5,1.2,0.1382024824,0.1017787288,0.1382024824,0.1017787288
10,2000,0.9,75,30000,23,1.2,1.5,1.2,-0.6849596274,-0.1955465211,1.3020939565,0.805131313
18,2000,0.9,75,30000,23,1.2,1.5,1.2,-1.659641929,-0.6069944706,1.9088281763,1.2121737335
26,2000,0.9,75,30000,23,1.2,1.5,1.2,-2.4600824615,-1.0253178406,2.5947887874,1.6179709629
0,2000,0.9,75,37000,23,1.2,1.5,1.2,0.1386789497,0.1021361467,0.1386789497,0.1021361467
10,2000,0.9,75,37000,23,1.2,1.5,1.2,-0.7013998683,-0.1937035539,1.2981120065,0.8070859378
18,2000,0.9,75,37000,23,1.2,1.5,1.2,-1.6794546423,-0.607144855,1.898989787,1.2149004417
26,2000,0.9,75,37000,23,1.2,1.5,1.2,-2.4010814519,-1.0460025294,2.6601685659,1.6138901895
0,2000,1.1,25,30000,23,1.2,1.5,1.2,0.0922261326,0.0651729052,0.0922261326,0.0651729052
10,2000,1.1,25,30000,23,1.2,1.5,1.2,-0.939422947,-0.1716136379,1.0304078381,0.8792288087
18,2000,1.1,25,30000,23,1.2,1.5,1.2,-1.6328956988,-0.5820897522,1.8526175534,1.2827582005
26,2000,1.1,25,30000,23,1.2,1.5,1.2,-2.3324035481,-1.0610175961,2.6403628267,1.6717898388
0,2000,1.1,25,37000,23,1.2,1.5,1.2,0.0924670223,0.0653534953,0.0924670223,0.0653534953
10,2000,1.1,25,37000,23,1.2,1.5,1.2,-0.9219652226,-0.1710410405,1.0594552422,0.87997915
18,2000,1.1,25,37000,23,1.2,1.5,1.2,-1.6200027966,-0.5813155254,1.8777227266,1.2839852967
26,2000,1.1,25,37000,23,1.2,1.5,1.2,-2.3236452178,-1.0593757933,2.661888746,1.6736067045
0,2000,1.1,75,30000,23,1.2,1.5,1.2,0.0860106008,0.0606016782,0.0860106008,0.0606016782
10,2000,1.1,75,30000,23,1.2,1.5,1.2,-1.1412702731,-0.1949529106,0.9946665319,0.8013245172
18,2000,1.1,75,30000,23,1.2,1.5,1.2,-1.8213807527,-0.6020127563,1.7984884388,1.2051202174
26,2000,1.1,75,30000,23,1.2,1.5,1.2,-2.5462957811,-1.0082052633,2.5758550047,1.6098530562
0,2000,1.1,75,37000,23,1.2,1.5,1.2,0.0863032519,0.0608212223,0.0863032519,0.0608212223
10,2000,1.1,75,37000,23,1.2,1.5,1.2,-1.1523475814,-0.1926175307,0.9901923519,0.803241736
18,2000,1.1,75,37000,23,1.2,1.5,1.2,-1.8235484653,-0.600139252,1.8007042535,1.2075482423
26,2000,1.1,75,37000,23,1.2,1.5,1.2,-2.5499029782,-1.0063958696,2.578410796,1.6130292793
0,5000,0.9,25,30000,23,1.2,1.5,1.2,0.1539005933,0.1133330784,0.1539005933,0.1133330784
10,5000,0.9,25,30000,23,1.2,1.5,1.2,-1.8317990041,-0.6609775618,2.9206963657,1.904534099
18,5000,0.9,25,30000,23,1.2,1.5,1.2,-3.5775622924,-1.69209367,5.0060390022,2.9415776245
26,5000,0.9,25,30000,23,1.2,1.5,1.2,-4.9540858583,-2.6982223367,7.2878027066,3.9906186844
0,5000,0.9,25,37000,23,1.2,1.5,1.2,0.1544213785,0.1137221696,0.1544213785,0.1137221696
10,5000,0.9,25,37000,23,1.2,1.5,1.2,-1.8276696533,-0.6591635841,2.9292324939,1.9084834207
18,5000,0.9,25,37000,23,1.2,1.5,1.2,-3.5739147359,-1.6910186994,5.0171460752,2.9467820504
26,5000,0.9,25,37000,23,1.2,1.5,1.2,-4.950383942,-2.6985396919,7.3042586735,3.9965863252
0,5000,0.9,75,30000,23,1.2,1.5,1.2,0.1382024824,0.1017787288,0.1382024824,0.1017787288
10,5000,0.9,75,30000,23,1.2,1.5,1.2,-1.8199188238,-0.6949265418,2.696497707,1.8457058057
18,5000,0.9,75,30000,23,1.2,1.5,1.2,-3.6636280318,-1.7078493959,4.6809517236,2.8639442213
26,5000,0.9,75,30000,23,1.2,1.5,1.2,-4.9212674326,-2.7147875068,7.0031541917,3.886399715
0,5000,0.9,75,37000,23,1.2,1.5,1.2,0.1386789497,0.1021361467,0.1386789497,0.1021361467
10,5000,0.9,75,37000,23,1.2,1.5,1.2,-1.8164685162,-0.6927693781,2.70626208,1.851010097
18,5000,0.9,75,37000,23,1.2,1.5,1.2,-3.6617311824,-1.7060017396,4.6938951177,2.8720414913
26,5000,0.9,75,37000,23,1.2,1.5,1.2,-4.9192858284,-2.7191090018,7.0268340309,3.8943739769
0,5000,1.1,25,30000,23,1.2,1.5,1.2,0.0922261326,0.0651729052,0.0922261326,0.0651729052
10,5000,1.1,25,30000,23,1.2,1.5,1.2,-1.7171987484,-0.6291041674,3.0396107869,1.9328087309
18,5000,1.1,25,30000,23,1.2,1.5,1.2,-3.5376809002,-1.651740211,5.073692381,2.9680012255
26,5000,1.1,25,30000,23,1.2,1.5,1.2,-5.0438854432,-2.6746401384,7.2972953293,4.010615184
0,5000,1.1,25,37000,23,1.2,1.5,1.2,0.0924670223,0.0653534953,0.0924670223,0.0653534953
10,5000,1.1,25,37000,23,1.2,1.5,1.2,-1.7280795108,-0.6271661,3.0354457529,1.9356597272
18,5000,1.1,25,37000,23,1.2,1.5,1.2,-3.5351956414,-1.6504383966,5.0866637617,2.9720538176
26,5000,1.1,25,37000,23,1.2,1.5,1.2,-5.0345068382,-2.6699718266,7.3160952085,4.0148853892
0,5000,1.1,75,30000,23,1.2,1.5,1.2,0.0860106008,0.0606016782,0.0860106008,0.0606016782
10,5000,1.1,75,30000,23,1.2,1.5,1.2,-1.7402362256,-0.6427328001,2.7192665785,1.8951265162
18,5000,1.1,75,30000,23,1.2,1.5,1.2,-3.6146182489,-1.654837508,4.6805357468,2.9104817874
26,5000,1.1,75,30000,23,1.2,1.5,1.2,-5.1097587032,-2.6682345623,6.8947063872,3.9347965083
0,5000,1.1,75,37000,23,1.2,1.5,1.2,0.0863032519,0.0608212223,0.0863032519,0.0608212223
10,5000,1.1,75,37000,23,1.2,1.5,1.2,-1.7428971653,-0.6404990355,2.7205866888,1.9000968977
18,5000,1.1,75,37000,23,1.2,1.5,1.2,-3.619541686,-1.6529511412,4.6843896535,2.9178944004
26,5000,1.1,75,37000,23,1.2,1.5,1.2,-5.1071023027,-2.6677589087,6.9144749549,3.9449784465
0,2000,0.9,25,30000,23,1.2,1.5,1.6,0.2375990982,0.1732367688,0.2375990982,0.1732367688
10,2000,0.9,25,30000,23,1.2,1.5,1.6,-0.6155740153,-0.1426504575,1.3932780667,0.8993158766
18,2000,0.9,25,30000,23,1.2,1.5,1.6,-1.3938229642,-0.5853049557,2.1296724093,1.3081331148
26,2000,0.9,25,30000,23,1.2,1.5,1.6,-2.236551005,-1.009302556,2.8370113698,1.7209859474
0,2000,0.9,25,37000,23,1.2,1.5,1.6,0.235520155,0.1715913987,0.235520155,0.1715913987
10,2000,0.9,25,37000,23,1.2,1.5,1.6,-0.6400468978,-0.1385036692,1.3444611632,0.9142772836
18,2000,0.9,25,37000,23,1.2,1.5,1.6,-1.431934685,-0.5891506703,2.0684797848,1.3218849717
26,2000,0.9,25,37000,23,1.2,1.5,1.6,-2.2587378379,-0.9994846771,2.8018576994,1.7365746896
0,2000,0.9,75,30000,23,1.2,1.5,1.6,0.153010504,0.1116302661,0.153010504,0.1116302661
10,2000,0.9,75,30000,23,1.2,1.5,1.6,-0.9421032154,-0.1988621156,1.1603491995,0.8094718293
18,2000,0.9,75,30000,23,1.2,1.5,1.6,-1.673907344,-0.6097685452,1.9260094623,1.2224724341
26,2000,0.9,75,30000,23,1.2,1.5,1.6,-2.5057512282,-1.0310445972,2.5917401879,1.6364446298
0,2000,0.9,75,37000,23,1.2,1.5,1.6,0.1535589628,0.1120385923,0.1535589628,0.1120385923
10,2000,0.9,75,37000,23,1.2,1.5,1.6,-0.9251934604,-0.1968296548,1.1811062114,0.8112229593
18,2000,0.9,75,37000,23,1.2,1.5,1.6,-1.6537058319,-0.607599045,1.9494289725,1.225516401
26,2000,0.9,75,37000,23,1.2,1.5,1.6,-2.4808954634,-1.0801758741,2.5960041401,1.6295211485
0,2000,1.1,25,30000,23,1.2,1.5,1.6,0.104242546,0.0727067633,0.104242546,0.0727067633
10,2000,1.1,25,30000,23,1.2,1.5,1.6,-1.0538835449,-0.2167744269,1.0305025298,0.8201165908
18,2000,1.1,25,30000,23,1.2,1.5,1.6,-1.7705231525,-0.6331274636,1.8188102513,1.2348757021
26,2000,1.1,25,30000,23,1.2,1.5,1.6,-2.4640937191,-1.0478969917,2.6348880216,1.6557056985
0,2000,1.1,25,37000,23,1.2,1.5,1.6,0.10453143,0.0729216007,0.10453143,0.0729216007
10,2000,1.1,25,37000,23,1.2,1.5,1.6,-1.0569919613,-0.2156966379,1.0298680769,0.8218316193
18,2000,1.1,25,37000,23,1.2,1.5,1.6,-1.7725668955,-0.6323164569,1.8196669562,1.2366732548
26,2000,1.1,25,37000,23,1.2,1.5,1.6,-2.4660284514,-1.0471707645,2.6368849295,1.6580472428
0,2000,1.1,75,30000,23,1.2,1.5,1.6,0.0969575663,0.0673896083,0.0969575663,0.0673896083
10,2000,1.1,75,30000,23,1.2,1.5,1.6,-1.6623501623,-0.2178103059,0.1052644477,0.8560117867
18,2000,1.1,75,30000,23,1.2,1.5,1.6,-2.3024755419,-0.6324365184,0.9821564552,1.2628740152
26,2000,1.1,75,30000,23,1.2,1.5,1.6,-2.9403357511,-1.0800001328,1.8504618106,1.661638071
0,2000,1.1,75,37000,23,1.2,1.5,1.6,0.0972996685,0.06764429,0.0972996685,0.06764429
10,2000,1.1,75,37000,23,1.2,1.5,1.6,-1.6994951972,-0.2150981953,0.0797130795,0.8542431532
18,2000,1.1,75,37000,23,1.2,1.5,1.6,-2.3386549782,-0.6296341458,0.960960963,1.2623377056
26,2000,1.1,75,37000,23,1.2,1.5,1.6,-2.9704589989,-1.0820452093,1.8322898341,1.6613372555
0,5000,0.9,25,30000,23,1.2,1.5,1.6,0.2375990982,0.1732367688,0.2375990982,0.1732367688
10,5000,0.9,25,30000,23,1.2,1.5,1.6,-1.7444597848,-0.6901768773,3.0664607592,1.9263522066
18,5000,0.9,25,30000,23,1.2,1.5,1.6,-3.5530958353,-1.7399335569,5.0463256487,2.9810458062
26,5000,0.9,25,30000,23,1.2,1.5,1.6,-5.0226546196,-2.7751694939,7.2629257291,4.0509616761
0,5000,0.9,25,37000,23,1.2,1.5,1.6,0.235520155,0.1715913987,0.235520155,0.1715913987
10,5000,0.9,25,37000,23,1.2,1.5,1.6,-1.7422047177,-0.6875745767,3.0615599746,1.9301316645
18,5000,0.9,25,37000,23,1.2,1.5,1.6,-3.5556389787,-1.7367089585,5.0439076293,2.9867424407
26,5000,0.9,25,37000,23,1.2,1.5,1.6,-5.0232009019,-2.7779388705,7.2720256282,4.0564723919
0,5000,0.9,75,30000,23,1.2,1.5,1.6,0.153010504,0.1116302661,0.153010504,0.1116302661
10,5000,0.9,75,30000,23,1.2,1.5,1.6,-1.7538383252,-0.7310394602,2.6452436615,1.8494758204
18,5000,0.9,75,30000,23,1.2,1.5,1.6,-3.6215687568,-1.7582764852,4.6159376701,2.887840707
26,5000,0.9,75,30000,23,1.2,1.5,1.6,-5.0785895464,-2.7794741605,6.8635092677,3.9442644779
0,5000,0.9,75,37000,23,1.2,1.5,1.6,0.1535589628,0.1120385923,0.1535589628,0.1120385923
10,5000,0.9,75,37000,23,1.2,1.5,1.6,-1.7602232152,-0.7288639444,2.6461469146,1.854064977
18,5000,0.9,75,37000,23,1.2,1.5,1.6,-3.6294559118,-1.7564839996,4.6193367347,2.8948763972
26,5000,0.9,75,37000,23,1.2,1.5,1.6,-5.076951129,-2.7784808969,6.8845863605,3.9546009154
0,5000,1.1,25,30000,23,1.2,1.5,1.6,0.104242546,0.0727067633,0.104242546,0.0727067633
10,5000,1.1,25,30000,23,1.2,1.5,1.6,-1.7053844396,-0.673384568,2.8881317034,1.9367238213
18,5000,1.1,25,30000,23,1.2,1.5,1.6,-3.5516393589,-1.7090111692,4.954571588,3.0008746826
26,5000,1.1,25,30000,23,1.2,1.5,1.6,-5.1403470243,-2.744977122,7.1593094823,4.0723250679
0,5000,1.1,25,37000,23,1.2,1.5,1.6,0.10453143,0.0729216007,0.10453143,0.0729216007
10,5000,1.1,25,37000,23,1.2,1.5,1.6,-1.7069631721,-0.6721743852,2.8921051394,1.9400560912
18,5000,1.1,25,37000,23,1.2,1.5,1.6,-3.5530173636,-1.7081695602,4.9608636299,3.0055798547
26,5000,1.1,25,37000,23,1.2,1.5,1.6,-5.138399424,-2.7449763682,7.1722746177,4.0781303116
0,5000,1.1,75,30000,23,1.2,1.5,1.6,0.0969575663,0.0673896083,0.0969575663,0.0673896083
10,5000,1.1,75,30000,23,1.2,1.5,1.6,-1.7743734823,-0.6910305468,2.595423552,1.889002734
18,5000,1.1,75,30000,23,1.2,1.5,1.6,-3.6096410572,-1.7206801778,4.6003108909,2.9264360425
26,5000,1.1,75,30000,23,1.2,1.5,1.6,-5.2337649201,-2.7502954095,6.7349138603,3.9745974308
0,5000,1.1,75,37000,23,1.2,1.5,1.6,0.0972996685,0.06764429,0.0972996685,0.06764429
10,5000,1.1,75,37000,23,1.2,1.5,1.6,-1.7808315347,-0.6889590926,2.5920186179,1.8935063758
18,5000,1.1,75,37000,23,1.2,1.5,1.6,-3.6138854099,-1.7188806272,4.6051449277,2.9337594992
26,5000,1.1,75,37000,23,1.2,1.5,1.6,-5.2311485643,-2.7493767529,6.7538364349,3.9853167596
0,2000,0.9,25,30000,23,1.2,2.0,0.8,0.1706663298,0.1344315148,0.1706663298,0.1344315148
10,2000,0.9,25,30000,23,1.2,2.0,0.8,-0.8276071806,-0.1034789844,1.3680421277,0.9108327104
18,2000,0.9,25,30000,23,1.2,2.0,0.8,-1.6038676831,-0.5209985972,2.1718599885,1.3293465925
26,2000,0.9,25,30000,23,1.2,2.0,0.8,-2.3619974655,-1.0098066273,2.9549200353,1.7408631915
0,2000,0.9,25,37000,23,1.2,2.0,0.8,0.2095418764,0.1674330755,0.2095418764,0.1674330755
10,2000,0.9,25,37000,23,1.2,2.0,0.8,-0.5719566471,-0.1164080157,1.4505599022,0.9102920211
18,2000,0.9,25,37000,23,1.2,2.0,0.8,-1.5906567644,-0.514934076,2.1049645623,1.350901849
26,2000,0.9,25,37000,23,1.2,2.0,0.8,-2.3632279654,-0.9941241469,2.8811339735,1.7647839335
0,2000,0.9,75,30000,23,1.2,2.0,0.8,0.2013953863,0.1595369196,0.2013953863,0.1595369196
10,2000,0.9,75,30000,23,1.2,2.0,0.8,-0.8444422403,-0.0989506676,1.4578729856,0.8843235011
18,2000,0.9,75,30000,23,1.2,2.0,0.8,-1.6268830462,-0.5259415374,2.2372743386,1.2980764407
26,2000,0.9,75,30000,23,1.2,2.0,0.8,-2.5828305566,-0.9639408474,2.8549608379,1.7281247055
0,2000,0.9,75,37000,23,1.2,2.0,0.8,0.2027763949,0.16070529,0.2027763949,0.16070529
10,2000,0.9,75,37000,23,1.2,2.0,0.8,-0.8386572674,-0.0968545188,1.4618872265,0.8858700707
18,2000,0.9,75,37000,23,1.2,2.0,0.8,-1.6274841419,-0.5274041364,2.2362190628,1.2996964661
26,2000,0.9,75,37000,23,1.2,2.0,0.8,-2.577659429,-0.9606747051,2.8662465128,1.7305298705
0,2000,1.1,25,30000,23,1.2,2.0,0.8,0.0999431344,0.0750136584,0.0999431344,0.0750136584
10,2000,1.1,25,30000,23,1.2,2.0,0.8,-1.1518167177,-0.0865352175,0.8702133305,0.9940095494
18,2000,1.1,25,30000,23,1.2,2.0,0.8,-1.8498817821,-0.5162427776,1.7583528866,1.4006154429
26,2000,1.1,25,30000,23,1.2,2.0,0.8,-2.5485761723,-1.0000460226,2.6388821258,1.7926850213
0,2000,1.1,25,37000,23,1.2,2.0,0.8,0.1001432384,0.0751758008,0.1001432384,0.0751758008
10,2000,1.1,25,37000,23,1.2,2.0,0.8,-1.1614440253,-0.0836209304,0.8572748097,0.9972750174
18,2000,1.1,25,37000,23,1.2,2.0,0.8,-1.859371501,-0.5133597426,1.7449918468,1.4048092305
26,2000,1.1,25,37000,23,1.2,2.0,0.8,-2.5566190377,-0.9978426373,2.6286943754,1.7968638616
0,2000,1.1,75,30000,23,1.2,2.0,0.8,0.1155004854,0.087763194,0.1155004854,0.087763194
10,2000,1.1,75,30000,23,1.2,2.0,0.8,-1.4216705753,-0.0505966264,0.5580626079,1.0319592376
18,2000,1.1,75,30000,23,1.2,2.0,0.8,-2.1620740066,-0.4738338933,1.3990294996,1.4360180504
26,2000,1.1,75,30000,23,1.2,2.0,0.8,-2.8858982912,-0.9019861471,2.2632464352,1.8374864523
0,2000,1.1,75,37000,23,1.2,2.0,0.8,0.12306866,0.0953616737,0.12306866,0.0953616737
10,2000,1.1,75,37000,23,1.2,2.0,0.8,-1.3130641401,-0.0837677114,0.7661870315,0.9738861207
18,2000,1.1,75,37000,23,1.2,2.0,0.8,-2.1020028817,-0.4981893051,1.5404227672,1.3914368348
26,2000,1.1,75,37000,23,1.2,2.0,0.8,-2.8347067838,-0.9230368007,2.3897755638,1.7980978732
0,5000,0.9,25,30000,23,1.2,2.0,0.8,0.1706663298,0.1344315148,0.1706663298,0.1344315148
10,5000,0.9,25,30000,23,1.2,2.0,0.8,-1.8082501372,-0.5935882695,2.9882612303,2.0373056014
18,5000,0.9,25,30000,23,1.2,2.0,0.8,-3.712663633,-1.6493106995,5.183927505,3.0997062998
26,5000,0.9,25,30000,23,1.2,2.0,0.8,-5.2538181942,-2.7574439216,7.5770467831,4.1275162798
0,5000,0.9,25,37000,23,1.2,2.0,0.8,0.2095418764,0.1674330755,0.2095418764,0.1674330755
10,5000,0.9,25,37000,23,1.2,2.0,0.8,-1.9612490409,-0.5820847996,2.9868677847,2.0505008733
18,5000,0.9,25,37000,23,1.2,2.0,0.8,-3.7722947743,-1.6622233691,5.205517688,3.1019522728
26,5000,0.9,25,37000,23,1.2,2.0,0.8,-5.2398903991,-2.7424800863,7.5686585392,4.1462453188
0,5000,0.9,75,30000,23,1.2,2.0,0.8,0.2013953863,0.1595369196,0.2013953863,0.1595369196
10,5000,0.9,75,30000,23,1.2,2.0,0.8,-1.6899563127,-0.6374834897,3.2722182697,1.9962891582
18,5000,0.9,75,30000,23,1.2,2.0,0.8,-3.6713292949,-1.674912491,5.2509997464,3.0382167117
26,5000,0.9,75,30000,23,1.2,2.0,0.8,-5.2140218409,-2.7618772327,7.5468492542,4.0544645183
0,5000,0.9,75,37000,23,1.2,2.0,0.8,0.2027763949,0.16070529,0.2027763949,0.16070529
10,5000,0.9,75,37000,23,1.2,2.0,0.8,-1.6759922147,-0.6397326298,3.3179680234,1.9886457446
18,5000,0.9,75,37000,23,1.2,2.0,0.8,-3.6607666362,-1.6769623483,5.2963547831,3.0324894556
26,5000,0.9,75,37000,23,1.2,2.0,0.8,-5.2066632382,-2.7665088435,7.58840264,4.0506219094
0,5000,1.1,25,30000,23,1.2,2.0,0.8,0.0999431344,0.0750136584,0.0999431344,0.0750136584
10,5000,1.1,25,30000,23,1.2,2.0,0.8,-1.7418376614,-0.5596952376,3.0267761255,2.0747501809
18,5000,1.1,25,30000,23,1.2,2.0,0.8,-3.6901816784,-1.6109968618,5.1809317366,3.1365088955
26,5000,1.1,25,30000,23,1.2,2.0,0.8,-5.3079541742,-2.6799965792,7.5262612917,4.1943185139
0,5000,1.1,25,37000,23,1.2,2.0,0.8,0.1001432384,0.0751758008,0.1001432384,0.0751758008
10,5000,1.1,25,37000,23,1.2,2.0,0.8,-1.747366091,-0.5545780958,3.0265766716,2.0797296635
18,5000,1.1,25,37000,23,1.2,2.0,0.8,-3.6927373166,-1.6076171956,5.1848747655,3.1416714624
26,5000,1.1,25,37000,23,1.2,2.0,0.8,-5.3020661522,-2.6825517736,7.5392131106,4.1966741308
0,5000,1.1,75,30000,23,1.2,2.0,0.8,0.1155004854,0.087763194,0.1155004854,0.087763194
10,5000,1.1,75,30000,23,1.2,2.0,0.8,-1.9832862049,-0.5606316375,2.7840664555,2.0801509955
18,5000,1.1,75,30000,23,1.2,2.0,0.8,-3.9268204612,-1.6052702107,4.8419925231,3.1133483302
26,5000,1.1,75,30000,23,1.2,2.0,0.8,-5.4577644331,-2.7091128496,7.1841880281,4.1151814725
0,5000,1.1,75,37000,23,1.2,2.0,0.8,0.12306866,0.0953616737,0.12306866,0.0953616737
10,5000,1.1,75,37000,23,1.2,2.0,0.8,-1.9894325479,-0.5576704804,2.7912016048,2.078004388
18,5000,1.1,75,37000,23,1.2,2.0,0.8,-3.932689265,-1.6009417207,4.8478013545,3.1145612736
26,5000,1.1,75,37000,23,1.2,2.0,0.8,-5.4507577644,-2.7233779204,7.1990601976,4.110370869
0,2000,0.9,25,30000,23,1.2,2.0,1.2,0.1856334495,0.1443884056,0.1856334495,0.1443884056
10,2000,0.9,25,30000,23,1.2,2.0,1.2,-0.7896484509,-0.1214684094,1.3563286557,0.9125588649
18,2000,0.9,25,30000,23,1.2,2.0,1.2,-1.557140325,-0.5462507331,2.13641532,1.3381290746
26,2000,0.9,25,30000,23,1.2,2.0,1.2,-2.3139158196,-1.0510881909,2.8798888209,1.7605979515
0,2000,0.9,25,37000,23,1.2,2.0,1.2,0.1860543569,0.1447256319,0.1860543569,0.1447256319
10,2000,0.9,25,37000,23,1.2,2.0,1.2,-0.7850394262,-0.1212085274,1.3674856447,0.9131251848
18,2000,0.9,25,37000,23,1.2,2.0,1.2,-1.548888409,-0.5460850306,2.1497170535,1.3396326611
26,2000,0.9,25,37000,23,1.2,2.0,1.2,-2.3099514417,-1.0489931486,2.8917524305,1.7625203343
0,2000,0.9,75,30000,23,1.2,2.0,1.2,0.1876041652,0.1458778539,0.1876041652,0.1458778539
10,2000,0.9,75,30000,23,1.2,2.0,1.2,-1.1012190861,-0.1164501624,1.0387830574,0.9060652351
18,2000,0.9,75,30000,23,1.2,2.0,1.2,-1.8235330533,-0.5431585915,1.8416450565,1.3265961417
26,2000,0.9,75,30000,23,1.2,2.0,1.2,-2.5630007801,-1.0479250578,2.5986176696,1.7334120796
0,2000,0.9,75,37000,23,1.2,2.0,1.2,0.1879501807,0.1461466331,0.1879501807,0.1461466331
10,2000,0.9,75,37000,23,1.2,2.0,1.2,-1.1029584007,-0.1151260713,1.0394430787,0.9078335207
18,2000,0.9,75,37000,23,1.2,2.0,1.2,-1.8210853666,-0.5423314614,1.8450830203,1.3284434932
26,2000,0.9,75,37000,23,1.2,2.0,1.2,-2.5640349123,-1.0489484391,2.5986718425,1.7359288042
0,2000,1.1,25,30000,23,1.2,2.0,1.2,0.1167412794,0.0867479981,0.1167412794,0.0867479981
10,2000,1.1,25,30000,23,1.2,2.0,1.2,-1.0947478619,-0.1451525459,1.056938921,0.9044598018
18,2000,1.1,25,30000,23,1.2,2.0,1.2,-1.8388997788,-0.5739165901,1.8545932634,1.3284000424
26,2000,1.1,25,30000,23,1.2,2.0,1.2,-2.5299631367,-1.0181796489,2.6983375556,1.7530707308
0,2000,1.1,25,37000,23,1.2,2.0,1.2,0.1296849317,0.0975938589,0.1296849317,0.0975938589
10,2000,1.1,25,37000,23,1.2,2.0,1.2,-1.0241788797,-0.1354401499,1.1618332722,0.9025924337
18,2000,1.1,25,37000,23,1.2,2.0,1.2,-1.7664799377,-0.5637688782,1.9643865085,1.3270187168
26,2000,1.1,25,37000,23,1.2,2.0,1.2,-2.4885692043,-1.0080982895,2.7774670529,1.7504987149
0,2000,1.1,75,30000,23,1.2,2.0,1.2,0.1056851835,0.0776121749,0.1056851835,0.0776121749
10,2000,1.1,75,30000,23,1.2,2.0,1.2,-1.1597987111,-0.1469068352,1.0911583901,0.8659397884
18,2000,1.1,75,30000,23,1.2,2.0,1.2,-1.8781648518,-0.5741719913,1.900287689,1.2856584787
26,2000,1.1,75,30000,23,1.2,2.0,1.2,-2.6294377439,-0.9988946838,2.6847837306,1.7084135071
0,2000,1.1,75,37000,23,1.2,2.0,1.2,0.1059775699,0.0778469083,0.1059775699,0.0778469083
10,2000,1.1,75,37000,23,1.2,2.0,1.2,-1.1580534932,-0.146305597,1.0992522279,0.8665576273
18,2000,1.1,75,37000,23,1.2,2.0,1.2,-1.8738133331,-0.5738720937,1.9123025113,1.2862920915
26,2000,1.1,75,37000,23,1.2,2.0,1.2,-2.6259086561,-0.9985411229,2.6967053034,1.7095821013
0,5000,0.9,25,30000,23,1.2,2.0,1.2,0.1856334495,0.1443884056,0.1856334495,0.1443884056
10,5000,0.9,25,30000,23,1.2,2.0,1.2,-1.7999550108,-0.6479618931,2.8911424849,2.035507092
18,5000,0.9,25,30000,23,1.2,2.0,1.2,-3.6744232676,-1.7171264874,5.0230055545,3.1212024489
26,5000,0.9,25,30000,23,1.2,2.0,1.2,-5.2228735778,-2.8237727355,7.3410208135,4.1913917027
0,5000,0.9,25,37000,23,1.2,2.0,1.2,0.1860543569,0.1447256319,0.1860543569,0.1447256319
10,5000,0.9,25,37000,23,1.2,2.0,1.2,-1.8024863095,-0.6471929398,2.8931438667,2.0385071125
18,5000,0.9,25,37000,23,1.2,2.0,1.2,-3.6753412598,-1.7163628105,5.0285156394,3.1254343055
26,5000,0.9,25,37000,23,1.2,2.0,1.2,-5.2204341387,-2.8246470576,7.351256179,4.1955836709
0,5000,0.9,75,30000,23,1.2,2.0,1.2,0.1876041652,0.1458778539,0.1876041652,0.1458778539
10,5000,0.9,75,30000,23,1.2,2.0,1.2,-2.0775091246,-0.6759592609,2.6146830887,1.9997032664
18,5000,0.9,75,30000,23,1.2,2.0,1.2,-3.9493157318,-1.7345087473,4.6504327329,3.060787224
26,5000,0.9,75,30000,23,1.2,2.0,1.2,-5.2843691443,-2.8325061371,6.963866299,4.102890021
0,5000,0.9,75,37000,23,1.2,2.0,1.2,0.1879501807,0.1461466331,0.1879501807,0.1461466331
10,5000,0.9,75,37000,23,1.2,2.0,1.2,-2.0702940387,-0.6738861086,2.6159758477,2.0036019109
18,5000,0.9,75,37000,23,1.2,2.0,1.2,-3.9455794832,-1.7322337255,4.6526949756,3.0667805995
26,5000,0.9,75,37000,23,1.2,2.0,1.2,-5.3012909707,-2.8491561265,6.9943822587,4.1030635019
0,5000,1.1,25,30000,23,1.2,2.0,1.2,0.1167412794,0.0867479981,0.1167412794,0.0867479981
10,5000,1.1,25,30000,23,1.2,2.0,1.2,-2.0573498746,-0.5152344976,3.039884078,2.2585314734
18,5000,1.1,25,30000,23,1.2,2.0,1.2,-3.7981058808,-1.6266098456,5.1044909183,3.2842297799
26,5000,1.1,25,30000,23,1.2,2.0,1.2,-5.334801224,-2.752992715,7.3358853168,4.3182262552
0,5000,1.1,25,37000,23,1.2,2.0,1.2,0.1296849317,0.0975938589,0.1296849317,0.0975938589
10,5000,1.1,25,37000,23,1.2,2.0,1.2,-1.9096972456,-0.6180019459,2.9096860129,2.0819579563
18,5000,1.1,25,37000,23,1.2,2.0,1.2,-3.7805667301,-1.6842798099,5.0109736996,3.1630633864
26,5000,1.1,25,37000,23,1.2,2.0,1.2,-5.290726355,-2.7743267089,7.2885579176,4.2390022595
0,5000,1.1,75,30000,23,1.2,2.0,1.2,0.1056851835,0.0776121749,0.1056851835,0.0776121749
10,5000,1.1,75,30000,23,1.2,2.0,1.2,-2.0253215779,-0.6029319049,2.9248099622,2.0291123436
18,5000,1.1,75,30000,23,1.2,2.0,1.2,-3.8777308921,-1.7079405492,4.852227747,3.0865505396
26,5000,1.1,75,30000,23,1.2,2.0,1.2,-5.4307668683,-2.8070955888,6.9391911598,4.1407384354
0,5000,1.1,75,37000,23,1.2,2.0,1.2,0.1059775699,0.0778469083,0.1059775699,0.0778469083
10,5000,1.1,75,37000,23,1.2,2.0,1.2,-2.0273359961,-0.6016883277,2.9258077995,2.0326514719
18,5000,1.1,75,37000,23,1.2,2.0,1.2,-3.8845714324,-1.7045153847,4.850775064,3.0931416164
26,5000,1.1,75,37000,23,1.2,2.0,1.2,-5.4334415288,-2.8115929295,6.9569716411,4.146097521
0,2000,0.9,25,30000,23,1.2,2.0,1.6,0.2059690377,0.1576807566,0.2059690377,0.1576807566
10,2000,0.9,25,30000,23,1.2,2.0,1.6,-0.7607412245,-0.1365109741,1.3904419438,0.9291825132
18,2000,0.9,25,30000,23,1.2,2.0,1.6,-1.5295312508,-0.5896182042,2.172298578,1.3681974456
26,2000,0.9,25,30000,23,1.2,2.0,1.6,-2.377700822,-1.0748711777,2.8665728445,1.812305321
0,2000,0.9,25,37000,23,1.2,2.0,1.6,0.2064471162,0.1580592772,0.2064471162,0.1580592772
10,2000,0.9,25,37000,23,1.2,2.0,1.6,-0.7537401022,-0.1360081296,1.4037043329,0.9311018333
18,2000,0.9,25,37000,23,1.2,2.0,1.6,-1.5209925571,-0.5874106112,2.1873891315,1.3704516991
26,2000,0.9,25,37000,23,1.2,2.0,1.6,-2.3626287408,-1.0773968355,2.8871128065,1.8138536669
0,2000,0.9,75,30000,23,1.2,2.0,1.6,0.2446803504,0.1880711413,0.2446803504,0.1880711413
10,2000,0.9,75,30000,23,1.2,2.0,1.6,-0.4728993295,-0.1567368995,1.4875553343,0.9233414663
18,2000,0.9,75,30000,23,1.2,2.0,1.6,-1.6051550019,-0.567979653,2.0609479519,1.368387141
26,2000,0.9,75,30000,23,1.2,2.0,1.6,-2.6427256996,-1.0509806333,2.6057993802,1.8047904558
0,2000,0.9,75,37000,23,1.2,2.0,1.6,0.2453953848,0.1886707201,0.2453953848,0.1886707201
10,2000,0.9,75,37000,23,1.2,2.0,1.6,-0.3444139862,-0.1714600492,1.5538312732,0.9209002742
18,2000,0.9,75,37000,23,1.2,2.0,1.6,-1.6761181591,-0.5502861728,2.0198661373,1.3739592107
26,2000,0.9,75,37000,23,1.2,2.0,1.6,-2.5195888136,-1.0911529287,2.6878503264,1.7958350284
0,2000,1.1,25,30000,23,1.2,2.0,1.6,0.1392392383,0.101241586,0.1392392383,0.101241586
10,2000,1.1,25,30000,23,1.2,2.0,1.6,-0.8555974475,-0.1570162318,1.3185758497,0.9020398853
18,2000,1.1,25,30000,23,1.2,2.0,1.6,-1.6017182545,-0.597861235,2.1316238026,1.3404918239
26,2000,1.1,25,30000,23,1.2,2.0,1.6,-2.3735487783,-1.1380295712,2.8688371784,1.7642442185
0,2000,1.1,25,37000,23,1.2,2.0,1.6,0.1402325633,0.101949066,0.1402325633,0.101949066
10,2000,1.1,25,37000,23,1.2,2.0,1.6,-0.8548543013,-0.1555846056,1.3254258617,0.9033622559
18,2000,1.1,25,37000,23,1.2,2.0,1.6,-1.6013033025,-0.5964723209,2.1398410637,1.3420613315
26,2000,1.1,25,37000,23,1.2,2.0,1.6,-2.3696615589,-1.1357941425,2.8802780854,1.7656848644
0,2000,1.1,75,30000,23,1.2,2.0,1.6,0.1535433273,0.1120102092,0.1535433273,0.1120102092
10,2000,1.1,75,30000,23,1.2,2.0,1.6,-1.0874046645,-0.1626308766,1.8068839168,0.8736145938
18,2000,1.1,75,30000,23,1.2,2.0,1.6,-1.8364364141,-0.6010442294,2.5563683084,1.3129170965
26,2000,1.1,75,30000,23,1.2,2.0,1.6,-2.5914990555,-1.0404655964,3.3123712057,1.7523821366
0,2000,1.1,75,37000,23,1.2,2.0,1.6,0.16660353,0.1220937963,0.16660353,0.1220937963
10,2000,1.1,75,37000,23,1.2,2.0,1.6,-1.4389860092,-0.1413375468,1.4841390939,0.9100055341
18,2000,1.1,75,37000,23,1.2,2.0,1.6,-2.168072149,-0.5810928512,2.2642363851,1.3462201672
26,2000,1.1,75,37000,23,1.2,2.0,1.6,-2.8916127946,-1.0231087856,3.0449093543,1.7836163757
0,5000,0.9,25,30000,23,1.2,2.0,1.6,0.2059690377,0.1576807566,0.2059690377,0.1576807566
10,5000,0.9,25,30000,23,1.2,2.0,1.6,-1.8506367146,-0.7029213569,2.8947574687,2.0702314321
18,5000,0.9,25,30000,23,1.2,2.0,1.6,-3.7434466214,-1.8014238615,5.041810004,3.1905330414
26,5000,0.9,25,30000,23,1.2,2.0,1.6,-5.3549225211,-2.9293470484,7.3427964874,4.3031072364
0,5000,0.9,25,37000,23,1.2,2.0,1.6,0.2064471162,0.1580592772,0.2064471162,0.1580592772
10,5000,0.9,25,37000,23,1.2,2.0,1.6,-1.8536941814,-0.7038237269,2.8987251105,2.0725788549
18,5000,0.9,25,37000,23,1.2,2.0,1.6,-3.7457947495,-1.8022119753,5.0479825181,3.1941912615
26,5000,0.9,25,37000,23,1.2,2.0,1.6,-5.3543756011,-2.9310062331,7.3536024964,4.3074386442
0,5000,0.9,75,30000,23,1.2,2.0,1.6,0.2446803504,0.1880711413,0.2446803504,0.1880711413
10,5000,0.9,75,30000,23,1.2,2.0,1.6,-2.1947360795,-0.6739316396,2.7643118731,2.0425184981
18,5000,0.9,75,30000,23,1.2,2.0,1.6,-4.030940754,-1.8136201458,4.7508967567,3.1257704545
26,5000,0.9,75,30000,23,1.2,2.0,1.6,-5.4913231188,-2.9452373158,6.9265428951,4.2200930858
0,5000,0.9,75,37000,23,1.2,2.0,1.6,0.2453953848,0.1886707201,0.2453953848,0.1886707201
10,5000,0.9,75,37000,23,1.2,2.0,1.6,-2.1901376254,-0.6719500462,2.7718486002,2.0461915491
18,5000,0.9,75,37000,23,1.2,2.0,1.6,-4.0368915562,-1.8063552408,4.7479343371,3.1350585336
26,5000,0.9,75,37000,23,1.2,2.0,1.6,-5.4924186259,-2.9559838334,6.9635555513,4.2240021857
0,5000,1.1,25,30000,23,1.2,2.0,1.6,0.1392392383,0.101241586,0.1392392383,0.101241586
10,5000,1.1,25,30000,23,1.2,2.0,1.6,-1.8513883642,-0.5520890643,3.6045747445,2.3276501664
18,5000,1.1,25,30000,23,1.2,2.0,1.6,-3.7654823768,-1.7149765388,5.4994742942,3.3879600472
26,5000,1.1,25,30000,23,1.2,2.0,1.6,-5.4217995738,-2.8436032586,7.5912517195,4.4610740655
0,5000,1.1,25,37000,23,1.2,2.0,1.6,0.1402325633,0.101949066,0.1402325633,0.101949066
10,5000,1.1,25,37000,23,1.2,2.0,1.6,-1.8572211723,-0.5554270915,3.6086351266,2.3193584208
18,5000,1.1,25,37000,23,1.2,2.0,1.6,-3.7405237844,-1.721812439,5.5232448198,3.3767406232
26,5000,1.1,25,37000,23,1.2,2.0,1.6,-5.4204179592,-2.8452037346,7.5965400179,4.4604767837
0,5000,1.1,75,30000,23,1.2,2.0,1.6,0.1535433273,0.1120102092,0.1535433273,0.1120102092
10,5000,1.1,75,30000,23,1.2,2.0,1.6,-1.7293659903,-0.5360195693,3.6154488729,2.4032407254
18,5000,1.1,75,30000,23,1.2,2.0,1.6,-3.9731427133,-1.6926202619,5.1921588529,3.4608319328
26,5000,1.1,75,30000,23,1.2,2.0,1.6,-5.6698914633,-2.8223393254,7.2909119418,4.5002382107
0,5000,1.1,75,37000,23,1.2,2.0,1.6,0.16660353,0.1220937963,0.16660353,0.1220937963
10,5000,1.1,75,37000,23,1.2,2.0,1.6,-2.3405073864,-0.6647316468,2.6615800922,2.0823689877
18,5000,1.1,75,37000,23,1.2,2.0,1.6,-4.218227891,-1.7606208153,4.6927690766,3.1741225788
26,5000,1.1,75,37000,23,1.2,2.0,1.6,-5.5730144057,-2.8317670037,6.866744681,4.2839185455
0,2000,0.9,25,30000,23,1.6,1.0,0.8,0.1745521097,0.1313114111,0.1745521097,0.1313114111
10,2000,0.9,25,30000,23,1.6,1.0,0.8,-0.727995363,-0.1520566798,1.2889659016,0.8160083871
18,2000,0.9,25,30000,23,1.6,1.0,0.8,-1.4489389531,-0.5581312259,2.0466357413,1.2035011994
26,2000,0.9,25,30000,23,1.6,1.0,0.8,-2.234654858,-0.9561315594,2.7643449306,1.5972275268
0,2000,0.9,25,37000,23,1.6,1.0,0.8,0.1760662512,0.13239289,0.1760662512,0.13239289
10,2000,0.9,25,37000,23,1.6,1.0,0.8,-0.7508927154,-0.149557102,1.2689523957,0.8191550725
18,2000,0.9,25,37000,23,1.6,1.0,0.8,-1.4631216381,-0.5516670106,2.0362299605,1.2079223492
26,2000,0.9,25,37000,23,1.6,1.0,0.8,-2.2290865416,-0.9655396753,2.7639852591,1.5963380974
0,2000,0.9,75,30000,23,1.6,1.0,0.8,0.1160374301,0.0899361687,0.1160374301,0.0899361687
10,2000,0.9,75,30000,23,1.6,1.0,0.8,-0.9298409029,-0.1767131597,1.119384833,0.7865589984
18,2000,0.9,75,30000,23,1.6,1.0,0.8,-1.6512464932,-0.5631936552,1.8765966695,1.1726042206
26,2000,0.9,75,30000,23,1.6,1.0,0.8,-2.3682339218,-0.9897637173,2.6228193749,1.5469328437
0,2000,0.9,75,37000,23,1.6,1.0,0.8,0.1425884315,0.1082454264,0.1425884315,0.1082454264
10,2000,0.9,75,37000,23,1.6,1.0,0.8,-0.5210072895,-0.1771443968,1.4286032385,0.7865389763
18,2000,0.9,75,37000,23,1.6,1.0,0.8,-1.6146102628,-0.5702981039,1.9071202937,1.1848108451
26,2000,0.9,75,37000,23,1.6,1.0,0.8,-2.3370328923,-0.9574133665,2.6672994627,1.5719898338
0,2000,1.1,25,30000,23,1.6,1.0,0.8,0.073190845,0.0544658547,0.073190845,0.0544658547
10,2000,1.1,25,30000,23,1.6,1.0,0.8,-0.9612525302,-0.1795745203,1.0038401942,0.796423997
18,2000,1.1,25,30000,23,1.6,1.0,0.8,-1.662976409,-0.5685311378,1.7955775452,1.1864354517
26,2000,1.1,25,30000,23,1.6,1.0,0.8,-2.3468686036,-0.9702536782,2.6098061765,1.5752553849
0,2000,1.1,25,37000,23,1.6,1.0,0.8,0.0734791115,0.0547012039,0.0734791115,0.0547012039
10,2000,1.1,25,37000,23,1.6,1.0,0.8,-0.9628596751,-0.1786307327,1.0033902274,0.7981495574
18,2000,1.1,25,37000,23,1.6,1.0,0.8,-1.6641597336,-0.5676582278,1.7961988437,1.1884741651
26,2000,1.1,25,37000,23,1.6,1.0,0.8,-2.3485443234,-0.969618462,2.6110311282,1.5776342247
0,2000,1.1,75,30000,23,1.6,1.0,0.8,0.061243123,0.0456194303,0.061243123,0.0456194303
10,2000,1.1,75,30000,23,1.6,1.0,0.8,-1.3874367821,-0.1540080559,0.3783288519,0.8419897827
18,2000,1.1,75,30000,23,1.6,1.0,0.8,-2.050553952,-0.5466475118,1.2159979297,1.2206196534
26,2000,1.1,75,30000,23,1.6,1.0,0.8,-2.714671611,-0.9438774172,2.0501547042,1.599336831
0,2000,1.1,75,37000,23,1.6,1.0,0.8,0.0614268842,0.0457597255,0.0614268842,0.0457597255
10,2000,1.1,75,37000,23,1.6,1.0,0.8,-1.4231542982,-0.152587338,0.3648371431,0.838214979
18,2000,1.1,75,37000,23,1.6,1.0,0.8,-2.0782080381,-0.5446670232,1.198046234,1.2186103282
26,2000,1.1,75,37000,23,1.6,1.0,0.8,-2.7290757733,-0.94072278,2.0469890646,1.598945707
0,5000,0.9,25,30000,23,1.6,1.0,0.8,0.1745521097,0.1313114111,0.1745521097,0.1313114111
10,5000,0.9,25,30000,23,1.6,1.0,0.8,-1.7248940907,-0.6157253679,3.0903898773,1.8497677956
18,5000,0.9,25,30000,23,1.6,1.0,0.8,-3.4618945601,-1.6013500087,5.0749047328,2.8333473243
26,5000,0.9,25,30000,23,1.6,1.0,0.8,-4.8331101117,-2.5587533683,7.2943396692,3.8245610209
0,5000,0.9,25,37000,23,1.6,1.0,0.8,0.1760662512,0.13239289,0.1760662512,0.13239289
10,5000,0.9,25,37000,23,1.6,1.0,0.8,-1.7188363644,-0.6156660122,3.10044778,1.8524423167
18,5000,0.9,25,37000,23,1.6,1.0,0.8,-3.4594155025,-1.599645736,5.0850295983,2.8382543054
26,5000,0.9,25,37000,23,1.6,1.0,0.8,-4.8303308118,-2.5591773575,7.3087823356,3.8293809313
0,5000,0.9,75,30000,23,1.6,1.0,0.8,0.1160374301,0.0899361687,0.1160374301,0.0899361687
10,5000,0.9,75,30000,23,1.6,1.0,0.8,-1.7813903502,-0.6379677445,2.7835119178,1.7861032659
18,5000,0.9,75,30000,23,1.6,1.0,0.8,-3.6143256555,-1.6070929109,4.6959096886,2.7561485707
26,5000,0.9,75,30000,23,1.6,1.0,0.8,-4.7362156042,-2.5752781847,7.0242623937,3.7168893426
0,5000,0.9,75,37000,23,1.6,1.0,0.8,0.1425884315,0.1082454264,0.1425884315,0.1082454264
10,5000,0.9,75,37000,23,1.6,1.0,0.8,-1.730044106,-0.6398812753,2.874403778,1.7937266348
18,5000,0.9,75,37000,23,1.6,1.0,0.8,-3.540703879,-1.6094755638,4.8036241104,2.7664407254
26,5000,0.9,75,37000,23,1.6,1.0,0.8,-4.7394535163,-2.5740003752,7.1126522115,3.7301051424
0,5000,1.1,25,30000,23,1.6,1.0,0.8,0.073190845,0.0544658547,0.073190845,0.0544658547
10,5000,1.1,25,30000,23,1.6,1.0,0.8,-1.6453102652,-0.5481790479,2.9423068707,1.8972629284
18,5000,1.1,25,30000,23,1.6,1.0,0.8,-3.4355589937,-1.5288720371,4.9765656837,2.8863518095
26,5000,1.1,25,30000,23,1.6,1.0,0.8,-4.8708107203,-2.4924017693,7.2237427513,3.8840537506
0,5000,1.1,25,37000,23,1.6,1.0,0.8,0.0734791115,0.0547012039,0.0734791115,0.0547012046
10,5000,1.1,25,37000,23,1.6,1.0,0.8,-1.6443419146,-0.5462353434,2.9456090233,1.9009783755
18,5000,1.1,25,37000,23,1.6,1.0,0.8,-3.4344599578,-1.5274230181,4.9833320397,2.8912407192
26,5000,1.1,25,37000,23,1.6,1.0,0.8,-4.8682807909,-2.492183495,7.2364873995,3.8895849218
0,5000,1.1,75,30000,23,1.6,1.0,0.8,0.061243123,0.0456194303,0.061243123,0.0456194303
10,5000,1.1,75,30000,23,1.6,1.0,0.8,-1.6325638258,-0.5671496465,2.8230862807,1.8541571758
18,5000,1.1,75,30000,23,1.6,1.0,0.8,-3.488463334,-1.536595746,4.7295008027,2.8224013118
26,5000,1.1,75,30000,23,1.6,1.0,0.8,-4.8635303929,-2.5110512729,6.9903345742,3.7885740648
0,5000,1.1,75,37000,23,1.6,1.0,0.8,0.0614268842,0.0457597255,0.0614268842,0.0457597255
10,5000,1.1,75,37000,23,1.6,1.0,0.8,-1.6288898839,-0.565745537,2.8391989494,1.8542449792
18,5000,1.1,75,37000,23,1.6,1.0,0.8,-3.4891849373,-1.535269619,4.7439633741,2.8247022046
26,5000,1.1,75,37000,23,1.6,1.0,0.8,-4.8612135377,-2.5112870023,7.0144036396,3.7934398726
0,2000,0.9,25,30000,23,1.6,1.0,1.2,0.127128716,0.0939709843,0.127128716,0.0939709843
10,2000,0.9,25,30000,23,1.6,1.0,1.2,-0.8725923154,-0.1913998752,1.1507063899,0.7943741991
18,2000,0.9,25,30000,23,1.6,1.0,1.2,-1.5698068871,-0.582761308,1.9250991964,1.1928619663
26,2000,0.9,25,30000,23,1.6,1.0,1.2,-2.2549434758,-1.0063362889,2.7002932931,1.5866052123
0,2000,0.9,25,37000,23,1.6,1.0,1.2,0.1276220352,0.0943341819,0.1276220352,0.0943341819
10,2000,0.9,25,37000,23,1.6,1.0,1.2,-0.8715915534,-0.1902356494,1.1530622433,0.7958024411
18,2000,0.9,25,37000,23,1.6,1.0,1.2,-1.5689126635,-0.5816556347,1.9279776038,1.1946805221
26,2000,0.9,25,37000,23,1.6,1.0,1.2,-2.2550385083,-1.0062150873,2.702978061,1.5887614348
0,2000,0.9,75,30000,23,1.6,1.0,1.2,0.1102912836,0.0817052508,0.1102912836,0.0817052508
10,2000,0.9,75,30000,23,1.6,1.0,1.2,-1.0518106179,-0.2123948837,0.9239140137,0.7588947397
18,2000,0.9,75,30000,23,1.6,1.0,1.2,-1.7382465547,-0.6026607127,1.7019225683,1.1522447965
26,2000,0.9,75,30000,23,1.6,1.0,1.2,-2.439927053,-1.0208906243,2.463034227,1.5372332176
0,2000,0.9,75,37000,23,1.6,1.0,1.2,0.1106112073,0.0819433467,0.1106112073,0.0819433467
10,2000,0.9,75,37000,23,1.6,1.0,1.2,-1.036035757,-0.2106107222,0.9366701435,0.7615074495
18,2000,0.9,75,37000,23,1.6,1.0,1.2,-1.7399284688,-0.6009015114,1.7024817381,1.1544459226
26,2000,0.9,75,37000,23,1.6,1.0,1.2,-2.4385009033,-1.0223883979,2.4661665806,1.5394720629
0,2000,1.1,25,30000,23,1.6,1.0,1.2,0.1400716216,0.1021997988,0.1400716216,0.1021997988
10,2000,1.1,25,30000,23,1.6,1.0,1.2,-0.8901112216,-0.2001911124,1.1643942151,0.8050700915
18,2000,1.1,25,30000,23,1.6,1.0,1.2,-1.6216377091,-0.5939958085,1.9040655425,1.2004330796
26,2000,1.1,25,30000,23,1.6,1.0,1.2,-2.3190790509,-0.9893992871,2.6845139226,1.5964054654
0,2000,1.1,25,37000,23,1.6,1.0,1.2,0.1461250671,0.1065898234,0.1461250671,0.1065898234
10,2000,1.1,25,37000,23,1.6,1.0,1.2,-0.8734354792,-0.1902449649,1.2001431171,0.8107306427
18,2000,1.1,25,37000,23,1.6,1.0,1.2,-1.5927491136,-0.5845549946,1.9575310211,1.2043641011
26,2000,1.1,25,37000,23,1.6,1.0,1.2,-2.2906028886,-1.0008270478,2.7270949484,1.592072132
0,2000,1.1,75,30000,23,1.6,1.0,1.2,0.095363079,0.0699216833,0.095363079,0.0699216833
10,2000,1.1,75,30000,23,1.6,1.0,1.2,-1.0933225456,-0.2106833321,0.8984760359,0.7831038717
18,2000,1.1,75,30000,23,1.6,1.0,1.2,-1.8169596376,-0.602086513,1.6467542317,1.1735976706
26,2000,1.1,75,30000,23,1.6,1.0,1.2,-2.5165953638,-0.9948586147,2.419829953,1.5644544829
0,2000,1.1,75,37000,23,1.6,1.0,1.2,0.0934461837,0.0686036749,0.0934461837,0.0686036749
10,2000,1.1,75,37000,23,1.6,1.0,1.2,-1.075407106,-0.2112452364,0.9485638711,0.778229445
18,2000,1.1,75,37000,23,1.6,1.0,1.2,-1.7876791926,-0.6028515834,1.7071671815,1.1691437428
26,2000,1.1,75,37000,23,1.6,1.0,1.2,-2.4949664829,-0.9953157451,2.4732276349,1.5610494538
0,5000,0.9,25,30000,23,1.6,1.0,1.2,0.127128716,0.0939709843,0.127128716,0.0939709843
10,5000,0.9,25,30000,23,1.6,1.0,1.2,-1.7178694234,-0.6656677149,2.8704450282,1.8160597136
18,5000,0.9,25,30000,23,1.6,1.0,1.2,-3.4977545933,-1.6480528143,4.8762273812,2.827771673
26,5000,0.9,25,30000,23,1.6,1.0,1.2,-4.8982730858,-2.6191022204,7.1138871475,3.8476947321
0,5000,0.9,25,37000,23,1.6,1.0,1.2,0.1276220352,0.0943341819,0.1276220352,0.0943341819
10,5000,0.9,25,37000,23,1.6,1.0,1.2,-1.7215414078,-0.6648379305,2.875705611,1.8194101409
18,5000,0.9,25,37000,23,1.6,1.0,1.2,-3.5001287304,-1.6467739672,4.8856748146,2.8350882084
26,5000,0.9,25,37000,23,1.6,1.0,1.2,-4.9038334664,-2.6193540413,7.1200565805,3.8517594139
0,5000,0.9,75,30000,23,1.6,1.0,1.2,0.1102912836,0.0817052508,0.1102912836,0.0817052508
10,5000,0.9,75,30000,23,1.6,1.0,1.2,-1.6910063675,-0.6808446781,2.6308526476,1.7539629762
18,5000,0.9,75,30000,23,1.6,1.0,1.2,-3.5242211392,-1.660032714,4.5574954478,2.7426976237
26,5000,0.9,75,30000,23,1.6,1.0,1.2,-4.8783443643,-2.6195281418,6.8221640562,3.7494155136
0,5000,0.9,75,37000,23,1.6,1.0,1.2,0.1106112073,0.0819433467,0.1106112073,0.0819433467
10,5000,0.9,75,37000,23,1.6,1.0,1.2,-1.6915072228,-0.6777384297,2.6341872453,1.7585857317
18,5000,0.9,75,37000,23,1.6,1.0,1.2,-3.5255369181,-1.6573855899,4.5645505842,2.7496092496
26,5000,0.9,75,37000,23,1.6,1.0,1.2,-4.8761419169,-2.6173826078,6.8405760463,3.7589258724
0,5000,1.1,25,30000,23,1.6,1.0,1.2,0.1400716216,0.1021997988,0.1400716216,0.1021997988
10,5000,1.1,25,30000,23,1.6,1.0,1.2,-1.6729432867,-0.5787237836,3.1108015952,1.9491466562
18,5000,1.1,25,30000,23,1.6,1.0,1.2,-3.4768194822,-1.6000763966,4.9773445007,2.9211828936
26,5000,1.1,25,30000,23,1.6,1.0,1.2,-4.9246634269,-2.5627301863,7.1334213459,3.9237428362
0,5000,1.1,25,37000,23,1.6,1.0,1.2,0.1461250671,0.1065898234,0.1461250671,0.1065898234
10,5000,1.1,25,37000,23,1.6,1.0,1.2,-1.8625372821,-0.5934499903,2.7610054808,1.9345715858
18,5000,1.1,25,37000,23,1.6,1.0,1.2,-3.560105483,-1.5860717829,4.8408210425,2.9281692807
26,5000,1.1,25,37000,23,1.6,1.0,1.2,-4.9776365204,-2.5534032326,7.0525848637,3.9350577298
0,5000,1.1,75,30000,23,1.6,1.0,1.2,0.095363079,0.0699216833,0.095363079,0.0699216833
10,5000,1.1,75,30000,23,1.6,1.0,1.2,-1.6465198585,-0.6234282911,2.7238926462,1.8216029287
18,5000,1.1,75,30000,23,1.6,1.0,1.2,-3.4867788737,-1.6033947215,4.636373493,2.8062452435
26,5000,1.1,75,30000,23,1.6,1.0,1.2,-4.9860272898,-2.5741421947,6.7780152726,3.802830293
0,5000,1.1,75,37000,23,1.6,1.0,1.2,0.0934461837,0.0686036749,0.0934461837,0.0686036749
10,5000,1.1,75,37000,23,1.6,1.0,1.2,-1.6396761651,-0.6216523518,2.7471361179,1.8240129682
18,5000,1.1,75,37000,23,1.6,1.0,1.2,-3.4834146904,-1.6018469428,4.6582905929,2.8109612509
26,5000,1.1,75,37000,23,1.6,1.0,1.2,-4.9895747258,-2.5734680334,6.7929741121,3.8086316608
0,2000,0.9,25,30000,23,1.6,1.0,1.6,0.2428693074,0.1763351268,0.2428693074,0.1763351268
10,2000,0.9,25,30000,23,1.6,1.0,1.6,-0.8493810607,-0.1732009026,1.1542041187,0.8357969362
18,2000,0.9,25,30000,23,1.6,1.0,1.6,-1.5241855512,-0.5773734661,1.9486614315,1.2400269184
26,2000,0.9,25,30000,23,1.6,1.0,1.6,-2.2254930058,-1.0214233286,2.7164533672,1.6341902552
0,2000,0.9,25,37000,23,1.6,1.0,1.6,0.2433267957,0.1766157366,0.2433267957,0.1766157366
10,2000,0.9,25,37000,23,1.6,1.0,1.6,-0.8475076351,-0.1722319585,1.1562105283,0.8371011841
18,2000,0.9,25,37000,23,1.6,1.0,1.6,-1.5223416625,-0.5763310244,1.9515279119,1.2418777
26,2000,0.9,25,37000,23,1.6,1.0,1.6,-2.2241833979,-1.0204018268,2.7201767671,1.6365818198
0,2000,0.9,75,30000,23,1.6,1.0,1.6,0.1245583898,0.0913264892,0.1245583898,0.0913264892
10,2000,0.9,75,30000,23,1.6,1.0,1.6,-0.9584435565,-0.2245170606,1.0520208328,0.7608906015
18,2000,0.9,75,30000,23,1.6,1.0,1.6,-1.6641236489,-0.6223283651,1.8137298182,1.1627862737
26,2000,0.9,75,30000,23,1.6,1.0,1.6,-2.4020509927,-1.0810703179,2.5266188668,1.5509007333
0,2000,0.9,75,37000,23,1.6,1.0,1.6,0.1249488777,0.0916143947,0.1249488777,0.0916143947
10,2000,0.9,75,37000,23,1.6,1.0,1.6,-0.9351231275,-0.2226170507,1.0781904448,0.7629293226
18,2000,0.9,75,37000,23,1.6,1.0,1.6,-1.6491701051,-0.6202606332,1.8350861924,1.1653871713
26,2000,0.9,75,37000,23,1.6,1.0,1.6,-2.401302073,-1.0815679491,2.5348471611,1.5538443611
0,2000,1.1,25,30000,23,1.6,1.0,1.6,0.1175765259,0.0833976749,0.1175765259,0.0833976749
10,2000,1.1,25,30000,23,1.6,1.0,1.6,-0.9383155042,-0.2135662854,1.0262971128,0.8011403613
18,2000,1.1,25,30000,23,1.6,1.0,1.6,-1.6297106495,-0.614627391,1.8163490148,1.2061805051
26,2000,1.1,25,30000,23,1.6,1.0,1.6,-2.3102274343,-1.0578304033,2.608395968,1.6009770962
0,2000,1.1,25,37000,23,1.6,1.0,1.6,0.1217869652,0.0865728921,0.1217869652,0.0865728921
10,2000,1.1,25,37000,23,1.6,1.0,1.6,-0.8965260435,-0.2094060896,1.1129606662,0.7917810432
18,2000,1.1,25,37000,23,1.6,1.0,1.6,-1.5933226406,-0.6115364213,1.8893465497,1.1951603689
26,2000,1.1,25,37000,23,1.6,1.0,1.6,-2.289209124,-1.0608409877,2.6583094198,1.5893628364
0,2000,1.1,75,30000,23,1.6,1.0,1.6,0.1482752833,0.1068303055,0.1482752833,0.1068303055
10,2000,1.1,75,30000,23,1.6,1.0,1.6,-1.0564687897,-0.2076346819,1.0753366101,0.7997596398
18,2000,1.1,75,30000,23,1.6,1.0,1.6,-1.7978768641,-0.6079280669,1.7800308572,1.2012366907
26,2000,1.1,75,30000,23,1.6,1.0,1.6,-2.4973167335,-1.0100799968,2.5453625864,1.5998585101
0,2000,1.1,75,37000,23,1.6,1.0,1.6,0.154437601,0.1108540244,0.154437601,0.1108540244
10,2000,1.1,75,37000,23,1.6,1.0,1.6,-1.0433976962,-0.2015092619,1.1659543119,0.7983255279
18,2000,1.1,75,37000,23,1.6,1.0,1.6,-1.6923858172,-0.601068643,1.9700606466,1.198975811
26,2000,1.1,75,37000,23,1.6,1.0,1.6,-2.4091450972,-1.0029193805,2.7181791591,1.5986336175
0,5000,0.9,25,30000,23,1.6,1.0,1.6,0.2428693074,0.1763351268,0.2428693074,0.1763351268
10,5000,0.9,25,30000,23,1.6,1.0,1.6,-1.8122132412,-0.6954976249,3.0202530426,1.8538718848
18,5000,0.9,25,30000,23,1.6,1.0,1.6,-3.534080744,-1.7042997475,5.0057053092,2.8777665997
26,5000,0.9,25,30000,23,1.6,1.0,1.6,-4.9863456511,-2.6925225656,7.1461161294,3.917672145
0,5000,0.9,25,37000,23,1.6,1.0,1.6,0.2433267957,0.1766157366,0.2433267957,0.1766157366
10,5000,0.9,25,37000,23,1.6,1.0,1.6,-1.8110920581,-0.6936562061,3.0260992538,1.8575399601
18,5000,0.9,25,37000,23,1.6,1.0,1.6,-3.5318254581,-1.7033122542,5.015187685,2.88225534
26,5000,0.9,25,37000,23,1.6,1.0,1.6,-4.9838583113,-2.6934473737,7.1613634242,3.923018706
0,5000,0.9,75,30000,23,1.6,1.0,1.6,0.1245583898,0.0913264892,0.1245583898,0.0913264892
10,5000,0.9,75,30000,23,1.6,1.0,1.6,-1.7613070358,-0.7241751059,2.5659900591,1.7620699031
18,5000,0.9,75,30000,23,1.6,1.0,1.6,-3.5895287672,-1.7224210362,4.5032087918,2.773537595
26,5000,0.9,75,30000,23,1.6,1.0,1.6,-5.0290539696,-2.6988978374,6.7038931162,3.807419053
0,5000,0.9,75,37000,23,1.6,1.0,1.6,0.1249488777,0.0916143947,0.1249488777,0.0916143947
10,5000,0.9,75,37000,23,1.6,1.0,1.6,-1.7651722504,-0.72268404,2.5676149319,1.7658582498
18,5000,0.9,75,37000,23,1.6,1.0,1.6,-3.594339629,-1.7211621867,4.5084667267,2.7797589193
26,5000,0.9,75,37000,23,1.6,1.0,1.6,-5.0278234991,-2.6979416116,6.7224885136,3.8167698793
0,5000,1.1,25,30000,23,1.6,1.0,1.6,0.1175765259,0.0833976749,0.1175765259,0.0833976749
10,5000,1.1,25,30000,23,1.6,1.0,1.6,-1.7406715732,-0.6730352534,2.8603793239,1.8724643707
18,5000,1.1,25,30000,23,1.6,1.0,1.6,-3.5233976663,-1.6734251871,4.8812243146,2.9054879903
26,5000,1.1,25,30000,23,1.6,1.0,1.6,-5.0332831529,-2.650819748,7.0499855188,3.9577398819
0,5000,1.1,25,37000,23,1.6,1.0,1.6,0.1217869652,0.0865728921,0.1217869652,0.0865728921
10,5000,1.1,25,37000,23,1.6,1.0,1.6,-1.7236491845,-0.672375203,2.9089993221,1.87139228
18,5000,1.1,25,37000,23,1.6,1.0,1.6,-3.5217216054,-1.673890363,4.9043985868,2.9041356351
26,5000,1.1,25,37000,23,1.6,1.0,1.6,-5.0399449591,-2.6642709069,7.0749675534,3.9510247876
0,5000,1.1,75,30000,23,1.6,1.0,1.6,0.1482752833,0.1068303055,0.1482752833,0.1068303055
10,5000,1.1,75,30000,23,1.6,1.0,1.6,-1.8618125641,-0.6530201049,2.9108194516,1.9036014475
18,5000,1.1,75,30000,23,1.6,1.0,1.6,-3.6495375748,-1.6760464468,4.8032247831,2.8916109777
26,5000,1.1,75,30000,23,1.6,1.0,1.6,-5.111830778,-2.6594694647,6.7713310113,3.8977321538
0,5000,1.1,75,37000,23,1.6,1.0,1.6,0.154437601,0.1108540244,0.154437601,0.1108540244
10,5000,1.1,75,37000,23,1.6,1.0,1.6,-2.0217781312,-0.6456340906,2.3996121328,1.9976378757
18,5000,1.1,75,37000,23,1.6,1.0,1.6,-3.7728386376,-1.6543739525,4.4203754749,2.9793988724
26,5000,1.1,75,37000,23,1.6,1.0,1.6,-5.200093078,-2.6700737621,6.6175483723,3.9691420664
0,2000,0.9,25,30000,23,1.6,1.5,0.8,0.1526856127,0.1217462363,0.1526856127,0.1217462363
10,2000,0.9,25,30000,23,1.6,1.5,0.8,-0.8355664055,-0.1195886974,1.3072387902,0.8804694196
18,2000,0.9,25,30000,23,1.6,1.5,0.8,-1.566285109,-0.5272903192,2.1081936571,1.2855365887
26,2000,0.9,25,30000,23,1.6,1.5,0.8,-2.3043994706,-0.9744801725,2.8865393743,1.6857615714
0,2000,0.9,25,37000,23,1.6,1.5,0.8,0.1526689512,0.1217614846,0.1526689512,0.1217614846
10,2000,0.9,25,37000,23,1.6,1.5,0.8,-0.8347402623,-0.1187180111,1.3099361367,0.8819529989
18,2000,0.9,25,37000,23,1.6,1.5,0.8,-1.5639921425,-0.5266148257,2.112985505,1.2871921164
26,2000,0.9,25,37000,23,1.6,1.5,0.8,-2.3029002358,-0.9740504045,2.8910234185,1.6876437593
0,2000,0.9,75,30000,23,1.6,1.5,0.8,0.15542873,0.1238064408,0.15542873,0.1238064408
10,2000,0.9,75,30000,23,1.6,1.5,0.8,-1.0155012654,-0.1228294845,1.1401871397,0.8644166977
18,2000,0.9,75,30000,23,1.6,1.5,0.8,-1.7178036368,-0.5319939532,1.9542915477,1.2624641293
26,2000,0.9,75,30000,23,1.6,1.5,0.8,-2.4629908753,-0.9628080431,2.7272942075,1.6584577774
0,2000,0.9,75,37000,23,1.6,1.5,0.8,0.154517405,0.1230394705,0.154517405,0.1230394705
10,2000,0.9,75,37000,23,1.6,1.5,0.8,-0.9756016046,-0.1231008084,1.147748803,0.8831996465
18,2000,0.9,75,37000,23,1.6,1.5,0.8,-1.7556558529,-0.5230448947,1.8763969763,1.2933236872
26,2000,0.9,75,37000,23,1.6,1.5,0.8,-2.4826165377,-0.9513337588,2.6692743358,1.6900783843
0,2000,1.1,25,30000,23,1.6,1.5,0.8,0.1747737559,0.1372099959,0.1747737559,0.1372099959
10,2000,1.1,25,30000,23,1.6,1.5,0.8,-0.9025115202,-0.1166997682,1.1954932111,0.8958109083
18,2000,1.1,25,30000,23,1.6,1.5,0.8,-1.6610218448,-0.5243188338,1.9752224088,1.2995275701
26,2000,1.1,25,30000,23,1.6,1.5,0.8,-2.359532505,-0.996565154,2.7838298873,1.6830625848
0,2000,1.1,25,37000,23,1.6,1.5,0.8,0.1722522663,0.1348642167,0.1722522663,0.1348642167
10,2000,1.1,25,37000,23,1.6,1.5,0.8,-0.9059497727,-0.1143112979,1.1871513168,0.8959173529
18,2000,1.1,25,37000,23,1.6,1.5,0.8,-1.657450522,-0.5221685666,1.9729637193,1.2997196691
26,2000,1.1,25,37000,23,1.6,1.5,0.8,-2.3597497962,-0.9930184298,2.7811377374,1.6850736541
0,2000,1.1,75,30000,23,1.6,1.5,0.8,0.0844807871,0.0651803849,0.0844807871,0.0651803849
10,2000,1.1,75,30000,23,1.6,1.5,0.8,-1.0525925253,-0.1368029521,1.0870623138,0.851921968
18,2000,1.1,75,30000,23,1.6,1.5,0.8,-1.8013804006,-0.5406019602,1.8652476261,1.2537694848
26,2000,1.1,75,30000,23,1.6,1.5,0.8,-2.5565920932,-1.0447770943,2.5887841783,1.6325243603
0,2000,1.1,75,37000,23,1.6,1.5,0.8,0.0846832625,0.0653450911,0.0846832625,0.0653450911
10,2000,1.1,75,37000,23,1.6,1.5,0.8,-1.0570453093,-0.1353383943,1.0848613698,0.8536832378
18,2000,1.1,75,37000,23,1.6,1.5,0.8,-1.8061633689,-0.5390789816,1.8633351806,1.2558917216
26,2000,1.1,75,37000,23,1.6,1.5,0.8,-2.5573296805,-1.0414366347,2.594589227,1.6344460685
0,5000,0.9,25,30000,23,1.6,1.5,0.8,0.1526856127,0.1217462363,0.1526856127,0.1217462363
10,5000,0.9,25,30000,23,1.6,1.5,0.8,-1.7352398654,-0.5871181505,2.9218129974,1.9597180366
18,5000,0.9,25,30000,23,1.6,1.5,0.8,-3.6025788233,-1.6085050356,5.0387688684,2.9984332904
26,5000,0.9,25,30000,23,1.6,1.5,0.8,-5.135641613,-2.6612111704,7.3420768929,4.0122337381
0,5000,0.9,25,37000,23,1.6,1.5,0.8,0.1526689512,0.1217614846,0.1526689512,0.1217614846
10,5000,0.9,25,37000,23,1.6,1.5,0.8,-1.7358153036,-0.5858007879,2.9244029443,1.9620287018
18,5000,0.9,25,37000,23,1.6,1.5,0.8,-3.6032198822,-1.6074229043,5.0420422914,3.001574982
26,5000,0.9,25,37000,23,1.6,1.5,0.8,-5.1340521417,-2.6617530097,7.3504799918,4.0152635734
0,5000,0.9,75,30000,23,1.6,1.5,0.8,0.15542873,0.1238064408,0.15542873,0.1238064408
10,5000,0.9,75,30000,23,1.6,1.5,0.8,-1.8482481617,-0.607789178,2.7321202795,1.926891786
18,5000,0.9,75,30000,23,1.6,1.5,0.8,-3.7459068201,-1.6202033125,4.7265775137,2.9391630034
26,5000,0.9,75,30000,23,1.6,1.5,0.8,-5.1355437342,-2.6576966498,7.0510178409,3.9308327879
0,5000,0.9,75,37000,23,1.6,1.5,0.8,0.154517405,0.1230394705,0.154517405,0.1230394705
10,5000,0.9,75,37000,23,1.6,1.5,0.8,-1.8157201863,-0.6056198601,2.7345358639,1.9261586222
18,5000,0.9,75,37000,23,1.6,1.5,0.8,-3.7192674305,-1.6172874656,4.7317062324,2.9411469138
26,5000,0.9,75,37000,23,1.6,1.5,0.8,-5.1473684217,-2.6706022972,7.0713208435,3.929721403
0,5000,1.1,25,30000,23,1.6,1.5,0.8,0.1747737559,0.1372099959,0.1747737559,0.1372099959
10,5000,1.1,25,30000,23,1.6,1.5,0.8,-1.8564064421,-0.4628817682,3.1451279792,2.1922295064
18,5000,1.1,25,30000,23,1.6,1.5,0.8,-3.6553059909,-1.5156874107,5.1606247085,3.1696624961
26,5000,1.1,25,30000,23,1.6,1.5,0.8,-5.1722620519,-2.5679900912,7.382772604,4.149121106
0,5000,1.1,25,37000,23,1.6,1.5,0.8,0.1722522663,0.1348642167,0.1722522663,0.1348642167
10,5000,1.1,25,37000,23,1.6,1.5,0.8,-1.8492917998,-0.4583636278,3.1605702468,2.1961735987
18,5000,1.1,25,37000,23,1.6,1.5,0.8,-3.6551016917,-1.5223251189,5.1900192944,3.1696911138
26,5000,1.1,25,37000,23,1.6,1.5,0.8,-5.1870463829,-2.5709104356,7.3852428213,4.1596150392
0,5000,1.1,75,30000,23,1.6,1.5,0.8,0.0844807871,0.0651803849,0.0844807871,0.0651803849
10,5000,1.1,75,30000,23,1.6,1.5,0.8,-1.655268842,-0.55336334,2.8306293585,1.9703865806
18,5000,1.1,75,30000,23,1.6,1.5,0.8,-3.5859415155,-1.5644360548,4.7925193261,2.9814437668
26,5000,1.1,75,30000,23,1.6,1.5,0.8,-5.2122493466,-2.5966489909,6.9908506893,3.9874528682
0,5000,1.1,75,37000,23,1.6,1.5,0.8,0.0846832625,0.0653450911,0.0846832625,0.0653450911
10,5000,1.1,75,37000,23,1.6,1.5,0.8,-1.6393406674,-0.5503908824,2.8371743771,1.9737294127
18,5000,1.1,75,37000,23,1.6,1.5,0.8,-3.5729911947,-1.5615511989,4.7995769688,2.9863173601
26,5000,1.1,75,37000,23,1.6,1.5,0.8,-5.2044703702,-2.5949456151,7.0014200968,3.9944362143
0,2000,0.9,25,30000,23,1.6,1.5,1.2,0.1692835255,0.1319349902,0.1692835255,0.1319349902
10,2000,0.9,25,30000,23,1.6,1.5,1.2,-0.81006244,-0.1361672721,1.269525494,0.8815923938
18,2000,0.9,25,30000,23,1.6,1.5,1.2,-1.5643701009,-0.5493433639,2.0383886624,1.2956448184
26,2000,0.9,25,30000,23,1.6,1.5,1.2,-2.2988903668,-1.0301193364,2.7959713123,1.7038505795
0,2000,0.9,25,37000,23,1.6,1.5,1.2,0.1691596769,0.1318736095,0.1691596769,0.1318736095
10,2000,0.9,25,37000,23,1.6,1.5,1.2,-0.8041129881,-0.1354269481,1.2798292593,0.8831324926
18,2000,0.9,25,37000,23,1.6,1.5,1.2,-1.5604259354,-0.5486776919,2.0474729533,1.2970833414
26,2000,0.9,25,37000,23,1.6,1.5,1.2,-2.296370081,-1.0287265316,2.8044386073,1.7058847195
0,2000,0.9,75,30000,23,1.6,1.5,1.2,0.17149408,0.1335183697,0.17149408,0.1335183697
10,2000,0.9,75,30000,23,1.6,1.5,1.2,-1.0952851754,-0.141236047,0.9737171315,0.8697082948
18,2000,0.9,75,30000,23,1.6,1.5,1.2,-1.8129105274,-0.5545139282,1.7606856384,1.2797662286
26,2000,0.9,75,30000,23,1.6,1.5,1.2,-2.5345483738,-0.9973398943,2.5422811097,1.6840453716
0,2000,0.9,75,37000,23,1.6,1.5,1.2,0.1716847324,0.1336737794,0.1716847324,0.1336737794
10,2000,0.9,75,37000,23,1.6,1.5,1.2,-1.0959182622,-0.1386033937,0.9743650636,0.8717105228
18,2000,0.9,75,37000,23,1.6,1.5,1.2,-1.8131179251,-0.5519878321,1.7620359101,1.2820181587
26,2000,0.9,75,37000,23,1.6,1.5,1.2,-2.5370112302,-0.9979071724,2.5413831119,1.6861570607
0,2000,1.1,25,30000,23,1.6,1.5,1.2,0.1062841091,0.0799081881,0.1062841091,0.0799081881
10,2000,1.1,25,30000,23,1.6,1.5,1.2,-1.047838572,-0.1667446557,1.0435995557,0.8692015832
18,2000,1.1,25,30000,23,1.6,1.5,1.2,-1.77763759,-0.5829125098,1.8316075397,1.2822605005
26,2000,1.1,25,30000,23,1.6,1.5,1.2,-2.4840675048,-0.9998948976,2.6474010834,1.6994499943
0,2000,1.1,25,37000,23,1.6,1.5,1.2,0.1064948596,0.0800760078,0.1064948596,0.0800760078
10,2000,1.1,25,37000,23,1.6,1.5,1.2,-1.0494899236,-0.1657354684,1.0423290121,0.8706286908
18,2000,1.1,25,37000,23,1.6,1.5,1.2,-1.7795974521,-0.5819935421,1.8305791256,1.2838441564
26,2000,1.1,25,37000,23,1.6,1.5,1.2,-2.4857277402,-0.9990542881,2.6473949182,1.7013857524
0,2000,1.1,75,30000,23,1.6,1.5,1.2,0.098259713,0.0736445553,0.098259713,0.0736445553
10,2000,1.1,75,30000,23,1.6,1.5,1.2,-1.1648731867,-0.1648546711,0.9370834603,0.8613910594
18,2000,1.1,75,30000,23,1.6,1.5,1.2,-1.9143072279,-0.5762396944,1.7039735251,1.2713479722
26,2000,1.1,75,30000,23,1.6,1.5,1.2,-2.6349285036,-0.9902674144,2.4950344551,1.6823111175
0,2000,1.1,75,37000,23,1.6,1.5,1.2,0.0985068482,0.0738416021,0.0985068482,0.0738416021
10,2000,1.1,75,37000,23,1.6,1.5,1.2,-1.1229928428,-0.1665124728,1.0240196899,0.8558395004
18,2000,1.1,75,37000,23,1.6,1.5,1.2,-1.8944417459,-0.5759920979,1.7362863304,1.2749227251
26,2000,1.1,75,37000,23,1.6,1.5,1.2,-2.6192202169,-0.9896897127,2.5237380067,1.6864120391
0,5000,0.9,25,30000,23,1.6,1.5,1.2,0.1692835255,0.1319349902,0.1692835255,0.1319349902
10,5000,0.9,25,30000,23,1.6,1.5,1.2,-1.7570067605,-0.6384286194,2.8536489277,1.9619974211
18,5000,0.9,25,30000,23,1.6,1.5,1.2,-3.6103865482,-1.6770427366,4.9432376651,3.0235131848
26,5000,0.9,25,30000,23,1.6,1.5,1.2,-5.1607098314,-2.7404979151,7.208535351,4.0719309966
0,5000,0.9,25,37000,23,1.6,1.5,1.2,0.1691596769,0.1318736095,0.1691596769,0.1318736095
10,5000,0.9,25,37000,23,1.6,1.5,1.2,-1.7565311073,-0.6368109891,2.858098748,1.9643368157
18,5000,0.9,25,37000,23,1.6,1.5,1.2,-3.6101814427,-1.675825033,4.9487180193,3.0267500269
26,5000,0.9,25,37000,23,1.6,1.5,1.2,-5.1588272194,-2.7407132084,7.2176436317,4.0752392825
0,5000,0.9,75,30000,23,1.6,1.5,1.2,0.17149408,0.1335183697,0.17149408,0.1335183697
10,5000,0.9,75,30000,23,1.6,1.5,1.2,-2.0845522874,-0.6678974064,2.5904027829,1.9257523322
18,5000,0.9,75,30000,23,1.6,1.5,1.2,-3.9145223875,-1.6996584683,4.5921082758,2.9604189453
26,5000,0.9,75,30000,23,1.6,1.5,1.2,-5.1831516185,-2.7381464227,6.8488854147,3.9867040427
0,5000,0.9,75,37000,23,1.6,1.5,1.2,0.1716847324,0.1336737794,0.1716847324,0.1336737794
10,5000,0.9,75,37000,23,1.6,1.5,1.2,-2.0809658711,-0.6655578407,2.5902258143,1.929324286
18,5000,0.9,75,37000,23,1.6,1.5,1.2,-3.9129019053,-1.6972886215,4.5941834338,2.9658981506
26,5000,0.9,75,37000,23,1.6,1.5,1.2,-5.187324867,-2.7397758902,6.8598619322,3.9920166078
0,5000,1.1,25,30000,23,1.6,1.5,1.2,0.1062841091,0.0799081881,0.1062841091,0.0799081881
10,5000,1.1,25,30000,23,1.6,1.5,1.2,-1.8427887482,-0.6122438029,2.8927774051,2.0031901098
18,5000,1.1,25,30000,23,1.6,1.5,1.2,-3.6766921565,-1.6500369671,4.9538261724,3.0587086496
26,5000,1.1,25,30000,23,1.6,1.5,1.2,-5.1873666952,-2.6818691038,7.172098479,4.1171543881
0,5000,1.1,25,37000,23,1.6,1.5,1.2,0.1064948596,0.0800760078,0.1064948596,0.0800760078
10,5000,1.1,25,37000,23,1.6,1.5,1.2,-1.8421683953,-0.6112246998,2.8944329299,2.005561286
18,5000,1.1,25,37000,23,1.6,1.5,1.2,-3.6760514508,-1.6491215773,4.9581153975,3.0622164763
26,5000,1.1,25,37000,23,1.6,1.5,1.2,-5.1873215204,-2.6826554547,7.1807653288,4.1208831424
0,5000,1.1,75,30000,23,1.6,1.5,1.2,0.098259713,0.0736445553,0.098259713,0.0736445553
10,5000,1.1,75,30000,23,1.6,1.5,1.2,-2.5184019775,-0.5056746997,2.2494350399,2.1540319677
18,5000,1.1,75,30000,23,1.6,1.5,1.2,-4.2233209543,-1.5967815894,4.2682811425,3.1555912017
26,5000,1.1,75,30000,23,1.6,1.5,1.2,-5.5159275401,-2.6468886445,6.5804943537,4.1627095983
0,5000,1.1,75,37000,23,1.6,1.5,1.2,0.0985068482,0.0738416021,0.0985068482,0.0738416021
10,5000,1.1,75,37000,23,1.6,1.5,1.2,-2.0064476814,-0.5577820896,2.7557650119,2.0951386323
18,5000,1.1,75,37000,23,1.6,1.5,1.2,-3.8391228676,-1.6491767472,4.5822908482,3.1055977437
26,5000,1.1,75,37000,23,1.6,1.5,1.2,-5.3373336799,-2.657100473,6.7645397859,4.1271570351
0,2000,0.9,25,30000,23,1.6,1.5,1.6,0.1846000482,0.1430064102,0.1846000482,0.1430064102
10,2000,0.9,25,30000,23,1.6,1.5,1.6,-0.7442398486,-0.1490737972,1.3312216418,0.892726796
18,2000,0.9,25,30000,23,1.6,1.5,1.6,-1.4855295205,-0.5709252868,2.1012895125,1.3189537192
26,2000,0.9,25,30000,23,1.6,1.5,1.6,-2.2801972526,-1.0667094638,2.7986811292,1.737924937
0,2000,0.9,25,37000,23,1.6,1.5,1.6,0.1846420735,0.1430475592,0.1846420735,0.1430475592
10,2000,0.9,25,37000,23,1.6,1.5,1.6,-0.7455093598,-0.1486418859,1.3289001801,0.8929761692
18,2000,0.9,25,37000,23,1.6,1.5,1.6,-1.4860126045,-0.570447047,2.1000737521,1.3196655489
26,2000,0.9,25,37000,23,1.6,1.5,1.6,-2.2838840358,-1.0653072609,2.7962982526,1.7394338845
0,2000,0.9,75,30000,23,1.6,1.5,1.6,0.2387613601,0.1847060521,0.2387613601,0.1847060521
10,2000,0.9,75,30000,23,1.6,1.5,1.6,-0.2432418635,-0.1617584812,1.6255096564,0.8974915033
18,2000,0.9,75,30000,23,1.6,1.5,1.6,-1.499122742,-0.5550722697,2.08606094,1.3284168363
26,2000,0.9,75,30000,23,1.6,1.5,1.6,-2.2651740627,-1.008690994,2.8198516504,1.7416885599
0,2000,0.9,75,37000,23,1.6,1.5,1.6,0.2513479293,0.1943178567,0.2513479293,0.1943178567
10,2000,0.9,75,37000,23,1.6,1.5,1.6,-0.9050366116,-0.117907028,1.2431189158,0.9071663278
18,2000,0.9,75,37000,23,1.6,1.5,1.6,-1.631373459,-0.5407531104,2.0148513416,1.3283105374
26,2000,0.9,75,37000,23,1.6,1.5,1.6,-2.4526885523,-1.0431721233,2.6895777889,1.7330795024
0,2000,1.1,25,30000,23,1.6,1.5,1.6,0.1388819547,0.1038643215,0.1388819547,0.1038643215
10,2000,1.1,25,30000,23,1.6,1.5,1.6,-0.9551238189,-0.1574885073,1.0749737728,0.9035034546
18,2000,1.1,25,30000,23,1.6,1.5,1.6,-1.6700583398,-0.5834353164,1.8745759281,1.3259027306
26,2000,1.1,25,30000,23,1.6,1.5,1.6,-2.3747918971,-1.073539229,2.6662506313,1.7335485753
0,2000,1.1,25,37000,23,1.6,1.5,1.6,0.1386721521,0.1037645294,0.1386721521,0.1037645294
10,2000,1.1,25,37000,23,1.6,1.5,1.6,-0.8729579279,-0.160737562,1.2503491696,0.8802180902
18,2000,1.1,25,37000,23,1.6,1.5,1.6,-1.5854574436,-0.5868491736,2.0548021496,1.3023739303
26,2000,1.1,25,37000,23,1.6,1.5,1.6,-2.3175277998,-1.0700895243,2.809620714,1.7131351248
0,2000,1.1,75,30000,23,1.6,1.5,1.6,0.1158653338,0.0861138755,0.1158653338,0.0861138755
10,2000,1.1,75,30000,23,1.6,1.5,1.6,-1.1339005039,-0.1580246143,1.5979940415,0.8980547221
18,2000,1.1,75,30000,23,1.6,1.5,1.6,-1.853277838,-0.5819639228,2.339002386,1.3180326408
26,2000,1.1,75,30000,23,1.6,1.5,1.6,-2.5790923807,-1.0068607639,3.0821670335,1.7389364962
0,2000,1.1,75,37000,23,1.6,1.5,1.6,0.117750513,0.0875633944,0.117750513,0.0875633944
10,2000,1.1,75,37000,23,1.6,1.5,1.6,-0.9775813494,-0.1595123661,1.7092734587,0.8921864602
18,2000,1.1,75,37000,23,1.6,1.5,1.6,-1.7113476448,-0.5827263825,2.4404250851,1.3134570032
26,2000,1.1,75,37000,23,1.6,1.5,1.6,-2.4515256943,-1.0069128676,3.1766889492,1.7355014324
0,5000,0.9,25,30000,23,1.6,1.5,1.6,0.1846000482,0.1430064102,0.1846000482,0.1430064102
10,5000,0.9,25,30000,23,1.6,1.5,1.6,-1.8296070211,-0.6909134713,2.82158735,1.9825171161
18,5000,0.9,25,30000,23,1.6,1.5,1.6,-3.6589232931,-1.7494255182,4.8996503983,3.0691273563
26,5000,0.9,25,30000,23,1.6,1.5,1.6,-5.2288174594,-2.8331432792,7.1249668213,4.1464891955
0,5000,0.9,25,37000,23,1.6,1.5,1.6,0.1846420735,0.1430475592,0.1846420735,0.1430475592
10,5000,0.9,25,37000,23,1.6,1.5,1.6,-1.82103572,-0.6897293257,2.8268234547,1.9844650071
18,5000,0.9,25,37000,23,1.6,1.5,1.6,-3.654050098,-1.7484827485,4.9051064018,3.0721133602
26,5000,0.9,25,37000,23,1.6,1.5,1.6,-5.2254426139,-2.8322543065,7.1336357745,4.1504582847
0,5000,0.9,75,30000,23,1.6,1.5,1.6,0.2387613601,0.1847060521,0.2387613601,0.1847060521
10,5000,0.9,75,30000,23,1.6,1.5,1.6,-2.1278075051,-0.6844330487,2.6678375904,1.9637938353
18,5000,0.9,75,30000,23,1.6,1.5,1.6,-3.914066787,-1.7499499563,4.663264562,3.0183680308
26,5000,0.9,75,30000,23,1.6,1.5,1.6,-5.3275826569,-2.8287526206,6.758963181,4.0712347973
0,5000,0.9,75,37000,23,1.6,1.5,1.6,0.2513479293,0.1943178567,0.2513479293,0.1943178567
10,5000,0.9,75,37000,23,1.6,1.5,1.6,-1.9802617222,-0.7037130281,2.8329000341,1.9768443455
18,5000,0.9,75,37000,23,1.6,1.5,1.6,-3.7892983057,-1.7599382282,4.8148010185,3.0341094984
26,5000,0.9,75,37000,23,1.6,1.5,1.6,-5.3065296362,-2.8370891765,6.9882700037,4.0895939137
0,5000,1.1,25,30000,23,1.6,1.5,1.6,0.1388819547,0.1038643215,0.1388819547,0.1038643215
10,5000,1.1,25,30000,23,1.6,1.5,1.6,-1.9239187059,-0.6729698952,2.8098028394,2.0154233809
18,5000,1.1,25,30000,23,1.6,1.5,1.6,-3.7292817133,-1.728249754,4.8801546253,3.096846573
26,5000,1.1,25,30000,23,1.6,1.5,1.6,-5.2775759298,-2.7735483727,7.1090802913,4.1989535727
0,5000,1.1,25,37000,23,1.6,1.5,1.6,0.1386721521,0.1037645294,0.1386721521,0.1037645294
10,5000,1.1,25,37000,23,1.6,1.5,1.6,-1.9017098838,-0.6693286551,2.8237891068,2.0198552882
18,5000,1.1,25,37000,23,1.6,1.5,1.6,-3.7205744621,-1.7264158774,4.8847879974,3.100777904
26,5000,1.1,25,37000,23,1.6,1.5,1.6,-5.264960455,-2.7745097967,7.121461844,4.2027467727
0,5000,1.1,75,30000,23,1.6,1.5,1.6,0.1158653338,0.0861138755,0.1158653338,0.0861138755
10,5000,1.1,75,30000,23,1.6,1.5,1.6,-2.2231887787,-0.6737524853,2.5498326335,1.9805549701
18,5000,1.1,75,30000,23,1.6,1.5,1.6,-4.03981773,-1.7277624451,4.5318866464,3.0377272313
26,5000,1.1,75,30000,23,1.6,1.5,1.6,-5.4734029102,-2.8294719051,6.6795633306,4.0754310616
0,5000,1.1,75,37000,23,1.6,1.5,1.6,0.117750513,0.0875633944,0.117750513,0.0875633944
10,5000,1.1,75,37000,23,1.6,1.5,1.6,-2.2156549313,-0.6721219794,2.5451339996,1.9858009488
18,5000,1.1,75,37000,23,1.6,1.5,1.6,-4.0339418145,-1.7260481409,4.5307105242,3.044654563
26,5000,1.1,75,37000,23,1.6,1.5,1.6,-5.4962234959,-2.8340752543,6.711228017,4.0795788053
0,2000,0.9,25,30000,23,1.6,2.0,0.8,0.2196718077,0.1801343156,0.2196718077,0.1801343156
10,2000,0.9,25,30000,23,1.6,2.0,0.8,-0.9457726657,-0.0473847145,1.228389611,0.9757346831
18,2000,0.9,25,30000,23,1.6,2.0,0.8,-1.707631459,-0.4688099175,2.0621365158,1.3946674817
26,2000,0.9,25,30000,23,1.6,2.0,0.8,-2.4570213795,-0.9320374116,2.8971711099,1.8055742561
0,2000,0.9,25,37000,23,1.6,2.0,0.8,0.2199749425,0.1803901059,0.2199749425,0.1803901059
10,2000,0.9,25,37000,23,1.6,2.0,0.8,-0.9454195006,-0.0465298931,1.2323678219,0.9768460702
18,2000,0.9,25,37000,23,1.6,2.0,0.8,-1.7067405712,-0.46810863,2.0662555017,1.3957220913
26,2000,0.9,25,37000,23,1.6,2.0,0.8,-2.4556140563,-0.9314868015,2.9019403353,1.8067399492
0,2000,0.9,75,30000,23,1.6,2.0,0.8,0.2282183251,0.1870153148,0.2282183251,0.1870153148
10,2000,0.9,75,30000,23,1.6,2.0,0.8,-1.6327334228,0.0776141595,0.7688836308,1.1622264831
18,2000,0.9,75,30000,23,1.6,2.0,0.8,-2.3521160807,-0.3528483544,1.6270291072,1.5634471765
26,2000,0.9,75,30000,23,1.6,2.0,0.8,-3.0798753391,-0.7836143645,2.4815031497,1.9668948994
0,2000,0.9,75,37000,23,1.6,2.0,0.8,0.2295821657,0.1880727905,0.2295821657,0.1880727905
10,2000,0.9,75,37000,23,1.6,2.0,0.8,-0.5761320367,-0.099817554,1.4024346966,0.927347268
18,2000,0.9,75,37000,23,1.6,2.0,0.8,-1.7363725839,-0.4711687579,1.9895022325,1.3786271523
26,2000,0.9,75,37000,23,1.6,2.0,0.8,-2.7057620015,-0.9199422076,2.6328960546,1.8060791787
0,2000,1.1,25,30000,23,1.6,2.0,0.8,0.1404027943,0.1117999821,0.1404027943,0.1117999821
10,2000,1.1,25,30000,23,1.6,2.0,0.8,-1.227617005,-0.0096479843,0.7817482912,1.096783946
18,2000,1.1,25,30000,23,1.6,2.0,0.8,-1.8979980121,-0.4544871546,1.7792560394,1.4693890326
26,2000,1.1,25,30000,23,1.6,2.0,0.8,-2.6025614674,-0.9549180267,2.6610290694,1.8504371149
0,2000,1.1,25,37000,23,1.6,2.0,0.8,0.140535349,0.1119119943,0.140535349,0.1119119943
10,2000,1.1,25,37000,23,1.6,2.0,0.8,-1.2090131325,-0.0120374613,0.8162554974,1.0921368948
18,2000,1.1,25,37000,23,1.6,2.0,0.8,-1.8878924004,-0.4551867687,1.7937158193,1.4689361567
26,2000,1.1,25,37000,23,1.6,2.0,0.8,-2.5963169348,-0.9513823581,2.6737333851,1.8521226762
0,2000,1.1,75,30000,23,1.6,2.0,0.8,0.1426565994,0.1151536092,0.1426565994,0.1151536092
10,2000,1.1,75,30000,23,1.6,2.0,0.8,-1.648161822,-5.79e-05,1.178680942,1.0440307828
18,2000,1.1,75,30000,23,1.6,2.0,0.8,-2.350366883,-0.4315167637,2.0594582324,1.4422863897
26,2000,1.1,75,30000,23,1.6,2.0,0.8,-3.0919428208,-0.8582470461,2.8776805127,1.8522948427
0,2000,1.1,75,37000,23,1.6,2.0,0.8,0.1087352111,0.0851210586,0.1087352111,0.0851210586
10,2000,1.1,75,37000,23,1.6,2.0,0.8,-0.8563179347,-0.1257450335,1.399406728,0.8764209523
18,2000,1.1,75,37000,23,1.6,2.0,0.8,-1.7383719711,-0.5223593371,2.0270770652,1.3345893563
26,2000,1.1,75,37000,23,1.6,2.0,0.8,-2.7064076929,-0.9894509467,2.6573864271,1.7590804625
0,5000,0.9,25,30000,23,1.6,2.0,0.8,0.2196718077,0.1801343156,0.2196718077,0.1801343156
10,5000,0.9,25,30000,23,1.6,2.0,0.8,-1.9963077536,-0.5572446577,3.0128570758,2.0898393226
18,5000,0.9,25,30000,23,1.6,2.0,0.8,-3.888364162,-1.6148054932,5.1963117661,3.1513325375
26,5000,0.9,25,30000,23,1.6,2.0,0.8,-5.4769206025,-2.7412059285,7.5418618359,4.1720855588
0,5000,0.9,25,37000,23,1.6,2.0,0.8,0.2199749425,0.1803901059,0.2199749425,0.1803901059
10,5000,0.9,25,37000,23,1.6,2.0,0.8,-1.9929224094,-0.5566098956,3.0161114284,2.0919725125
18,5000,0.9,25,37000,23,1.6,2.0,0.8,-3.8868249327,-1.6140850332,5.1998336227,3.1542857075
26,5000,0.9,25,37000,23,1.6,2.0,0.8,-5.4391337027,-2.7011301546,7.5478703001,4.1868186947
0,5000,0.9,75,30000,23,1.6,2.0,0.8,0.2282183251,0.1870153148,0.2282183251,0.1870153148
10,5000,0.9,75,30000,23,1.6,2.0,0.8,-2.2313244947,-0.5449625723,2.8473008069,2.0685485404
18,5000,0.9,75,30000,23,1.6,2.0,0.8,-4.1324932437,-1.5973537647,4.9366602061,3.1072377349
26,5000,0.9,75,30000,23,1.6,2.0,0.8,-5.558309313,-2.7144419602,7.187108219,4.1113713116
0,5000,0.9,75,37000,23,1.6,2.0,0.8,0.2295821657,0.1880727905,0.2295821657,0.1880727905
10,5000,0.9,75,37000,23,1.6,2.0,0.8,-2.2324324025,-0.5402700818,2.845991657,2.0735910753
18,5000,0.9,75,37000,23,1.6,2.0,0.8,-4.1315872005,-1.5929921835,4.9391014855,3.1134322702
26,5000,0.9,75,37000,23,1.6,2.0,0.8,-5.5597843588,-2.716328505,7.1941825162,4.1174115502
0,5000,1.1,25,30000,23,1.6,2.0,0.8,0.1404027943,0.1117999821,0.1404027943,0.1117999821
10,5000,1.1,25,30000,23,1.6,2.0,0.8,-2.0260346307,-0.3623674718,3.4025604794,2.4126879567
18,5000,1.1,25,30000,23,1.6,2.0,0.8,-3.8873562153,-1.5052494303,5.449461701,3.3850880369
26,5000,1.1,25,30000,23,1.6,2.0,0.8,-5.5392296811,-2.6293482606,7.6810790429,4.3777544346
0,5000,1.1,25,37000,23,1.6,2.0,0.8,0.140535349,0.1119119943,0.140535349,0.1119119943
10,5000,1.1,25,37000,23,1.6,2.0,0.8,-2.0114410509,-0.360035307,3.4247223585,2.4177179498
18,5000,1.1,25,37000,23,1.6,2.0,0.8,-3.8818064528,-1.5034108003,5.4638818554,3.3910847368
26,5000,1.1,25,37000,23,1.6,2.0,0.8,-5.5359573369,-2.6280903594,7.6934889151,4.3828807404
0,5000,1.1,75,30000,23,1.6,2.0,0.8,0.1426565994,0.1151536092,0.1426565994,0.1151536092
10,5000,1.1,75,30000,23,1.6,2.0,0.8,-2.4419234568,-0.3154473299,2.7001976795,2.4731007072
18,5000,1.1,75,30000,23,1.6,2.0,0.8,-4.3627071197,-1.4523423003,4.6883052649,3.4609217755
26,5000,1.1,75,30000,23,1.6,2.0,0.8,-5.809805121,-2.5736995048,7.0387686618,4.4156946669
0,5000,1.1,75,37000,23,1.6,2.0,0.8,0.1087352111,0.0851210586,0.1087352111,0.0851210586
10,5000,1.1,75,37000,23,1.6,2.0,0.8,-2.325778455,-0.4066849799,1.9891473789,2.476119631
18,5000,1.1,75,37000,23,1.6,2.0,0.8,-4.2168341049,-1.4784868226,4.2257742078,3.4642700605
26,5000,1.1,75,37000,23,1.6,2.0,0.8,-5.8022492745,-2.6073264993,6.6477062053,4.4246401965
0,2000,0.9,25,30000,23,1.6,2.0,1.2,0.2366197805,0.1922621107,0.2366197805,0.1922621107
10,2000,0.9,25,30000,23,1.6,2.0,1.2,-0.794223842,-0.0787754703,1.3788475851,0.9709399766
18,2000,0.9,25,30000,23,1.6,2.0,1.2,-1.5690477395,-0.5076951145,2.1599885749,1.3997206949
26,2000,0.9,25,30000,23,1.6,2.0,1.2,-2.3226381746,-1.0123985668,2.9269737321,1.8210070442
0,2000,0.9,25,37000,23,1.6,2.0,1.2,0.2363764618,0.192037764,0.2363764618,0.192037764
10,2000,0.9,25,37000,23,1.6,2.0,1.2,-0.7926744391,-0.0779282302,1.3808479837,0.9716883433
18,2000,0.9,25,37000,23,1.6,2.0,1.2,-1.5673236403,-0.5069036277,2.162302454,1.4006242564
26,2000,0.9,25,37000,23,1.6,2.0,1.2,-2.3265397198,-1.0129659462,2.9248889974,1.8212924034
0,2000,0.9,75,30000,23,1.6,2.0,1.2,0.185523897,0.150492001,0.185523897,0.150492001
10,2000,0.9,75,30000,23,1.6,2.0,1.2,-1.438133941,-0.0485088422,0.4719521383,1.0822253425
18,2000,0.9,75,30000,23,1.6,2.0,1.2,-2.1526072444,-0.4804357719,1.3142912892,1.5014106716
26,2000,0.9,75,30000,23,1.6,2.0,1.2,-2.8559999301,-0.9298494766,2.1686939974,1.9164279469
0,2000,0.9,75,37000,23,1.6,2.0,1.2,0.1858702736,0.1507836418,0.1858702736,0.1507836418
10,2000,0.9,75,37000,23,1.6,2.0,1.2,-1.4737634169,-0.0393360228,0.4127779387,1.0984849356
18,2000,0.9,75,37000,23,1.6,2.0,1.2,-2.1760637025,-0.4725170491,1.2709125709,1.5162361049
26,2000,0.9,75,37000,23,1.6,2.0,1.2,-2.8861507653,-0.9540439598,2.1058835095,1.9230238367
0,2000,1.1,25,30000,23,1.6,2.0,1.2,0.1646341951,0.1289986072,0.1646341951,0.1289986072
10,2000,1.1,25,30000,23,1.6,2.0,1.2,-1.1422707402,0.0151301444,1.4873630141,1.1466369193
18,2000,1.1,25,30000,23,1.6,2.0,1.2,-1.8615759662,-0.4317320252,2.2703899027,1.5587786042
26,2000,1.1,25,30000,23,1.6,2.0,1.2,-2.5718819696,-0.9046384104,3.0531056239,1.9632696532
0,2000,1.1,25,37000,23,1.6,2.0,1.2,0.1668458311,0.1308473908,0.1668458311,0.1308473908
10,2000,1.1,25,37000,23,1.6,2.0,1.2,-1.2155593602,0.0169241473,1.4089846009,1.176711679
18,2000,1.1,25,37000,23,1.6,2.0,1.2,-1.9275498825,-0.42963909,2.2040870488,1.586792126
26,2000,1.1,25,37000,23,1.6,2.0,1.2,-2.6374540953,-0.8864795035,3.001334262,1.9944548273
0,2000,1.1,75,30000,23,1.6,2.0,1.2,0.1245586244,0.0964156788,0.1245586244,0.0964156788
10,2000,1.1,75,30000,23,1.6,2.0,1.2,-0.609154044,-0.1713075595,1.5063008129,0.8656910085
18,2000,1.1,75,30000,23,1.6,2.0,1.2,-1.4397826722,-0.6133120272,2.2397880074,1.293017362
26,2000,1.1,75,30000,23,1.6,2.0,1.2,-2.5600493269,-1.0025056523,2.7903569292,1.7484994283
0,2000,1.1,75,37000,23,1.6,2.0,1.2,0.124813326,0.0966299165,0.124813326,0.0966299165
10,2000,1.1,75,37000,23,1.6,2.0,1.2,-0.6171977806,-0.1692899721,1.505989955,0.8674842967
18,2000,1.1,75,37000,23,1.6,2.0,1.2,-1.3967719293,-0.5996194697,2.2776383783,1.2941192449
26,2000,1.1,75,37000,23,1.6,2.0,1.2,-2.5431760729,-1.0152902346,2.8011842082,1.7472376697
0,5000,0.9,25,30000,23,1.6,2.0,1.2,0.2366197805,0.1922621107,0.2366197805,0.1922621107
10,5000,0.9,25,30000,23,1.6,2.0,1.2,-1.9710143588,-0.6166669495,2.9160868294,2.1013166183
18,5000,0.9,25,30000,23,1.6,2.0,1.2,-3.8238172714,-1.6971375753,5.0325823092,3.1933759443
26,5000,0.9,25,30000,23,1.6,2.0,1.2,-5.3608519417,-2.7948716596,7.2972055042,4.2694381654
0,5000,0.9,25,37000,23,1.6,2.0,1.2,0.2363764618,0.192037764,0.2363764618,0.192037764
10,5000,0.9,25,37000,23,1.6,2.0,1.2,-1.9676552167,-0.6159239458,2.9187586386,2.1033068792
18,5000,0.9,25,37000,23,1.6,2.0,1.2,-3.822343783,-1.6964253414,5.0357320358,3.1961486997
26,5000,0.9,25,37000,23,1.6,2.0,1.2,-5.3600325267,-2.792867019,7.3038400971,4.2738138148
0,5000,0.9,75,30000,23,1.6,2.0,1.2,0.185523897,0.150492001,0.185523897,0.150492001
10,5000,0.9,75,30000,23,1.6,2.0,1.2,-2.2548695649,-0.5834710023,2.5632498073,2.1489564526
18,5000,0.9,75,30000,23,1.6,2.0,1.2,-4.0718807317,-1.7406222601,4.6102308878,3.1799420739
26,5000,0.9,75,30000,23,1.6,2.0,1.2,-5.5208375102,-2.7804974143,6.7275012387,4.2591982981
0,5000,0.9,75,37000,23,1.6,2.0,1.2,0.1858702736,0.1507836418,0.1858702726,0.1507836418
10,5000,0.9,75,37000,23,1.6,2.0,1.2,-2.3128700264,-0.5718360913,2.4740651523,2.1792801001
18,5000,0.9,75,37000,23,1.6,2.0,1.2,-4.105670466,-1.7180344593,4.5628852296,3.2107948952
26,5000,0.9,75,37000,23,1.6,2.0,1.2,-5.5357010587,-2.7779089925,6.6989555081,4.2811683212
0,5000,1.1,25,30000,23,1.6,2.0,1.2,0.1646341951,0.1289986072,0.1646341951,0.1289986072
10,5000,1.1,25,30000,23,1.6,2.0,1.2,-1.8297781635,-0.4126270399,3.5899292649,2.4623794587
18,5000,1.1,25,30000,23,1.6,2.0,1.2,-3.7849819014,-1.5838492907,5.4349126659,3.4708443116
26,5000,1.1,25,30000,23,1.6,2.0,1.2,-5.4423306499,-2.73097556,7.5315492909,4.4818879553
0,5000,1.1,25,37000,23,1.6,2.0,1.2,0.1668458311,0.1308473908,0.1668458311,0.1308473908
10,5000,1.1,25,37000,23,1.6,2.0,1.2,-1.8894829873,-0.4172508695,3.5509345508,2.4253841966
18,5000,1.1,25,37000,23,1.6,2.0,1.2,-3.8026337282,-1.584293579,5.4390578733,3.4437585242
26,5000,1.1,25,37000,23,1.6,2.0,1.2,-5.4535201345,-2.7115112733,7.5540013538,4.4734772554
0,5000,1.1,75,30000,23,1.6,2.0,1.2,0.1245586244,0.0964156788,0.1245586244,0.0964156788
10,5000,1.1,75,30000,23,1.6,2.0,1.2,-2.5579391457,-0.4857143441,1.7554544457,2.4113439274
18,5000,1.1,75,30000,23,1.6,2.0,1.2,-4.3041633199,-1.5869693038,4.0381286857,3.4254098056
26,5000,1.1,75,30000,23,1.6,2.0,1.2,-5.8438837102,-2.7266069258,6.3782441939,4.4368351761
0,5000,1.1,75,37000,23,1.6,2.0,1.2,0.124813326,0.0966299165,0.124813326,0.0966299165
10,5000,1.1,75,37000,23,1.6,2.0,1.2,-2.6516303684,-0.4797488443,1.8026395606,2.3455923704
18,5000,1.1,75,37000,23,1.6,2.0,1.2,-4.2676333678,-1.5952292684,4.3300207377,3.3363568072
26,5000,1.1,75,37000,23,1.6,2.0,1.2,-5.8155053265,-2.7201194522,6.6314970061,4.368781459
0,2000,0.9,25,30000,23,1.6,2.0,1.6,0.2516507555,0.2017041831,0.2516507555,0.2017041831
10,2000,0.9,25,30000,23,1.6,2.0,1.6,-0.7780925358,-0.0926376196,1.3759542971,0.9906627726
18,2000,0.9,25,30000,23,1.6,2.0,1.6,-1.5452446538,-0.5372976927,2.172709344,1.4374663806
26,2000,0.9,25,30000,23,1.6,2.0,1.6,-2.3521349684,-1.0745034438,2.9053638705,1.8746840161
0,2000,0.9,25,37000,23,1.6,2.0,1.6,0.2519169155,0.2018953982,0.2519169155,0.2018953982
10,2000,0.9,25,37000,23,1.6,2.0,1.6,-0.7741680859,-0.092580948,1.3815599027,0.9909624846
18,2000,0.9,25,37000,23,1.6,2.0,1.6,-1.5412295045,-0.5371988726,2.1785048191,1.4380733204
26,2000,0.9,25,37000,23,1.6,2.0,1.6,-2.352116138,-1.0741458342,2.9082881046,1.8759489746
0,2000,0.9,75,30000,23,1.6,2.0,1.6,0.2352293715,0.1884130966,0.2352293715,0.1884130966
10,2000,0.9,75,30000,23,1.6,2.0,1.6,-1.3447310573,-0.0612086192,0.6442110419,1.0727812458
18,2000,0.9,75,30000,23,1.6,2.0,1.6,-2.0626074893,-0.5089661223,1.4964564107,1.5082166863
26,2000,0.9,75,30000,23,1.6,2.0,1.6,-2.798422652,-1.0442405794,2.2958184105,1.9260888897
0,2000,0.9,75,37000,23,1.6,2.0,1.6,0.2354189963,0.1885630349,0.2354189963,0.1885630349
10,2000,0.9,75,37000,23,1.6,2.0,1.6,-1.2547146213,-0.0678891364,0.794220696,1.0568187537
18,2000,0.9,75,37000,23,1.6,2.0,1.6,-1.9854441547,-0.5145101804,1.6377973772,1.4918699857
26,2000,0.9,75,37000,23,1.6,2.0,1.6,-2.7273351255,-1.0254649155,2.4382342055,1.9174368909
0,2000,1.1,25,30000,23,1.6,2.0,1.6,0.1692066629,0.1299673151,0.1692066629,0.1299673151
10,2000,1.1,25,30000,23,1.6,2.0,1.6,-1.2268847633,0.0181562757,1.4295650541,1.2294292693
18,2000,1.1,25,30000,23,1.6,2.0,1.6,-1.9501042477,-0.4446073246,2.2283304387,1.6538179561
26,2000,1.1,25,30000,23,1.6,2.0,1.6,-2.6463402466,-0.9484109357,3.0314652544,2.0615931689
0,2000,1.1,25,37000,23,1.6,2.0,1.6,0.1726383947,0.1326952793,0.1726383947,0.1326952793
10,2000,1.1,25,37000,23,1.6,2.0,1.6,-1.2357793533,0.0238976114,1.420577884,1.2423281327
18,2000,1.1,25,37000,23,1.6,2.0,1.6,-1.9596762373,-0.4389871487,2.2204109227,1.666308453
26,2000,1.1,25,37000,23,1.6,2.0,1.6,-2.6583117284,-0.9403237118,3.0257032493,2.0746710461
0,2000,1.1,75,30000,23,1.6,2.0,1.6,0.1428444658,0.1086843417,0.1428444658,0.1086843417
10,2000,1.1,75,30000,23,1.6,2.0,1.6,-0.3784741713,-0.2135311664,1.6597888824,0.880138041
18,2000,1.1,75,30000,23,1.6,2.0,1.6,-1.4742312947,-0.621035139,2.2590886544,1.3409312445
26,2000,1.1,75,30000,23,1.6,2.0,1.6,-2.5235073497,-1.0878489005,2.8433834902,1.7922068428
0,2000,1.1,75,37000,23,1.6,2.0,1.6,0.1431456043,0.1089350509,0.1431456043,0.1089350509
10,2000,1.1,75,37000,23,1.6,2.0,1.6,-0.3851369838,-0.2121064952,1.6549643366,0.8813881853
18,2000,1.1,75,37000,23,1.6,2.0,1.6,-1.4767307159,-0.6200651952,2.2568887664,1.3423056945
26,2000,1.1,75,37000,23,1.6,2.0,1.6,-2.5230506778,-1.0876806185,2.8434665261,1.7937139665
0,5000,0.9,25,30000,23,1.6,2.0,1.6,0.2516507555,0.2017041831,0.2516507555,0.2017041831
10,5000,0.9,25,30000,23,1.6,2.0,1.6,-2.0446837631,-0.6719208596,2.9110569339,2.1410082583
18,5000,0.9,25,30000,23,1.6,2.0,1.6,-3.9035629022,-1.7883671898,5.0435691004,3.2746539279
26,5000,0.9,25,30000,23,1.6,2.0,1.6,-5.4712016714,-2.922042202,7.314859273,4.3976298985
0,5000,0.9,25,37000,23,1.6,2.0,1.6,0.2519169155,0.2018953982,0.2519169155,0.2018953982
10,5000,0.9,25,37000,23,1.6,2.0,1.6,-2.04426563,-0.6699295093,2.9107659086,2.1434981725
18,5000,0.9,25,37000,23,1.6,2.0,1.6,-3.9030902851,-1.7866782877,5.0457196126,3.2778685321
26,5000,0.9,25,37000,23,1.6,2.0,1.6,-5.472093059,-2.9218841499,7.3206947794,4.4015691908
0,5000,0.9,75,30000,23,1.6,2.0,1.6,0.2352293715,0.1884130966,0.2352293715,0.1884130966
10,5000,0.9,75,30000,23,1.6,2.0,1.6,-2.2999766102,-0.6633234619,2.7447402173,2.1038917544
18,5000,0.9,75,30000,23,1.6,2.0,1.6,-4.2084085928,-1.7736040548,4.7538540963,3.2135090012
26,5000,0.9,75,30000,23,1.6,2.0,1.6,-5.7090652034,-2.9685737466,6.8854297436,4.3079436069
0,5000,0.9,75,37000,23,1.6,2.0,1.6,0.2354189963,0.1885630349,0.2354189963,0.1885630349
10,5000,0.9,75,37000,23,1.6,2.0,1.6,-2.2999431643,-0.6624160276,2.7463325937,2.1062381523
18,5000,0.9,75,37000,23,1.6,2.0,1.6,-4.2099377357,-1.7725056043,4.7558766636,3.2169492261
26,5000,0.9,75,37000,23,1.6,2.0,1.6,-5.7151079393,-2.9670503498,6.9002498971,4.3142923827
0,5000,1.1,25,30000,23,1.6,2.0,1.6,0.1692066629,0.1299673151,0.1692066629,0.1299673151
10,5000,1.1,25,30000,23,1.6,2.0,1.6,-2.1389526503,-0.6421830054,2.9079055797,2.16314762
18,5000,1.1,25,30000,23,1.6,2.0,1.6,-3.9540790532,-1.7762997546,5.0492108816,3.2877803364
26,5000,1.1,25,30000,23,1.6,2.0,1.6,-5.479211779,-2.9355659519,7.2910430254,4.4159187053
0,5000,1.1,25,37000,23,1.6,2.0,1.6,0.1726383947,0.1326952793,0.1726383947,0.1326952793
10,5000,1.1,25,37000,23,1.6,2.0,1.6,-1.8567332584,-0.5346713637,3.46051365,2.4100783098
18,5000,1.1,25,37000,23,1.6,2.0,1.6,-3.8455313081,-1.7431800676,5.3116163458,3.4730350071
26,5000,1.1,25,37000,23,1.6,2.0,1.6,-5.5492114042,-2.8818336987,7.4478102889,4.5516499131
0,5000,1.1,75,30000,23,1.6,2.0,1.6,0.1428444658,0.1086843417,0.1428444658,0.1086843417
10,5000,1.1,75,30000,23,1.6,2.0,1.6,-2.7972512182,-0.5647780301,1.6333586416,2.3879520697
18,5000,1.1,75,30000,23,1.6,2.0,1.6,-4.4342120121,-1.7087547198,4.1612546619,3.4238421353
26,5000,1.1,75,30000,23,1.6,2.0,1.6,-6.0274120269,-2.8661074116,6.4710465412,4.4992623712
0,5000,1.1,75,37000,23,1.6,2.0,1.6,0.1431456043,0.1089350509,0.1431456043,0.1089350509
10,5000,1.1,75,37000,23,1.6,2.0,1.6,-2.671361763,-0.5618491376,1.7027522068,2.4655055735
18,5000,1.1,75,37000,23,1.6,2.0,1.6,-4.4082984676,-1.6965143131,4.021527089,3.5226140814
26,5000,1.1,75,37000,23,1.6,2.0,1.6,-6.0230942852,-2.8594813655,6.345366962,4.5852266382
